Date,Day_of_Week,Is_Weekend,Season,Weather_Type,Special_Occasion,Holiday,Total_Customers,LPG_Usage_kg,Dosa_Sold,Idly_Sold,Vada_Sold,Puri_Sold
2020-01-01,Wednesday,0,Winter,Cold,Local Event,0,262,5.61,61,67,60,74
2020-01-02,Thursday,0,Winter,Cold,No Occasion,0,316,7.05,94,77,74,71
2020-01-03,Friday,0,Winter,Cold,No Occasion,0,281,6.71,60,107,18,96
2020-01-04,Saturday,1,Winter,Cold,Festival,1,760,17.67,184,137,165,274
2020-01-05,Sunday,1,Winter,Sunny,No Occasion,0,495,14.39,135,104,91,165
2020-01-06,Monday,0,Winter,Cold,No Occasion,0,257,5.97,70,68,49,70
2020-01-07,Tuesday,0,Winter,Cold,No Occasion,0,366,9.89,71,90,80,125
2020-01-08,Wednesday,0,Winter,Cold,Local Event,0,280,7.37,44,69,48,119
2020-01-09,Thursday,0,Winter,Foggy,No Occasion,0,378,10.65,121,96,58,103
2020-01-10,Friday,0,Winter,Foggy,No Occasion,0,211,4.43,41,63,67,40
2020-01-11,Saturday,1,Winter,Sunny,No Occasion,0,433,12.1,174,120,55,84
2020-01-12,Sunday,1,Winter,Foggy,No Occasion,0,355,8.82,155,87,40,73
2020-01-13,Monday,0,Winter,Cold,No Occasion,0,289,5.88,82,74,29,104
2020-01-14,Tuesday,0,Winter,Foggy,No Occasion,0,278,6.31,74,97,60,47
2020-01-15,Wednesday,0,Winter,Foggy,No Occasion,1,518,10.98,129,80,87,222
2020-01-16,Thursday,0,Winter,Cold,No Occasion,0,360,9.45,117,100,37,106
2020-01-17,Friday,0,Winter,Foggy,Festival,1,449,9.43,106,114,107,122
2020-01-18,Saturday,1,Winter,Cold,No Occasion,0,463,13.23,178,81,76,128
2020-01-19,Sunday,1,Winter,Foggy,No Occasion,0,407,11.32,202,47,58,100
2020-01-20,Monday,0,Winter,Cold,Local Event,0,367,10.96,129,80,48,110
2020-01-21,Tuesday,0,Winter,Cold,No Occasion,0,298,7.89,54,77,72,95
2020-01-22,Wednesday,0,Winter,Sunny,No Occasion,0,357,7.73,116,53,108,80
2020-01-23,Thursday,0,Winter,Cold,No Occasion,0,329,9.26,90,106,39,94
2020-01-24,Friday,0,Winter,Sunny,No Occasion,0,313,8.04,122,37,60,94
2020-01-25,Saturday,1,Winter,Cold,No Occasion,0,389,11.2,139,70,69,111
2020-01-26,Sunday,1,Winter,Sunny,No Occasion,0,401,11.25,60,110,97,134
2020-01-27,Monday,0,Winter,Rainy,No Occasion,0,250,6.55,112,85,50,3
2020-01-28,Tuesday,0,Winter,Cold,No Occasion,0,422,12.55,50,156,28,188
2020-01-29,Wednesday,0,Winter,Foggy,No Occasion,0,308,7.3,82,85,32,109
2020-01-30,Thursday,0,Winter,Foggy,No Occasion,0,348,9.89,136,68,61,83
2020-01-31,Friday,0,Winter,Cold,No Occasion,0,312,9.32,88,62,68,94
2020-02-01,Saturday,1,Winter,Foggy,No Occasion,0,387,10.59,127,69,116,75
2020-02-02,Sunday,1,Winter,Foggy,No Occasion,0,342,8.03,124,89,84,45
2020-02-03,Monday,0,Winter,Rainy,Festival,0,461,12.51,122,116,99,124
2020-02-04,Tuesday,0,Winter,Sunny,No Occasion,0,264,5.68,62,53,56,93
2020-02-05,Wednesday,0,Winter,Cold,No Occasion,0,337,6.78,85,112,46,94
2020-02-06,Thursday,0,Winter,Foggy,No Occasion,0,216,5.73,63,27,49,77
2020-02-07,Friday,0,Winter,Sunny,No Occasion,0,306,6.29,79,89,50,88
2020-02-08,Saturday,1,Winter,Cold,Festival,1,569,14.31,58,103,161,247
2020-02-09,Sunday,1,Winter,Rainy,No Occasion,0,307,7.53,144,78,55,30
2020-02-10,Monday,0,Winter,Foggy,No Occasion,0,297,6.0,77,64,66,90
2020-02-11,Tuesday,0,Winter,Cold,No Occasion,0,306,8.37,118,61,51,76
2020-02-12,Wednesday,0,Winter,Sunny,No Occasion,0,305,8.99,88,69,81,67
2020-02-13,Thursday,0,Winter,Sunny,No Occasion,0,326,8.77,114,88,76,48
2020-02-14,Friday,0,Winter,Sunny,Festival,1,563,15.6,94,157,134,178
2020-02-15,Saturday,1,Winter,Foggy,No Occasion,0,339,7.51,138,65,63,73
2020-02-16,Sunday,1,Winter,Cold,No Occasion,0,455,9.12,163,46,97,149
2020-02-17,Monday,0,Winter,Cold,No Occasion,0,244,7.18,53,52,55,84
2020-02-18,Tuesday,0,Winter,Cold,No Occasion,0,299,6.21,73,64,52,110
2020-02-19,Wednesday,0,Winter,Sunny,No Occasion,0,354,7.08,116,83,87,68
2020-02-20,Thursday,0,Winter,Cold,No Occasion,0,356,7.18,107,118,51,80
2020-02-21,Friday,0,Winter,Rainy,No Occasion,0,337,7.33,100,97,56,84
2020-02-22,Saturday,1,Winter,Cold,No Occasion,0,371,10.97,116,56,87,112
2020-02-23,Sunday,1,Winter,Sunny,Festival,1,354,9.1,66,51,102,135
2020-02-24,Monday,0,Winter,Sunny,No Occasion,0,289,6.75,73,95,63,58
2020-02-25,Tuesday,0,Winter,Sunny,No Occasion,0,347,10.28,96,102,93,56
2020-02-26,Wednesday,0,Winter,Cold,No Occasion,0,276,7.61,86,52,52,86
2020-02-27,Thursday,0,Winter,Cold,No Occasion,0,333,9.69,83,88,60,102
2020-02-28,Friday,0,Winter,Sunny,Local Event,0,284,6.97,74,57,72,81
2020-02-29,Saturday,1,Winter,Foggy,No Occasion,0,326,8.0,103,75,57,91
2020-03-01,Sunday,1,Summer,Sunny,No Occasion,0,427,10.04,158,129,107,33
2020-03-02,Monday,0,Summer,Sunny,No Occasion,0,350,9.74,113,106,77,54
2020-03-03,Tuesday,0,Summer,Sunny,No Occasion,0,243,4.93,53,77,58,55
2020-03-04,Wednesday,0,Summer,Sunny,No Occasion,0,255,5.44,49,75,29,102
2020-03-05,Thursday,0,Summer,Cloudy,Festival,1,499,11.6,106,115,96,182
2020-03-06,Friday,0,Summer,Cloudy,No Occasion,0,210,4.73,83,88,17,22
2020-03-07,Saturday,1,Summer,Sunny,No Occasion,0,401,8.38,154,96,104,47
2020-03-08,Sunday,1,Summer,Sunny,No Occasion,0,389,8.57,124,114,72,79
2020-03-09,Monday,0,Summer,Cloudy,Local Event,1,397,8.36,94,139,55,109
2020-03-10,Tuesday,0,Summer,Cloudy,Local Event,1,494,13.92,159,111,90,134
2020-03-11,Wednesday,0,Summer,Sunny,No Occasion,1,381,9.14,189,99,49,44
2020-03-12,Thursday,0,Summer,Sunny,No Occasion,0,317,8.05,88,108,70,51
2020-03-13,Friday,0,Summer,Sunny,No Occasion,0,296,7.79,82,123,35,56
2020-03-14,Saturday,1,Summer,Rainy,No Occasion,0,258,6.77,64,139,46,9
2020-03-15,Sunday,1,Summer,Sunny,No Occasion,0,534,14.29,148,186,120,80
2020-03-16,Monday,0,Summer,Sunny,No Occasion,0,253,6.37,58,107,40,48
2020-03-17,Tuesday,0,Summer,Sunny,Festival,1,512,12.55,99,164,60,189
2020-03-18,Wednesday,0,Summer,Cloudy,No Occasion,0,264,6.08,55,85,74,50
2020-03-19,Thursday,0,Summer,Sunny,No Occasion,0,307,6.79,102,78,48,79
2020-03-20,Friday,0,Summer,Cloudy,No Occasion,1,477,11.95,114,120,54,189
2020-03-21,Saturday,1,Summer,Sunny,No Occasion,0,497,13.02,166,129,124,78
2020-03-22,Sunday,1,Summer,Sunny,No Occasion,0,412,9.04,116,136,101,59
2020-03-23,Monday,0,Summer,Sunny,No Occasion,0,328,7.78,71,109,110,38
2020-03-24,Tuesday,0,Summer,Sunny,No Occasion,0,383,10.3,91,131,110,51
2020-03-25,Wednesday,0,Summer,Sunny,No Occasion,0,331,9.09,67,131,98,35
2020-03-26,Thursday,0,Summer,Cloudy,Festival,1,424,8.83,77,143,88,116
2020-03-27,Friday,0,Summer,Rainy,No Occasion,0,255,5.38,58,137,54,6
2020-03-28,Saturday,1,Summer,Sunny,No Occasion,0,409,10.41,110,101,98,100
2020-03-29,Sunday,1,Summer,Cloudy,No Occasion,0,365,8.81,134,107,82,42
2020-03-30,Monday,0,Summer,Cloudy,No Occasion,0,394,11.03,132,112,70,80
2020-03-31,Tuesday,0,Summer,Sunny,No Occasion,0,350,9.53,105,121,76,48
2020-04-01,Wednesday,0,Summer,Cloudy,No Occasion,0,322,9.1,48,128,52,94
2020-04-02,Thursday,0,Summer,Sunny,No Occasion,0,374,9.34,126,69,99,80
2020-04-03,Friday,0,Summer,Sunny,No Occasion,0,355,8.16,167,60,45,83
2020-04-04,Saturday,1,Summer,Rainy,No Occasion,0,258,5.5,61,112,72,13
2020-04-05,Sunday,1,Summer,Sunny,Local Event,0,472,9.6,137,125,139,71
2020-04-06,Monday,0,Summer,Sunny,Festival,1,541,11.64,143,96,113,189
2020-04-07,Tuesday,0,Summer,Sunny,No Occasion,0,244,6.95,55,92,54,43
2020-04-08,Wednesday,0,Summer,Cloudy,No Occasion,0,348,8.91,130,93,72,53
2020-04-09,Thursday,0,Summer,Cloudy,No Occasion,0,292,7.53,70,151,43,28
2020-04-10,Friday,0,Summer,Cloudy,No Occasion,0,270,7.38,113,66,73,18
2020-04-11,Saturday,1,Summer,Cloudy,No Occasion,0,485,10.61,142,151,127,65
2020-04-12,Sunday,1,Summer,Cloudy,Festival,1,692,18.35,226,152,102,212
2020-04-13,Monday,0,Summer,Cloudy,No Occasion,0,372,8.48,110,120,97,45
2020-04-14,Tuesday,0,Summer,Cloudy,No Occasion,0,269,6.4,79,55,82,53
2020-04-15,Wednesday,0,Summer,Sunny,No Occasion,0,285,6.04,82,123,51,29
2020-04-16,Thursday,0,Summer,Sunny,No Occasion,0,393,10.11,94,135,114,50
2020-04-17,Friday,0,Summer,Cloudy,No Occasion,0,340,8.97,92,100,67,81
2020-04-18,Saturday,1,Summer,Cloudy,No Occasion,0,432,10.69,101,154,93,84
2020-04-19,Sunday,1,Summer,Sunny,No Occasion,0,445,11.16,121,89,99,136
2020-04-20,Monday,0,Summer,Cloudy,No Occasion,0,370,9.86,73,132,75,90
2020-04-21,Tuesday,0,Summer,Cloudy,No Occasion,0,298,6.47,63,127,76,32
2020-04-22,Wednesday,0,Summer,Cloudy,No Occasion,0,292,8.17,74,161,49,8
2020-04-23,Thursday,0,Summer,Cloudy,Festival,0,475,11.14,132,75,177,91
2020-04-24,Friday,0,Summer,Sunny,No Occasion,0,349,7.71,97,123,75,54
2020-04-25,Saturday,1,Summer,Rainy,No Occasion,0,304,6.54,116,140,40,8
2020-04-26,Sunday,1,Summer,Sunny,Local Event,0,502,12.78,133,171,121,77
2020-04-27,Monday,0,Summer,Sunny,No Occasion,0,390,10.57,88,130,95,77
2020-04-28,Tuesday,0,Summer,Rainy,No Occasion,0,279,6.42,71,148,44,16
2020-04-29,Wednesday,0,Summer,Sunny,No Occasion,0,390,7.92,137,85,96,72
2020-04-30,Thursday,0,Summer,Rainy,No Occasion,0,294,7.74,91,121,70,12
2020-05-01,Friday,0,Summer,Sunny,No Occasion,0,407,10.71,125,131,67,84
2020-05-02,Saturday,1,Summer,Sunny,No Occasion,1,512,13.23,160,138,125,89
2020-05-03,Sunday,1,Summer,Cloudy,No Occasion,0,349,8.04,135,82,70,62
2020-05-04,Monday,0,Summer,Sunny,No Occasion,0,285,5.88,135,53,47,50
2020-05-05,Tuesday,0,Summer,Cloudy,No Occasion,0,341,7.22,74,117,78,72
2020-05-06,Wednesday,0,Summer,Sunny,No Occasion,0,343,8.49,113,131,56,43
2020-05-07,Thursday,0,Summer,Sunny,No Occasion,0,329,7.03,119,89,51,70
2020-05-08,Friday,0,Summer,Cloudy,No Occasion,0,249,5.82,94,76,52,27
2020-05-09,Saturday,1,Summer,Sunny,No Occasion,0,462,12.97,194,127,94,47
2020-05-10,Sunday,1,Summer,Sunny,No Occasion,1,523,10.76,134,185,147,57
2020-05-11,Monday,0,Summer,Rainy,Local Event,0,257,6.77,90,113,40,14
2020-05-12,Tuesday,0,Summer,Sunny,No Occasion,0,293,8.64,86,89,70,48
2020-05-13,Wednesday,0,Summer,Rainy,No Occasion,0,266,7.01,62,82,85,37
2020-05-14,Thursday,0,Summer,Sunny,No Occasion,0,312,7.73,78,95,70,69
2020-05-15,Friday,0,Summer,Cloudy,No Occasion,0,289,7.27,85,93,58,53
2020-05-16,Saturday,1,Summer,Cloudy,No Occasion,0,518,15.41,121,224,111,62
2020-05-17,Sunday,1,Summer,Sunny,Festival,1,657,16.27,148,144,153,212
2020-05-18,Monday,0,Summer,Sunny,No Occasion,0,312,8.65,83,124,73,32
2020-05-19,Tuesday,0,Summer,Sunny,Festival,1,627,12.87,171,82,178,196
2020-05-20,Wednesday,0,Summer,Sunny,No Occasion,0,361,9.94,110,118,85,48
2020-05-21,Thursday,0,Summer,Sunny,No Occasion,0,247,5.24,42,88,52,65
2020-05-22,Friday,0,Summer,Sunny,Festival,1,616,18.3,125,122,167,202
2020-05-23,Saturday,1,Summer,Sunny,No Occasion,0,427,12.23,171,124,81,51
2020-05-24,Sunday,1,Summer,Sunny,No Occasion,0,491,11.55,158,151,68,114
2020-05-25,Monday,0,Summer,Cloudy,No Occasion,0,334,9.29,73,143,60,58
2020-05-26,Tuesday,0,Summer,Cloudy,No Occasion,0,257,5.83,56,69,55,77
2020-05-27,Wednesday,0,Summer,Sunny,No Occasion,0,269,5.39,66,64,43,96
2020-05-28,Thursday,0,Summer,Sunny,No Occasion,0,295,6.46,92,114,58,31
2020-05-29,Friday,0,Summer,Cloudy,Local Event,1,519,14.09,115,149,103,152
2020-05-30,Saturday,1,Summer,Sunny,No Occasion,0,377,10.34,106,108,68,95
2020-05-31,Sunday,1,Summer,Cloudy,No Occasion,0,426,11.86,120,129,82,95
2020-06-01,Monday,0,Monsoon,Heavy Rain,No Occasion,0,186,5.34,51,56,41,38
2020-06-02,Tuesday,0,Monsoon,Cloudy,No Occasion,0,287,5.78,80,120,52,35
2020-06-03,Wednesday,0,Monsoon,Rainy,No Occasion,0,280,5.93,80,109,77,14
2020-06-04,Thursday,0,Monsoon,Rainy,No Occasion,0,266,6.77,99,82,60,25
2020-06-05,Friday,0,Monsoon,Heavy Rain,No Occasion,0,171,3.8,68,63,33,7
2020-06-06,Saturday,1,Monsoon,Cloudy,Festival,1,682,15.06,201,54,208,219
2020-06-07,Sunday,1,Monsoon,Rainy,No Occasion,0,409,9.69,155,138,77,39
2020-06-08,Monday,0,Monsoon,Heavy Rain,No Occasion,0,267,7.0,95,93,50,29
2020-06-09,Tuesday,0,Monsoon,Cloudy,No Occasion,0,293,8.52,85,100,67,41
2020-06-10,Wednesday,0,Monsoon,Heavy Rain,No Occasion,1,151,4.26,37,30,32,52
2020-06-11,Thursday,0,Monsoon,Heavy Rain,Local Event,0,162,4.45,50,47,31,34
2020-06-12,Friday,0,Monsoon,Cloudy,No Occasion,0,269,5.42,115,90,25,39
2020-06-13,Saturday,1,Monsoon,Cloudy,No Occasion,0,449,9.93,119,99,127,104
2020-06-14,Sunday,1,Monsoon,Sunny,Local Event,0,458,12.07,156,153,95,54
2020-06-15,Monday,0,Monsoon,Heavy Rain,No Occasion,0,212,5.5,76,86,45,5
2020-06-16,Tuesday,0,Monsoon,Rainy,No Occasion,0,315,8.26,128,97,34,56
2020-06-17,Wednesday,0,Monsoon,Sunny,No Occasion,0,343,9.6,118,88,70,67
2020-06-18,Thursday,0,Monsoon,Rainy,No Occasion,0,213,5.29,74,64,43,32
2020-06-19,Friday,0,Monsoon,Rainy,No Occasion,0,147,4.4,37,53,42,15
2020-06-20,Saturday,1,Monsoon,Cloudy,No Occasion,0,353,10.25,105,65,131,52
2020-06-21,Sunday,1,Monsoon,Sunny,Festival,1,695,20.64,134,166,138,257
2020-06-22,Monday,0,Monsoon,Heavy Rain,No Occasion,0,206,4.63,48,73,56,29
2020-06-23,Tuesday,0,Monsoon,Rainy,No Occasion,0,264,6.9,102,127,19,16
2020-06-24,Wednesday,0,Monsoon,Cloudy,No Occasion,0,234,5.97,69,84,38,43
2020-06-25,Thursday,0,Monsoon,Rainy,Festival,1,402,11.05,96,135,88,83
2020-06-26,Friday,0,Monsoon,Rainy,No Occasion,0,327,8.03,74,92,105,56
2020-06-27,Saturday,1,Monsoon,Cloudy,No Occasion,0,423,8.71,141,122,123,37
2020-06-28,Sunday,1,Monsoon,Sunny,No Occasion,0,402,8.78,147,109,108,38
2020-06-29,Monday,0,Monsoon,Rainy,No Occasion,0,297,8.53,98,100,41,58
2020-06-30,Tuesday,0,Monsoon,Heavy Rain,No Occasion,0,241,6.1,62,87,28,64
2020-07-01,Wednesday,0,Monsoon,Rainy,No Occasion,0,305,8.6,104,106,59,36
2020-07-02,Thursday,0,Monsoon,Heavy Rain,No Occasion,0,140,3.89,31,59,27,23
2020-07-03,Friday,0,Monsoon,Rainy,No Occasion,1,245,5.09,83,45,56,61
2020-07-04,Saturday,1,Monsoon,Rainy,No Occasion,0,309,6.74,81,143,63,22
2020-07-05,Sunday,1,Monsoon,Rainy,Festival,1,482,14.05,75,126,122,159
2020-07-06,Monday,0,Monsoon,Rainy,Festival,1,441,11.55,94,133,69,145
2020-07-07,Tuesday,0,Monsoon,Heavy Rain,No Occasion,0,190,3.96,67,51,41,31
2020-07-08,Wednesday,0,Monsoon,Rainy,No Occasion,1,210,6.0,76,63,28,43
2020-07-09,Thursday,0,Monsoon,Cloudy,Local Event,0,267,5.78,107,53,59,48
2020-07-10,Friday,0,Monsoon,Rainy,No Occasion,0,191,4.39,80,77,30,4
2020-07-11,Saturday,1,Monsoon,Sunny,No Occasion,0,387,8.21,143,122,105,17
2020-07-12,Sunday,1,Monsoon,Rainy,No Occasion,0,396,8.59,123,138,111,24
2020-07-13,Monday,0,Monsoon,Rainy,No Occasion,0,330,9.3,109,113,20,88
2020-07-14,Tuesday,0,Monsoon,Rainy,Festival,0,356,9.85,79,108,58,111
2020-07-15,Wednesday,0,Monsoon,Rainy,No Occasion,0,212,5.11,51,62,55,44
2020-07-16,Thursday,0,Monsoon,Rainy,No Occasion,0,230,5.98,46,137,18,29
2020-07-17,Friday,0,Monsoon,Rainy,Festival,1,409,11.16,94,99,79,137
2020-07-18,Saturday,1,Monsoon,Rainy,No Occasion,0,376,8.48,142,150,74,10
2020-07-19,Sunday,1,Monsoon,Rainy,No Occasion,0,349,8.6,114,155,52,28
2020-07-20,Monday,0,Monsoon,Rainy,No Occasion,0,215,6.44,73,80,55,7
2020-07-21,Tuesday,0,Monsoon,Rainy,No Occasion,0,330,9.31,72,128,93,37
2020-07-22,Wednesday,0,Monsoon,Rainy,No Occasion,0,258,7.31,59,103,50,46
2020-07-23,Thursday,0,Monsoon,Rainy,Local Event,0,169,5.07,52,67,27,23
2020-07-24,Friday,0,Monsoon,Heavy Rain,No Occasion,0,180,4.07,51,104,23,2
2020-07-25,Saturday,1,Monsoon,Heavy Rain,No Occasion,0,204,5.87,67,82,51,4
2020-07-26,Sunday,1,Monsoon,Heavy Rain,Festival,1,355,8.54,99,79,92,85
2020-07-27,Monday,0,Monsoon,Heavy Rain,No Occasion,0,88,2.15,30,43,12,3
2020-07-28,Tuesday,0,Monsoon,Rainy,Festival,1,417,10.6,41,81,123,172
2020-07-29,Wednesday,0,Monsoon,Rainy,No Occasion,1,264,7.45,54,116,45,49
2020-07-30,Thursday,0,Monsoon,Sunny,No Occasion,0,240,6.13,62,67,60,51
2020-07-31,Friday,0,Monsoon,Rainy,No Occasion,0,224,5.8,80,63,61,20
2020-08-01,Saturday,1,Monsoon,Rainy,No Occasion,0,430,11.75,134,162,88,46
2020-08-02,Sunday,1,Monsoon,Rainy,No Occasion,0,393,11.32,141,161,30,61
2020-08-03,Monday,0,Monsoon,Sunny,Local Event,1,432,12.21,125,118,92,97
2020-08-04,Tuesday,0,Monsoon,Rainy,No Occasion,0,330,7.65,109,132,81,8
2020-08-05,Wednesday,0,Monsoon,Rainy,Festival,1,193,4.18,34,53,45,61
2020-08-06,Thursday,0,Monsoon,Rainy,No Occasion,0,272,6.28,73,90,63,46
2020-08-07,Friday,0,Monsoon,Rainy,No Occasion,0,348,9.95,131,70,87,60
2020-08-08,Saturday,1,Monsoon,Heavy Rain,No Occasion,1,232,5.37,127,57,20,28
2020-08-09,Sunday,1,Monsoon,Cloudy,No Occasion,1,604,15.02,202,146,149,107
2020-08-10,Monday,0,Monsoon,Rainy,No Occasion,0,299,8.56,82,98,78,41
2020-08-11,Tuesday,0,Monsoon,Rainy,Local Event,1,285,6.25,60,94,62,69
2020-08-12,Wednesday,0,Monsoon,Cloudy,No Occasion,0,314,7.56,104,50,101,59
2020-08-13,Thursday,0,Monsoon,Sunny,No Occasion,0,275,5.96,58,72,62,83
2020-08-14,Friday,0,Monsoon,Heavy Rain,No Occasion,1,172,3.52,31,93,43,5
2020-08-15,Saturday,1,Monsoon,Sunny,No Occasion,0,502,13.58,134,138,79,151
2020-08-16,Sunday,1,Monsoon,Rainy,No Occasion,0,319,7.85,116,116,68,19
2020-08-17,Monday,0,Monsoon,Sunny,No Occasion,0,229,4.74,85,32,41,71
2020-08-18,Tuesday,0,Monsoon,Sunny,Local Event,1,494,9.98,135,106,39,214
2020-08-19,Wednesday,0,Monsoon,Cloudy,No Occasion,0,364,8.65,83,112,105,64
2020-08-20,Thursday,0,Monsoon,Rainy,No Occasion,0,194,5.31,38,84,41,31
2020-08-21,Friday,0,Monsoon,Cloudy,Festival,1,550,12.84,110,113,136,191
2020-08-22,Saturday,1,Monsoon,Rainy,No Occasion,0,357,8.82,150,115,49,43
2020-08-23,Sunday,1,Monsoon,Heavy Rain,No Occasion,0,193,4.45,69,62,35,27
2020-08-24,Monday,0,Monsoon,Sunny,No Occasion,0,364,9.45,97,113,103,51
2020-08-25,Tuesday,0,Monsoon,Sunny,No Occasion,0,251,6.41,94,75,47,35
2020-08-26,Wednesday,0,Monsoon,Rainy,No Occasion,0,326,7.68,92,111,72,51
2020-08-27,Thursday,0,Monsoon,Cloudy,No Occasion,0,310,9.18,112,71,68,59
2020-08-28,Friday,0,Monsoon,Heavy Rain,No Occasion,0,177,4.12,39,55,62,21
2020-08-29,Saturday,1,Monsoon,Cloudy,No Occasion,0,399,9.27,128,98,97,76
2020-08-30,Sunday,1,Monsoon,Heavy Rain,Festival,1,374,7.57,89,109,86,90
2020-08-31,Monday,0,Monsoon,Rainy,No Occasion,0,339,8.48,111,97,112,19
2020-09-01,Tuesday,0,Monsoon,Rainy,No Occasion,0,180,5.11,64,65,38,13
2020-09-02,Wednesday,0,Monsoon,Rainy,No Occasion,0,230,6.02,106,90,28,6
2020-09-03,Thursday,0,Monsoon,Sunny,No Occasion,0,230,5.39,66,34,77,53
2020-09-04,Friday,0,Monsoon,Sunny,No Occasion,0,321,8.99,91,96,88,46
2020-09-05,Saturday,1,Monsoon,Rainy,No Occasion,0,351,7.75,140,105,79,27
2020-09-06,Sunday,1,Monsoon,Rainy,No Occasion,0,419,8.8,134,199,34,52
2020-09-07,Monday,0,Monsoon,Rainy,No Occasion,0,281,6.44,68,122,56,35
2020-09-08,Tuesday,0,Monsoon,Sunny,No Occasion,0,238,4.78,96,52,48,42
2020-09-09,Wednesday,0,Monsoon,Cloudy,No Occasion,0,358,8.88,122,108,54,74
2020-09-10,Thursday,0,Monsoon,Rainy,No Occasion,0,323,8.77,123,137,53,10
2020-09-11,Friday,0,Monsoon,Sunny,No Occasion,1,547,11.05,155,129,114,149
2020-09-12,Saturday,1,Monsoon,Rainy,No Occasion,0,320,8.15,78,118,53,71
2020-09-13,Sunday,1,Monsoon,Sunny,No Occasion,0,420,9.49,170,120,92,38
2020-09-14,Monday,0,Monsoon,Rainy,No Occasion,0,145,3.24,39,64,24,18
2020-09-15,Tuesday,0,Monsoon,Sunny,No Occasion,0,285,7.34,54,70,88,73
2020-09-16,Wednesday,0,Monsoon,Rainy,Festival,1,328,9.4,76,110,74,68
2020-09-17,Thursday,0,Monsoon,Rainy,Local Event,0,80,1.99,18,39,14,9
2020-09-18,Friday,0,Monsoon,Rainy,No Occasion,0,267,7.97,57,105,74,31
2020-09-19,Saturday,1,Monsoon,Rainy,No Occasion,0,201,4.76,75,61,30,35
2020-09-20,Sunday,1,Monsoon,Rainy,Local Event,0,314,6.31,117,98,89,10
2020-09-21,Monday,0,Monsoon,Rainy,No Occasion,0,215,5.55,31,77,72,35
2020-09-22,Tuesday,0,Monsoon,Sunny,No Occasion,0,364,10.22,82,121,122,39
2020-09-23,Wednesday,0,Monsoon,Cloudy,No Occasion,0,389,8.64,130,120,55,84
2020-09-24,Thursday,0,Monsoon,Rainy,No Occasion,0,165,3.52,37,69,27,32
2020-09-25,Friday,0,Monsoon,Rainy,Festival,0,379,10.16,55,130,81,113
2020-09-26,Saturday,1,Monsoon,Sunny,No Occasion,0,455,12.02,148,131,110,66
2020-09-27,Sunday,1,Monsoon,Rainy,No Occasion,0,328,9.48,92,135,91,10
2020-09-28,Monday,0,Monsoon,Rainy,No Occasion,0,289,7.48,114,69,55,51
2020-09-29,Tuesday,0,Monsoon,Cloudy,No Occasion,0,261,6.94,78,82,46,55
2020-09-30,Wednesday,0,Monsoon,Cloudy,No Occasion,0,306,8.44,137,61,58,50
2020-10-01,Thursday,0,Autumn,Cloudy,Festival,1,513,14.91,166,39,106,202
2020-10-02,Friday,0,Autumn,Sunny,Local Event,0,240,6.34,65,98,44,33
2020-10-03,Saturday,1,Autumn,Sunny,No Occasion,0,412,8.68,89,131,105,87
2020-10-04,Sunday,1,Autumn,Cloudy,Festival,1,622,12.61,196,73,154,199
2020-10-05,Monday,0,Autumn,Sunny,No Occasion,0,291,8.66,119,61,59,52
2020-10-06,Tuesday,0,Autumn,Rainy,No Occasion,0,210,4.5,62,89,47,12
2020-10-07,Wednesday,0,Autumn,Cloudy,No Occasion,0,381,10.65,108,156,62,55
2020-10-08,Thursday,0,Autumn,Cloudy,Festival,1,544,10.99,94,88,118,244
2020-10-09,Friday,0,Autumn,Cloudy,No Occasion,0,332,7.83,119,116,66,31
2020-10-10,Saturday,1,Autumn,Rainy,No Occasion,0,464,11.75,123,150,114,77
2020-10-11,Sunday,1,Autumn,Cloudy,No Occasion,0,469,11.06,183,104,104,78
2020-10-12,Monday,0,Autumn,Cloudy,No Occasion,0,302,6.89,131,59,79,33
2020-10-13,Tuesday,0,Autumn,Sunny,No Occasion,1,448,12.59,112,118,103,115
2020-10-14,Wednesday,0,Autumn,Sunny,Local Event,0,287,5.87,118,64,35,70
2020-10-15,Thursday,0,Autumn,Sunny,No Occasion,0,281,6.06,117,76,54,34
2020-10-16,Friday,0,Autumn,Rainy,No Occasion,0,97,2.35,42,38,1,16
2020-10-17,Saturday,1,Autumn,Rainy,Festival,1,438,9.46,114,51,160,113
2020-10-18,Sunday,1,Autumn,Cloudy,No Occasion,0,397,10.14,200,76,75,46
2020-10-19,Monday,0,Autumn,Cloudy,Local Event,0,289,7.35,112,32,82,63
2020-10-20,Tuesday,0,Autumn,Cloudy,No Occasion,0,254,7.41,107,53,61,33
2020-10-21,Wednesday,0,Autumn,Cloudy,No Occasion,0,286,7.13,124,70,34,58
2020-10-22,Thursday,0,Autumn,Sunny,No Occasion,0,282,6.8,112,92,14,64
2020-10-23,Friday,0,Autumn,Rainy,No Occasion,0,232,6.32,65,84,54,29
2020-10-24,Saturday,1,Autumn,Sunny,Festival,1,632,16.19,186,59,181,206
2020-10-25,Sunday,1,Autumn,Sunny,No Occasion,0,410,10.87,158,96,118,38
2020-10-26,Monday,0,Autumn,Sunny,Local Event,1,374,10.13,119,128,32,95
2020-10-27,Tuesday,0,Autumn,Sunny,No Occasion,0,286,7.78,108,100,53,25
2020-10-28,Wednesday,0,Autumn,Sunny,No Occasion,0,335,6.87,115,98,60,62
2020-10-29,Thursday,0,Autumn,Rainy,No Occasion,0,338,7.24,111,108,61,58
2020-10-30,Friday,0,Autumn,Sunny,No Occasion,0,416,10.42,73,119,124,100
2020-10-31,Saturday,1,Autumn,Sunny,No Occasion,0,460,12.34,204,84,133,39
2020-11-01,Sunday,1,Autumn,Rainy,No Occasion,0,377,11.31,120,145,103,9
2020-11-02,Monday,0,Autumn,Sunny,No Occasion,0,296,7.93,63,51,54,128
2020-11-03,Tuesday,0,Autumn,Cloudy,No Occasion,0,391,8.16,130,129,64,68
2020-11-04,Wednesday,0,Autumn,Sunny,No Occasion,0,349,9.59,81,106,97,65
2020-11-05,Thursday,0,Autumn,Sunny,No Occasion,0,352,7.59,113,73,101,65
2020-11-06,Friday,0,Autumn,Rainy,No Occasion,0,251,7.53,99,61,47,44
2020-11-07,Saturday,1,Autumn,Cloudy,No Occasion,0,434,12.2,175,96,113,50
2020-11-08,Sunday,1,Autumn,Sunny,No Occasion,0,447,13.19,179,89,118,61
2020-11-09,Monday,0,Autumn,Sunny,No Occasion,0,344,9.66,94,91,83,76
2020-11-10,Tuesday,0,Autumn,Cloudy,Festival,0,576,13.59,184,95,100,197
2020-11-11,Wednesday,0,Autumn,Rainy,No Occasion,0,286,7.16,75,99,79,33
2020-11-12,Thursday,0,Autumn,Sunny,No Occasion,0,269,7.14,94,97,16,62
2020-11-13,Friday,0,Autumn,Sunny,No Occasion,0,291,6.66,121,50,71,49
2020-11-14,Saturday,1,Autumn,Sunny,No Occasion,0,421,10.97,192,95,76,58
2020-11-15,Sunday,1,Autumn,Sunny,No Occasion,0,474,12.08,136,192,95,51
2020-11-16,Monday,0,Autumn,Rainy,Local Event,1,354,7.93,73,106,106,69
2020-11-17,Tuesday,0,Autumn,Sunny,No Occasion,0,306,6.97,97,87,82,40
2020-11-18,Wednesday,0,Autumn,Cloudy,Festival,1,689,15.73,183,108,127,271
2020-11-19,Thursday,0,Autumn,Sunny,No Occasion,0,427,10.87,191,99,109,28
2020-11-20,Friday,0,Autumn,Cloudy,Festival,1,600,14.02,163,105,170,162
2020-11-21,Saturday,1,Autumn,Sunny,Local Event,0,345,8.93,119,95,98,33
2020-11-22,Sunday,1,Autumn,Sunny,Local Event,1,591,15.39,123,146,151,171
2020-11-23,Monday,0,Autumn,Cloudy,No Occasion,1,514,11.84,168,162,163,21
2020-11-24,Tuesday,0,Autumn,Sunny,No Occasion,0,275,7.69,105,77,43,50
2020-11-25,Wednesday,0,Autumn,Sunny,No Occasion,0,258,5.99,80,59,54,65
2020-11-26,Thursday,0,Autumn,Rainy,No Occasion,0,282,8.2,55,141,63,23
2020-11-27,Friday,0,Autumn,Rainy,No Occasion,0,224,4.88,72,81,55,16
2020-11-28,Saturday,1,Autumn,Sunny,No Occasion,1,548,14.69,187,16,178,167
2020-11-29,Sunday,1,Autumn,Rainy,No Occasion,0,365,10.62,167,147,23,28
2020-11-30,Monday,0,Autumn,Cloudy,No Occasion,0,349,8.64,69,80,72,128
2020-12-01,Tuesday,0,Winter,Cold,No Occasion,0,273,6.85,81,82,50,60
2020-12-02,Wednesday,0,Winter,Cold,Local Event,0,309,8.74,70,68,80,91
2020-12-03,Thursday,0,Winter,Sunny,No Occasion,0,331,8.92,79,144,62,46
2020-12-04,Friday,0,Winter,Cold,Festival,1,641,14.05,82,134,175,250
2020-12-05,Saturday,1,Winter,Foggy,Festival,1,604,14.79,133,174,116,181
2020-12-06,Sunday,1,Winter,Foggy,No Occasion,0,369,10.86,110,103,57,99
2020-12-07,Monday,0,Winter,Foggy,No Occasion,0,319,7.2,86,60,72,101
2020-12-08,Tuesday,0,Winter,Foggy,No Occasion,0,261,7.72,98,56,57,50
2020-12-09,Wednesday,0,Winter,Foggy,No Occasion,0,252,5.22,86,58,62,46
2020-12-10,Thursday,0,Winter,Cold,No Occasion,0,323,7.45,91,79,45,108
2020-12-11,Friday,0,Winter,Sunny,No Occasion,0,350,10.1,112,130,21,87
2020-12-12,Saturday,1,Winter,Cold,No Occasion,0,389,9.89,103,86,48,152
2020-12-13,Sunday,1,Winter,Cold,No Occasion,0,472,11.84,137,105,77,153
2020-12-14,Monday,0,Winter,Cold,No Occasion,0,319,9.21,92,101,7,119
2020-12-15,Tuesday,0,Winter,Cold,No Occasion,0,296,6.05,57,119,47,73
2020-12-16,Wednesday,0,Winter,Sunny,No Occasion,0,308,7.49,127,103,48,30
2020-12-17,Thursday,0,Winter,Sunny,Local Event,0,216,4.67,46,53,74,43
2020-12-18,Friday,0,Winter,Rainy,No Occasion,0,197,4.07,38,99,35,25
2020-12-19,Saturday,1,Winter,Rainy,No Occasion,0,369,7.59,102,119,43,105
2020-12-20,Sunday,1,Winter,Cold,Local Event,0,349,7.25,96,64,112,77
2020-12-21,Monday,0,Winter,Sunny,No Occasion,0,242,6.3,57,68,64,53
2020-12-22,Tuesday,0,Winter,Cold,No Occasion,0,302,6.59,83,81,51,87
2020-12-23,Wednesday,0,Winter,Foggy,No Occasion,0,266,6.0,74,59,57,76
2020-12-24,Thursday,0,Winter,Sunny,No Occasion,0,289,5.85,95,54,87,53
2020-12-25,Friday,0,Winter,Sunny,No Occasion,0,275,7.9,81,50,33,111
2020-12-26,Saturday,1,Winter,Rainy,No Occasion,0,358,8.59,115,100,39,104
2020-12-27,Sunday,1,Winter,Foggy,No Occasion,1,487,12.68,172,91,106,118
2020-12-28,Monday,0,Winter,Foggy,Festival,0,552,11.35,134,66,114,238
2020-12-29,Tuesday,0,Winter,Cold,No Occasion,0,331,6.74,96,93,69,73
2020-12-30,Wednesday,0,Winter,Cold,Festival,1,497,12.46,96,66,130,205
2020-12-31,Thursday,0,Winter,Foggy,Festival,1,659,15.9,121,83,189,266
2021-01-01,Friday,0,Winter,Cold,Local Event,0,338,7.47,139,71,32,96
2021-01-02,Saturday,1,Winter,Cold,Local Event,1,614,12.59,166,138,103,207
2021-01-03,Sunday,1,Winter,Rainy,Local Event,1,293,6.82,103,72,52,66
2021-01-04,Monday,0,Winter,Foggy,No Occasion,1,388,10.91,76,82,108,122
2021-01-05,Tuesday,0,Winter,Sunny,No Occasion,0,410,10.57,115,109,65,121
2021-01-06,Wednesday,0,Winter,Sunny,Local Event,1,475,13.69,186,120,22,147
2021-01-07,Thursday,0,Winter,Foggy,No Occasion,0,304,7.07,107,55,65,77
2021-01-08,Friday,0,Winter,Foggy,No Occasion,0,305,9.03,127,65,56,57
2021-01-09,Saturday,1,Winter,Cold,No Occasion,0,409,10.99,126,69,101,113
2021-01-10,Sunday,1,Winter,Cold,No Occasion,0,266,6.21,101,34,60,71
2021-01-11,Monday,0,Winter,Cold,No Occasion,0,272,7.98,96,42,76,58
2021-01-12,Tuesday,0,Winter,Cold,No Occasion,0,258,6.49,56,45,69,88
2021-01-13,Wednesday,0,Winter,Cold,Local Event,0,369,7.51,83,109,54,123
2021-01-14,Thursday,0,Winter,Foggy,No Occasion,0,291,7.7,84,101,46,60
2021-01-15,Friday,0,Winter,Cold,Festival,1,714,19.82,177,64,137,336
2021-01-16,Saturday,1,Winter,Sunny,No Occasion,0,449,10.4,130,175,66,78
2021-01-17,Sunday,1,Winter,Foggy,No Occasion,0,466,13.07,186,113,107,60
2021-01-18,Monday,0,Winter,Sunny,No Occasion,0,202,4.25,93,67,26,16
2021-01-19,Tuesday,0,Winter,Foggy,No Occasion,0,323,8.7,99,68,58,98
2021-01-20,Wednesday,0,Winter,Sunny,Festival,0,515,14.97,107,119,122,167
2021-01-21,Thursday,0,Winter,Foggy,No Occasion,0,285,8.3,72,104,78,31
2021-01-22,Friday,0,Winter,Foggy,No Occasion,0,275,7.41,86,61,62,66
2021-01-23,Saturday,1,Winter,Cold,Festival,1,699,16.45,196,101,161,241
2021-01-24,Sunday,1,Winter,Foggy,No Occasion,0,376,8.04,146,63,95,72
2021-01-25,Monday,0,Winter,Cold,No Occasion,0,296,6.62,109,53,56,78
2021-01-26,Tuesday,0,Winter,Sunny,No Occasion,0,358,7.93,114,69,90,85
2021-01-27,Wednesday,0,Winter,Cold,No Occasion,0,379,8.52,121,68,72,118
2021-01-28,Thursday,0,Winter,Sunny,No Occasion,0,298,8.42,63,50,92,93
2021-01-29,Friday,0,Winter,Foggy,No Occasion,0,281,7.56,68,95,47,71
2021-01-30,Saturday,1,Winter,Foggy,Festival,1,603,15.07,122,99,172,210
2021-01-31,Sunday,1,Winter,Sunny,No Occasion,0,389,8.7,152,30,113,94
2021-02-01,Monday,0,Winter,Sunny,No Occasion,0,327,9.02,96,58,75,98
2021-02-02,Tuesday,0,Winter,Foggy,No Occasion,0,392,8.82,78,122,78,114
2021-02-03,Wednesday,0,Winter,Cold,No Occasion,0,305,8.52,108,51,32,114
2021-02-04,Thursday,0,Winter,Foggy,No Occasion,0,318,6.94,79,122,39,78
2021-02-05,Friday,0,Winter,Sunny,No Occasion,0,281,8.36,51,88,74,68
2021-02-06,Saturday,1,Winter,Sunny,No Occasion,0,463,9.84,147,77,123,116
2021-02-07,Sunday,1,Winter,Foggy,No Occasion,0,384,9.37,92,107,100,85
2021-02-08,Monday,0,Winter,Cold,Festival,1,640,12.88,105,150,125,260
2021-02-09,Tuesday,0,Winter,Sunny,No Occasion,0,298,6.36,116,44,49,89
2021-02-10,Wednesday,0,Winter,Cold,No Occasion,0,383,8.31,113,66,85,119
2021-02-11,Thursday,0,Winter,Sunny,Festival,1,569,12.95,101,127,148,193
2021-02-12,Friday,0,Winter,Sunny,No Occasion,0,400,9.01,206,61,98,35
2021-02-13,Saturday,1,Winter,Cold,No Occasion,0,379,9.81,71,106,75,127
2021-02-14,Sunday,1,Winter,Cold,Local Event,1,510,10.48,164,93,94,159
2021-02-15,Monday,0,Winter,Cold,Festival,1,556,12.88,120,106,132,198
2021-02-16,Tuesday,0,Winter,Foggy,No Occasion,0,316,8.83,103,86,45,82
2021-02-17,Wednesday,0,Winter,Sunny,No Occasion,0,252,7.25,74,53,43,82
2021-02-18,Thursday,0,Winter,Foggy,No Occasion,0,275,7.78,105,46,33,91
2021-02-19,Friday,0,Winter,Cold,Festival,1,640,17.14,145,102,133,260
2021-02-20,Saturday,1,Winter,Cold,No Occasion,0,374,10.25,128,83,40,123
2021-02-21,Sunday,1,Winter,Foggy,No Occasion,0,412,9.6,131,76,105,100
2021-02-22,Monday,0,Winter,Foggy,No Occasion,0,332,8.65,101,86,45,100
2021-02-23,Tuesday,0,Winter,Sunny,No Occasion,0,249,7.21,60,85,48,56
2021-02-24,Wednesday,0,Winter,Cold,Local Event,0,267,7.24,52,88,64,63
2021-02-25,Thursday,0,Winter,Foggy,No Occasion,1,434,9.95,98,129,54,153
2021-02-26,Friday,0,Winter,Cold,No Occasion,0,347,10.01,90,78,90,89
2021-02-27,Saturday,1,Winter,Foggy,No Occasion,0,346,8.47,122,93,84,47
2021-02-28,Sunday,1,Winter,Cold,No Occasion,0,347,8.39,84,94,71,98
2021-03-01,Monday,0,Summer,Cloudy,No Occasion,0,368,8.61,162,85,97,24
2021-03-02,Tuesday,0,Summer,Sunny,No Occasion,0,337,6.82,137,113,41,46
2021-03-03,Wednesday,0,Summer,Sunny,No Occasion,0,254,5.96,77,72,58,47
2021-03-04,Thursday,0,Summer,Cloudy,No Occasion,0,200,5.89,76,60,49,15
2021-03-05,Friday,0,Summer,Sunny,No Occasion,0,333,8.41,82,102,79,70
2021-03-06,Saturday,1,Summer,Sunny,No Occasion,0,429,12.55,168,159,56,46
2021-03-07,Sunday,1,Summer,Sunny,No Occasion,0,474,11.01,198,96,102,78
2021-03-08,Monday,0,Summer,Sunny,No Occasion,0,380,9.29,106,100,88,86
2021-03-09,Tuesday,0,Summer,Sunny,No Occasion,0,326,9.12,74,129,70,53
2021-03-10,Wednesday,0,Summer,Sunny,No Occasion,0,328,6.6,107,136,22,63
2021-03-11,Thursday,0,Summer,Sunny,No Occasion,0,339,9.4,120,113,27,79
2021-03-12,Friday,0,Summer,Sunny,No Occasion,0,342,7.0,112,44,93,93
2021-03-13,Saturday,1,Summer,Sunny,No Occasion,0,390,8.2,96,84,87,123
2021-03-14,Sunday,1,Summer,Cloudy,No Occasion,0,386,10.56,150,111,32,93
2021-03-15,Monday,0,Summer,Sunny,No Occasion,0,210,5.69,52,38,42,78
2021-03-16,Tuesday,0,Summer,Sunny,No Occasion,0,232,5.41,90,77,17,48
2021-03-17,Wednesday,0,Summer,Cloudy,No Occasion,0,381,9.82,82,174,67,58
2021-03-18,Thursday,0,Summer,Cloudy,No Occasion,0,336,8.07,109,98,112,17
2021-03-19,Friday,0,Summer,Cloudy,No Occasion,0,360,10.58,92,104,90,74
2021-03-20,Saturday,1,Summer,Sunny,No Occasion,0,329,8.41,125,72,68,64
2021-03-21,Sunday,1,Summer,Sunny,Local Event,1,507,14.19,179,153,85,90
2021-03-22,Monday,0,Summer,Sunny,No Occasion,0,364,9.78,81,124,90,69
2021-03-23,Tuesday,0,Summer,Cloudy,No Occasion,0,431,9.77,150,163,106,12
2021-03-24,Wednesday,0,Summer,Cloudy,Local Event,0,270,6.04,72,64,84,50
2021-03-25,Thursday,0,Summer,Sunny,No Occasion,0,231,4.92,76,80,26,49
2021-03-26,Friday,0,Summer,Sunny,No Occasion,0,337,7.01,89,119,49,80
2021-03-27,Saturday,1,Summer,Sunny,Local Event,0,428,11.99,130,128,118,52
2021-03-28,Sunday,1,Summer,Rainy,No Occasion,0,323,8.07,128,99,85,11
2021-03-29,Monday,0,Summer,Rainy,No Occasion,0,234,5.27,56,78,62,38
2021-03-30,Tuesday,0,Summer,Cloudy,Festival,1,585,16.43,75,181,123,206
2021-03-31,Wednesday,0,Summer,Sunny,No Occasion,0,264,5.9,88,58,66,52
2021-04-01,Thursday,0,Summer,Cloudy,No Occasion,1,432,11.54,143,117,123,49
2021-04-02,Friday,0,Summer,Cloudy,No Occasion,0,278,6.37,40,86,66,86
2021-04-03,Saturday,1,Summer,Sunny,No Occasion,0,289,8.16,94,105,63,27
2021-04-04,Sunday,1,Summer,Sunny,Local Event,1,443,13.2,154,115,62,112
2021-04-05,Monday,0,Summer,Cloudy,No Occasion,0,327,8.32,85,139,47,56
2021-04-06,Tuesday,0,Summer,Rainy,No Occasion,1,258,6.1,63,94,48,53
2021-04-07,Wednesday,0,Summer,Sunny,Local Event,1,428,10.49,97,173,83,75
2021-04-08,Thursday,0,Summer,Cloudy,No Occasion,0,283,6.9,62,95,77,49
2021-04-09,Friday,0,Summer,Cloudy,No Occasion,0,373,9.36,106,168,51,48
2021-04-10,Saturday,1,Summer,Sunny,No Occasion,0,431,11.8,132,184,91,24
2021-04-11,Sunday,1,Summer,Cloudy,No Occasion,0,463,12.48,166,115,123,59
2021-04-12,Monday,0,Summer,Sunny,No Occasion,0,312,7.84,104,100,47,61
2021-04-13,Tuesday,0,Summer,Rainy,No Occasion,0,231,5.95,81,102,27,21
2021-04-14,Wednesday,0,Summer,Sunny,No Occasion,0,297,7.31,57,71,122,47
2021-04-15,Thursday,0,Summer,Sunny,No Occasion,1,338,8.45,118,74,80,66
2021-04-16,Friday,0,Summer,Sunny,No Occasion,0,405,11.43,147,117,41,100
2021-04-17,Saturday,1,Summer,Sunny,No Occasion,0,334,9.8,114,88,62,70
2021-04-18,Sunday,1,Summer,Sunny,No Occasion,0,392,9.17,122,111,127,32
2021-04-19,Monday,0,Summer,Sunny,No Occasion,0,261,6.49,79,69,52,61
2021-04-20,Tuesday,0,Summer,Cloudy,Festival,0,415,8.43,108,94,71,142
2021-04-21,Wednesday,0,Summer,Sunny,No Occasion,0,291,8.18,126,52,30,83
2021-04-22,Thursday,0,Summer,Cloudy,Local Event,1,472,11.01,152,143,123,54
2021-04-23,Friday,0,Summer,Sunny,Festival,1,497,11.78,99,140,83,175
2021-04-24,Saturday,1,Summer,Sunny,No Occasion,0,350,10.21,134,102,77,37
2021-04-25,Sunday,1,Summer,Sunny,Festival,1,647,14.41,239,76,142,190
2021-04-26,Monday,0,Summer,Sunny,No Occasion,0,308,8.97,62,102,79,65
2021-04-27,Tuesday,0,Summer,Sunny,No Occasion,0,330,7.71,118,63,60,89
2021-04-28,Wednesday,0,Summer,Sunny,Festival,0,529,11.0,124,187,94,124
2021-04-29,Thursday,0,Summer,Sunny,Local Event,0,365,10.08,90,87,102,86
2021-04-30,Friday,0,Summer,Cloudy,No Occasion,0,227,5.17,58,96,12,61
2021-05-01,Saturday,1,Summer,Sunny,No Occasion,0,392,9.9,131,127,82,52
2021-05-02,Sunday,1,Summer,Sunny,No Occasion,0,372,7.65,138,97,81,56
2021-05-03,Monday,0,Summer,Rainy,No Occasion,0,205,5.19,79,81,41,4
2021-05-04,Tuesday,0,Summer,Cloudy,No Occasion,0,367,10.08,127,50,92,98
2021-05-05,Wednesday,0,Summer,Rainy,Local Event,1,204,5.97,52,64,53,35
2021-05-06,Thursday,0,Summer,Sunny,No Occasion,0,308,7.5,110,122,27,49
2021-05-07,Friday,0,Summer,Sunny,No Occasion,0,354,9.78,126,106,54,68
2021-05-08,Saturday,1,Summer,Sunny,No Occasion,0,416,9.26,93,114,180,29
2021-05-09,Sunday,1,Summer,Rainy,No Occasion,0,300,8.12,90,97,74,39
2021-05-10,Monday,0,Summer,Sunny,No Occasion,0,297,7.66,82,77,73,65
2021-05-11,Tuesday,0,Summer,Cloudy,No Occasion,0,234,5.39,74,46,59,55
2021-05-12,Wednesday,0,Summer,Sunny,No Occasion,0,401,10.7,99,103,85,114
2021-05-13,Thursday,0,Summer,Sunny,No Occasion,0,293,6.0,81,99,74,39
2021-05-14,Friday,0,Summer,Sunny,No Occasion,0,311,6.94,78,98,19,116
2021-05-15,Saturday,1,Summer,Sunny,Festival,1,678,16.87,184,120,193,181
2021-05-16,Sunday,1,Summer,Rainy,No Occasion,0,297,7.03,69,105,64,59
2021-05-17,Monday,0,Summer,Cloudy,No Occasion,0,306,6.56,111,105,37,53
2021-05-18,Tuesday,0,Summer,Sunny,No Occasion,0,370,7.97,104,129,97,40
2021-05-19,Wednesday,0,Summer,Sunny,No Occasion,0,301,7.06,140,91,62,8
2021-05-20,Thursday,0,Summer,Cloudy,Festival,1,669,18.17,120,199,151,199
2021-05-21,Friday,0,Summer,Sunny,No Occasion,0,293,7.9,104,102,48,39
2021-05-22,Saturday,1,Summer,Rainy,No Occasion,0,304,6.84,119,109,51,25
2021-05-23,Sunday,1,Summer,Cloudy,No Occasion,0,466,12.76,191,112,81,82
2021-05-24,Monday,0,Summer,Sunny,No Occasion,0,273,7.72,75,86,74,38
2021-05-25,Tuesday,0,Summer,Cloudy,No Occasion,0,282,6.48,88,56,71,67
2021-05-26,Wednesday,0,Summer,Sunny,No Occasion,0,285,7.19,95,94,61,35
2021-05-27,Thursday,0,Summer,Rainy,No Occasion,0,368,9.1,137,103,82,46
2021-05-28,Friday,0,Summer,Sunny,No Occasion,0,358,7.85,116,120,78,44
2021-05-29,Saturday,1,Summer,Sunny,No Occasion,0,398,10.24,128,114,93,63
2021-05-30,Sunday,1,Summer,Sunny,No Occasion,0,422,9.52,118,93,121,90
2021-05-31,Monday,0,Summer,Sunny,No Occasion,0,338,6.92,120,123,85,10
2021-06-01,Tuesday,0,Monsoon,Sunny,No Occasion,0,354,10.46,105,94,79,76
2021-06-02,Wednesday,0,Monsoon,Rainy,No Occasion,0,239,5.22,69,83,68,19
2021-06-03,Thursday,0,Monsoon,Rainy,No Occasion,0,257,6.05,69,120,42,26
2021-06-04,Friday,0,Monsoon,Sunny,No Occasion,0,297,8.19,116,98,49,34
2021-06-05,Saturday,1,Monsoon,Cloudy,No Occasion,0,517,12.54,152,151,118,96
2021-06-06,Sunday,1,Monsoon,Cloudy,No Occasion,0,391,7.84,117,135,70,69
2021-06-07,Monday,0,Monsoon,Rainy,No Occasion,0,208,4.57,87,70,41,10
2021-06-08,Tuesday,0,Monsoon,Cloudy,No Occasion,1,385,8.2,122,86,33,144
2021-06-09,Wednesday,0,Monsoon,Cloudy,No Occasion,1,473,11.71,135,171,54,113
2021-06-10,Thursday,0,Monsoon,Sunny,No Occasion,0,336,8.98,111,113,41,71
2021-06-11,Friday,0,Monsoon,Rainy,Festival,1,478,11.41,120,129,119,110
2021-06-12,Saturday,1,Monsoon,Cloudy,No Occasion,0,364,9.71,128,82,84,70
2021-06-13,Sunday,1,Monsoon,Heavy Rain,No Occasion,0,201,5.24,47,74,49,31
2021-06-14,Monday,0,Monsoon,Rainy,No Occasion,0,277,5.61,96,145,29,7
2021-06-15,Tuesday,0,Monsoon,Rainy,No Occasion,0,269,6.88,101,90,62,16
2021-06-16,Wednesday,0,Monsoon,Sunny,No Occasion,0,235,6.48,68,65,81,21
2021-06-17,Thursday,0,Monsoon,Heavy Rain,No Occasion,0,152,3.93,25,71,32,24
2021-06-18,Friday,0,Monsoon,Sunny,No Occasion,0,328,9.53,126,75,71,56
2021-06-19,Saturday,1,Monsoon,Heavy Rain,No Occasion,0,194,5.6,62,90,23,19
2021-06-20,Sunday,1,Monsoon,Rainy,No Occasion,0,279,5.72,64,107,54,54
2021-06-21,Monday,0,Monsoon,Rainy,No Occasion,0,170,3.96,55,72,21,22
2021-06-22,Tuesday,0,Monsoon,Rainy,No Occasion,0,195,4.02,52,80,48,15
2021-06-23,Wednesday,0,Monsoon,Sunny,No Occasion,0,395,10.15,162,75,95,63
2021-06-24,Thursday,0,Monsoon,Sunny,Local Event,0,406,10.41,131,109,53,113
2021-06-25,Friday,0,Monsoon,Rainy,No Occasion,0,249,5.75,55,112,61,21
2021-06-26,Saturday,1,Monsoon,Sunny,No Occasion,0,285,6.2,115,101,42,27
2021-06-27,Sunday,1,Monsoon,Rainy,No Occasion,0,407,10.13,87,136,103,81
2021-06-28,Monday,0,Monsoon,Sunny,No Occasion,0,278,5.84,89,63,56,70
2021-06-29,Tuesday,0,Monsoon,Heavy Rain,No Occasion,1,220,6.32,80,75,22,43
2021-06-30,Wednesday,0,Monsoon,Rainy,No Occasion,0,187,5.28,45,85,44,13
2021-07-01,Thursday,0,Monsoon,Heavy Rain,No Occasion,1,201,5.23,40,80,41,40
2021-07-02,Friday,0,Monsoon,Cloudy,No Occasion,0,319,7.36,124,75,59,61
2021-07-03,Saturday,1,Monsoon,Cloudy,No Occasion,0,307,8.18,134,103,43,27
2021-07-04,Sunday,1,Monsoon,Rainy,No Occasion,0,406,9.76,159,124,94,29
2021-07-05,Monday,0,Monsoon,Rainy,No Occasion,0,216,5.94,71,75,45,25
2021-07-06,Tuesday,0,Monsoon,Heavy Rain,No Occasion,0,193,5.3,45,78,41,29
2021-07-07,Wednesday,0,Monsoon,Heavy Rain,No Occasion,1,184,4.46,54,59,30,41
2021-07-08,Thursday,0,Monsoon,Cloudy,No Occasion,0,283,6.39,87,61,85,50
2021-07-09,Friday,0,Monsoon,Rainy,No Occasion,0,306,6.42,76,195,21,14
2021-07-10,Saturday,1,Monsoon,Rainy,No Occasion,0,320,7.9,139,74,94,13
2021-07-11,Sunday,1,Monsoon,Heavy Rain,No Occasion,0,353,10.55,141,100,57,55
2021-07-12,Monday,0,Monsoon,Cloudy,No Occasion,0,317,8.07,84,87,120,26
2021-07-13,Tuesday,0,Monsoon,Rainy,No Occasion,0,221,6.31,79,66,29,47
2021-07-14,Wednesday,0,Monsoon,Rainy,No Occasion,0,292,6.86,75,142,62,13
2021-07-15,Thursday,0,Monsoon,Rainy,No Occasion,0,252,5.89,108,77,28,39
2021-07-16,Friday,0,Monsoon,Heavy Rain,No Occasion,0,267,6.87,63,132,40,32
2021-07-17,Saturday,1,Monsoon,Rainy,No Occasion,0,378,10.57,135,170,31,42
2021-07-18,Sunday,1,Monsoon,Heavy Rain,No Occasion,1,295,6.31,100,84,67,44
2021-07-19,Monday,0,Monsoon,Heavy Rain,No Occasion,1,228,4.61,45,125,40,18
2021-07-20,Tuesday,0,Monsoon,Sunny,No Occasion,0,333,8.09,97,107,73,56
2021-07-21,Wednesday,0,Monsoon,Rainy,No Occasion,0,169,4.91,57,59,50,3
2021-07-22,Thursday,0,Monsoon,Rainy,No Occasion,0,243,7.05,106,84,42,11
2021-07-23,Friday,0,Monsoon,Rainy,No Occasion,0,138,3.19,43,41,40,14
2021-07-24,Saturday,1,Monsoon,Rainy,Festival,1,383,11.06,68,118,59,138
2021-07-25,Sunday,1,Monsoon,Cloudy,No Occasion,0,411,11.79,156,125,66,64
2021-07-26,Monday,0,Monsoon,Rainy,No Occasion,0,311,8.93,47,116,94,54
2021-07-27,Tuesday,0,Monsoon,Rainy,No Occasion,0,275,6.7,84,115,67,9
2021-07-28,Wednesday,0,Monsoon,Cloudy,Festival,1,615,14.52,116,110,170,219
2021-07-29,Thursday,0,Monsoon,Cloudy,No Occasion,0,397,11.22,135,141,81,40
2021-07-30,Friday,0,Monsoon,Sunny,Festival,1,606,15.52,133,105,150,218
2021-07-31,Saturday,1,Monsoon,Cloudy,No Occasion,0,425,11.42,171,91,99,64
2021-08-01,Sunday,1,Monsoon,Rainy,No Occasion,0,348,8.25,125,119,85,19
2021-08-02,Monday,0,Monsoon,Rainy,No Occasion,0,347,7.62,128,94,93,32
2021-08-03,Tuesday,0,Monsoon,Heavy Rain,No Occasion,0,152,3.65,31,60,46,15
2021-08-04,Wednesday,0,Monsoon,Rainy,Local Event,0,248,5.17,78,117,32,21
2021-08-05,Thursday,0,Monsoon,Rainy,No Occasion,0,270,8.03,88,94,69,19
2021-08-06,Friday,0,Monsoon,Rainy,No Occasion,0,299,8.35,77,136,60,26
2021-08-07,Saturday,1,Monsoon,Rainy,No Occasion,0,253,6.52,83,104,39,27
2021-08-08,Sunday,1,Monsoon,Cloudy,Local Event,0,357,9.21,156,47,88,66
2021-08-09,Monday,0,Monsoon,Cloudy,No Occasion,0,247,5.01,66,56,48,77
2021-08-10,Tuesday,0,Monsoon,Rainy,No Occasion,0,263,6.62,87,92,52,32
2021-08-11,Wednesday,0,Monsoon,Rainy,No Occasion,0,188,4.05,71,77,30,10
2021-08-12,Thursday,0,Monsoon,Sunny,No Occasion,0,337,8.01,145,16,112,64
2021-08-13,Friday,0,Monsoon,Cloudy,No Occasion,0,263,7.42,121,59,35,48
2021-08-14,Saturday,1,Monsoon,Rainy,Festival,1,392,9.22,86,85,67,154
2021-08-15,Sunday,1,Monsoon,Rainy,No Occasion,0,267,6.98,47,123,82,15
2021-08-16,Monday,0,Monsoon,Sunny,No Occasion,0,335,8.41,79,63,71,122
2021-08-17,Tuesday,0,Monsoon,Rainy,No Occasion,1,272,5.63,62,127,20,63
2021-08-18,Wednesday,0,Monsoon,Rainy,No Occasion,0,212,5.73,62,68,49,33
2021-08-19,Thursday,0,Monsoon,Heavy Rain,No Occasion,0,159,3.2,43,58,42,16
2021-08-20,Friday,0,Monsoon,Rainy,No Occasion,0,289,8.18,76,89,87,37
2021-08-21,Saturday,1,Monsoon,Rainy,No Occasion,0,349,8.12,139,126,55,29
2021-08-22,Sunday,1,Monsoon,Rainy,No Occasion,0,395,11.37,131,131,88,45
2021-08-23,Monday,0,Monsoon,Cloudy,No Occasion,0,323,6.69,110,66,114,33
2021-08-24,Tuesday,0,Monsoon,Rainy,No Occasion,0,276,7.09,61,156,48,11
2021-08-25,Wednesday,0,Monsoon,Rainy,No Occasion,0,292,7.64,120,116,51,5
2021-08-26,Thursday,0,Monsoon,Rainy,No Occasion,0,265,7.92,100,102,40,23
2021-08-27,Friday,0,Monsoon,Cloudy,No Occasion,0,327,7.79,83,77,112,55
2021-08-28,Saturday,1,Monsoon,Rainy,No Occasion,1,287,5.97,89,66,71,61
2021-08-29,Sunday,1,Monsoon,Rainy,No Occasion,0,394,7.88,81,172,126,15
2021-08-30,Monday,0,Monsoon,Cloudy,No Occasion,0,294,5.94,173,46,40,35
2021-08-31,Tuesday,0,Monsoon,Cloudy,No Occasion,0,409,10.56,138,123,74,74
2021-09-01,Wednesday,0,Monsoon,Rainy,Local Event,0,272,7.91,72,126,43,31
2021-09-02,Thursday,0,Monsoon,Rainy,No Occasion,0,203,5.73,88,84,15,16
2021-09-03,Friday,0,Monsoon,Heavy Rain,No Occasion,0,174,4.52,42,68,50,14
2021-09-04,Saturday,1,Monsoon,Rainy,No Occasion,0,421,9.28,159,157,80,25
2021-09-05,Sunday,1,Monsoon,Cloudy,Festival,1,714,16.57,209,98,191,216
2021-09-06,Monday,0,Monsoon,Rainy,No Occasion,0,222,6.11,97,61,49,15
2021-09-07,Tuesday,0,Monsoon,Rainy,No Occasion,0,175,4.89,65,62,44,4
2021-09-08,Wednesday,0,Monsoon,Cloudy,No Occasion,0,249,7.23,77,96,44,32
2021-09-09,Thursday,0,Monsoon,Sunny,No Occasion,0,343,10.03,109,136,50,48
2021-09-10,Friday,0,Monsoon,Cloudy,No Occasion,0,354,8.0,128,102,93,31
2021-09-11,Saturday,1,Monsoon,Rainy,No Occasion,0,250,5.0,74,106,54,16
2021-09-12,Sunday,1,Monsoon,Rainy,No Occasion,0,252,7.1,83,98,57,14
2021-09-13,Monday,0,Monsoon,Cloudy,No Occasion,0,342,8.26,143,75,58,66
2021-09-14,Tuesday,0,Monsoon,Cloudy,No Occasion,0,267,6.08,114,59,62,32
2021-09-15,Wednesday,0,Monsoon,Sunny,Festival,1,477,11.45,101,125,107,144
2021-09-16,Thursday,0,Monsoon,Heavy Rain,No Occasion,0,225,5.74,82,87,43,13
2021-09-17,Friday,0,Monsoon,Heavy Rain,No Occasion,1,136,2.77,29,73,13,21
2021-09-18,Saturday,1,Monsoon,Cloudy,Festival,1,753,19.82,270,29,215,239
2021-09-19,Sunday,1,Monsoon,Cloudy,No Occasion,0,414,11.94,146,153,77,38
2021-09-20,Monday,0,Monsoon,Rainy,No Occasion,0,214,5.8,83,67,31,33
2021-09-21,Tuesday,0,Monsoon,Rainy,No Occasion,0,251,5.21,80,63,82,26
2021-09-22,Wednesday,0,Monsoon,Rainy,No Occasion,0,165,4.26,46,68,33,18
2021-09-23,Thursday,0,Monsoon,Sunny,Local Event,0,323,7.93,81,88,51,103
2021-09-24,Friday,0,Monsoon,Heavy Rain,No Occasion,0,183,4.42,62,80,34,7
2021-09-25,Saturday,1,Monsoon,Rainy,No Occasion,0,324,8.05,114,113,47,50
2021-09-26,Sunday,1,Monsoon,Cloudy,No Occasion,1,483,13.53,164,104,111,104
2021-09-27,Monday,0,Monsoon,Sunny,No Occasion,0,257,6.15,109,72,30,46
2021-09-28,Tuesday,0,Monsoon,Sunny,Festival,1,581,12.55,112,91,195,183
2021-09-29,Wednesday,0,Monsoon,Rainy,No Occasion,0,261,7.32,76,108,67,10
2021-09-30,Thursday,0,Monsoon,Heavy Rain,Festival,1,302,7.31,71,46,87,98
2021-10-01,Friday,0,Autumn,Sunny,Local Event,0,280,6.22,74,55,99,52
2021-10-02,Saturday,1,Autumn,Cloudy,Festival,1,597,13.44,148,56,159,234
2021-10-03,Sunday,1,Autumn,Sunny,Festival,1,630,16.59,186,71,129,244
2021-10-04,Monday,0,Autumn,Sunny,No Occasion,0,320,9.12,113,89,66,52
2021-10-05,Tuesday,0,Autumn,Rainy,No Occasion,0,291,8.22,103,115,56,17
2021-10-06,Wednesday,0,Autumn,Cloudy,No Occasion,0,394,7.96,119,125,28,122
2021-10-07,Thursday,0,Autumn,Sunny,No Occasion,0,243,6.06,76,84,68,15
2021-10-08,Friday,0,Autumn,Sunny,No Occasion,0,361,9.63,190,58,57,56
2021-10-09,Saturday,1,Autumn,Sunny,Local Event,0,425,11.27,166,78,137,44
2021-10-10,Sunday,1,Autumn,Cloudy,No Occasion,0,510,14.65,163,130,110,107
2021-10-11,Monday,0,Autumn,Rainy,No Occasion,0,195,4.57,57,73,60,5
2021-10-12,Tuesday,0,Autumn,Cloudy,Festival,1,603,17.7,150,112,149,192
2021-10-13,Wednesday,0,Autumn,Sunny,No Occasion,0,372,10.42,140,27,136,69
2021-10-14,Thursday,0,Autumn,Cloudy,No Occasion,0,361,7.32,110,127,49,75
2021-10-15,Friday,0,Autumn,Sunny,No Occasion,0,262,7.37,84,99,41,38
2021-10-16,Saturday,1,Autumn,Rainy,No Occasion,0,442,9.39,204,135,94,9
2021-10-17,Sunday,1,Autumn,Rainy,Local Event,0,397,9.77,130,126,78,63
2021-10-18,Monday,0,Autumn,Sunny,No Occasion,0,322,9.06,119,70,87,46
2021-10-19,Tuesday,0,Autumn,Rainy,No Occasion,0,259,7.17,113,85,24,37
2021-10-20,Wednesday,0,Autumn,Sunny,No Occasion,0,299,6.87,95,60,59,85
2021-10-21,Thursday,0,Autumn,Cloudy,Local Event,0,339,10.16,124,99,24,92
2021-10-22,Friday,0,Autumn,Sunny,No Occasion,0,329,7.24,72,63,95,99
2021-10-23,Saturday,1,Autumn,Sunny,No Occasion,0,420,10.3,124,130,79,87
2021-10-24,Sunday,1,Autumn,Sunny,Local Event,0,342,9.43,164,88,11,79
2021-10-25,Monday,0,Autumn,Sunny,Festival,1,585,12.2,93,136,128,228
2021-10-26,Tuesday,0,Autumn,Sunny,No Occasion,0,332,8.81,141,88,56,47
2021-10-27,Wednesday,0,Autumn,Sunny,No Occasion,0,294,6.04,94,79,68,53
2021-10-28,Thursday,0,Autumn,Rainy,No Occasion,0,198,4.48,72,72,34,20
2021-10-29,Friday,0,Autumn,Sunny,No Occasion,0,396,9.0,94,114,129,59
2021-10-30,Saturday,1,Autumn,Rainy,No Occasion,0,343,8.23,83,146,85,29
2021-10-31,Sunday,1,Autumn,Sunny,No Occasion,0,365,9.85,121,87,82,75
2021-11-01,Monday,0,Autumn,Sunny,No Occasion,0,301,6.06,115,114,27,45
2021-11-02,Tuesday,0,Autumn,Rainy,No Occasion,0,283,7.1,106,114,23,40
2021-11-03,Wednesday,0,Autumn,Cloudy,No Occasion,0,380,7.74,77,121,101,81
2021-11-04,Thursday,0,Autumn,Rainy,No Occasion,0,285,6.89,134,108,35,8
2021-11-05,Friday,0,Autumn,Rainy,No Occasion,0,289,8.43,96,80,61,52
2021-11-06,Saturday,1,Autumn,Sunny,No Occasion,0,469,11.94,173,83,63,150
2021-11-07,Sunday,1,Autumn,Cloudy,Festival,1,792,23.09,189,119,253,231
2021-11-08,Monday,0,Autumn,Sunny,No Occasion,0,356,9.17,104,108,45,99
2021-11-09,Tuesday,0,Autumn,Rainy,No Occasion,0,317,8.22,78,97,135,7
2021-11-10,Wednesday,0,Autumn,Rainy,No Occasion,1,268,6.61,80,63,70,55
2021-11-11,Thursday,0,Autumn,Cloudy,No Occasion,0,371,9.62,122,109,56,84
2021-11-12,Friday,0,Autumn,Sunny,No Occasion,0,295,7.95,73,83,94,45
2021-11-13,Saturday,1,Autumn,Cloudy,No Occasion,0,303,8.9,86,77,62,78
2021-11-14,Sunday,1,Autumn,Sunny,No Occasion,0,390,9.49,133,86,144,27
2021-11-15,Monday,0,Autumn,Sunny,No Occasion,0,315,8.95,68,94,94,59
2021-11-16,Tuesday,0,Autumn,Cloudy,No Occasion,0,315,8.42,135,111,5,64
2021-11-17,Wednesday,0,Autumn,Cloudy,Local Event,0,364,9.86,128,105,88,43
2021-11-18,Thursday,0,Autumn,Sunny,No Occasion,0,281,5.95,77,94,79,31
2021-11-19,Friday,0,Autumn,Sunny,No Occasion,0,308,9.17,77,103,83,45
2021-11-20,Saturday,1,Autumn,Rainy,No Occasion,0,371,10.49,125,171,49,26
2021-11-21,Sunday,1,Autumn,Cloudy,Festival,1,776,17.32,216,123,184,253
2021-11-22,Monday,0,Autumn,Rainy,No Occasion,0,295,6.12,96,121,56,22
2021-11-23,Tuesday,0,Autumn,Sunny,No Occasion,0,274,7.27,101,61,62,50
2021-11-24,Wednesday,0,Autumn,Sunny,No Occasion,0,292,7.41,117,71,58,46
2021-11-25,Thursday,0,Autumn,Cloudy,No Occasion,0,384,8.4,163,131,23,67
2021-11-26,Friday,0,Autumn,Sunny,No Occasion,0,318,8.83,89,109,29,91
2021-11-27,Saturday,1,Autumn,Sunny,Local Event,0,486,13.68,221,154,80,31
2021-11-28,Sunday,1,Autumn,Cloudy,No Occasion,0,421,11.0,143,147,83,48
2021-11-29,Monday,0,Autumn,Cloudy,No Occasion,0,249,5.2,61,75,68,45
2021-11-30,Tuesday,0,Autumn,Rainy,Festival,1,450,11.45,145,110,67,128
2021-12-01,Wednesday,0,Winter,Rainy,Festival,1,258,5.52,43,71,64,80
2021-12-02,Thursday,0,Winter,Foggy,Festival,1,605,13.81,122,112,129,242
2021-12-03,Friday,0,Winter,Sunny,Festival,0,421,10.51,109,87,115,110
2021-12-04,Saturday,1,Winter,Cold,No Occasion,0,298,7.37,76,86,66,70
2021-12-05,Sunday,1,Winter,Sunny,No Occasion,0,377,8.53,107,54,151,65
2021-12-06,Monday,0,Winter,Foggy,No Occasion,0,342,10.23,86,129,39,88
2021-12-07,Tuesday,0,Winter,Sunny,No Occasion,0,281,7.61,77,58,65,81
2021-12-08,Wednesday,0,Winter,Cold,Festival,1,584,13.51,101,87,143,253
2021-12-09,Thursday,0,Winter,Cold,No Occasion,0,297,7.04,90,53,25,129
2021-12-10,Friday,0,Winter,Sunny,No Occasion,0,306,8.75,132,86,14,74
2021-12-11,Saturday,1,Winter,Cold,Festival,1,793,18.97,197,125,179,292
2021-12-12,Sunday,1,Winter,Sunny,Festival,1,680,18.92,226,151,130,173
2021-12-13,Monday,0,Winter,Foggy,No Occasion,0,204,5.46,44,65,55,40
2021-12-14,Tuesday,0,Winter,Foggy,No Occasion,0,304,9.09,83,87,49,85
2021-12-15,Wednesday,0,Winter,Cold,No Occasion,0,325,9.57,84,83,67,91
2021-12-16,Thursday,0,Winter,Foggy,No Occasion,0,220,5.88,55,42,24,99
2021-12-17,Friday,0,Winter,Cold,Festival,1,491,11.47,86,92,108,205
2021-12-18,Saturday,1,Winter,Cold,No Occasion,0,287,7.21,70,14,74,129
2021-12-19,Sunday,1,Winter,Rainy,No Occasion,0,242,6.93,75,100,36,31
2021-12-20,Monday,0,Winter,Cold,No Occasion,0,322,8.93,96,83,56,87
2021-12-21,Tuesday,0,Winter,Foggy,No Occasion,0,333,9.29,81,61,94,97
2021-12-22,Wednesday,0,Winter,Cold,No Occasion,0,261,6.66,80,60,35,86
2021-12-23,Thursday,0,Winter,Cold,Local Event,1,503,11.32,109,155,50,189
2021-12-24,Friday,0,Winter,Foggy,No Occasion,0,244,7.12,65,81,30,68
2021-12-25,Saturday,1,Winter,Foggy,No Occasion,0,349,8.73,133,59,90,67
2021-12-26,Sunday,1,Winter,Sunny,No Occasion,0,394,10.03,137,91,51,115
2021-12-27,Monday,0,Winter,Sunny,No Occasion,0,317,9.26,90,132,24,71
2021-12-28,Tuesday,0,Winter,Foggy,No Occasion,0,260,7.55,77,48,62,73
2021-12-29,Wednesday,0,Winter,Sunny,No Occasion,0,338,8.57,90,81,75,92
2021-12-30,Thursday,0,Winter,Cold,No Occasion,0,399,11.43,91,72,130,106
2021-12-31,Friday,0,Winter,Cold,No Occasion,0,297,6.77,82,64,70,81
2022-01-01,Saturday,1,Winter,Cold,Festival,1,665,19.66,131,98,233,203
2022-01-02,Sunday,1,Winter,Sunny,Festival,1,640,14.55,134,66,189,251
2022-01-03,Monday,0,Winter,Foggy,No Occasion,0,344,8.93,132,50,47,115
2022-01-04,Tuesday,0,Winter,Foggy,No Occasion,0,198,4.73,51,67,44,36
2022-01-05,Wednesday,0,Winter,Cold,Local Event,0,322,7.8,104,66,29,123
2022-01-06,Thursday,0,Winter,Foggy,No Occasion,0,330,9.23,94,75,40,121
2022-01-07,Friday,0,Winter,Sunny,No Occasion,0,351,8.63,146,117,53,35
2022-01-08,Saturday,1,Winter,Cold,No Occasion,0,473,13.89,135,93,114,131
2022-01-09,Sunday,1,Winter,Foggy,No Occasion,0,374,9.78,104,84,95,91
2022-01-10,Monday,0,Winter,Cold,No Occasion,0,320,8.49,91,65,64,100
2022-01-11,Tuesday,0,Winter,Cold,No Occasion,0,323,8.03,84,64,42,133
2022-01-12,Wednesday,0,Winter,Sunny,No Occasion,0,206,4.85,96,49,23,38
2022-01-13,Thursday,0,Winter,Cold,No Occasion,0,367,8.13,62,141,66,98
2022-01-14,Friday,0,Winter,Sunny,No Occasion,0,320,7.15,75,56,109,80
2022-01-15,Saturday,1,Winter,Cold,No Occasion,0,413,10.56,166,65,53,129
2022-01-16,Sunday,1,Winter,Cold,No Occasion,0,293,5.96,72,81,35,105
2022-01-17,Monday,0,Winter,Sunny,No Occasion,0,304,8.84,61,69,106,68
2022-01-18,Tuesday,0,Winter,Sunny,No Occasion,0,385,9.02,139,77,82,87
2022-01-19,Wednesday,0,Winter,Sunny,No Occasion,0,277,7.7,77,54,49,97
2022-01-20,Thursday,0,Winter,Sunny,No Occasion,0,283,6.09,65,90,71,57
2022-01-21,Friday,0,Winter,Foggy,Festival,0,427,11.85,82,121,82,142
2022-01-22,Saturday,1,Winter,Foggy,No Occasion,0,349,10.16,104,89,79,77
2022-01-23,Sunday,1,Winter,Cold,No Occasion,0,463,12.3,135,127,85,116
2022-01-24,Monday,0,Winter,Foggy,Festival,1,656,19.2,114,129,153,260
2022-01-25,Tuesday,0,Winter,Foggy,Festival,1,541,12.38,90,40,142,269
2022-01-26,Wednesday,0,Winter,Cold,Local Event,0,243,6.85,71,44,62,66
2022-01-27,Thursday,0,Winter,Foggy,No Occasion,0,304,8.39,113,76,61,54
2022-01-28,Friday,0,Winter,Sunny,No Occasion,0,318,7.82,121,55,97,45
2022-01-29,Saturday,1,Winter,Rainy,No Occasion,0,235,5.62,59,106,31,39
2022-01-30,Sunday,1,Winter,Cold,No Occasion,0,426,10.3,117,98,107,104
2022-01-31,Monday,0,Winter,Foggy,No Occasion,0,316,8.59,124,75,36,81
2022-02-01,Tuesday,0,Winter,Rainy,No Occasion,0,311,8.74,107,109,35,60
2022-02-02,Wednesday,0,Winter,Cold,No Occasion,0,422,12.23,122,57,103,140
2022-02-03,Thursday,0,Winter,Sunny,No Occasion,0,356,9.13,120,81,51,104
2022-02-04,Friday,0,Winter,Rainy,No Occasion,0,145,3.07,35,55,49,6
2022-02-05,Saturday,1,Winter,Cold,Local Event,1,500,11.12,203,152,39,106
2022-02-06,Sunday,1,Winter,Cold,No Occasion,0,232,6.92,46,50,63,73
2022-02-07,Monday,0,Winter,Cold,No Occasion,0,322,7.63,88,51,83,100
2022-02-08,Tuesday,0,Winter,Cold,No Occasion,0,350,10.22,89,73,54,134
2022-02-09,Wednesday,0,Winter,Cold,No Occasion,0,352,8.46,119,57,51,125
2022-02-10,Thursday,0,Winter,Rainy,No Occasion,0,174,4.47,37,57,32,48
2022-02-11,Friday,0,Winter,Sunny,No Occasion,0,311,8.74,69,98,56,88
2022-02-12,Saturday,1,Winter,Foggy,No Occasion,0,388,10.24,82,99,97,110
2022-02-13,Sunday,1,Winter,Rainy,No Occasion,0,301,6.28,104,92,52,53
2022-02-14,Monday,0,Winter,Foggy,Festival,1,616,14.73,99,112,179,226
2022-02-15,Tuesday,0,Winter,Foggy,Festival,1,509,11.45,121,92,105,191
2022-02-16,Wednesday,0,Winter,Cold,Local Event,0,350,8.58,81,69,61,139
2022-02-17,Thursday,0,Winter,Cold,No Occasion,0,282,5.83,62,51,62,107
2022-02-18,Friday,0,Winter,Cold,No Occasion,0,374,7.61,127,115,53,79
2022-02-19,Saturday,1,Winter,Sunny,Festival,1,688,14.28,204,78,183,223
2022-02-20,Sunday,1,Winter,Rainy,No Occasion,0,321,6.88,63,131,97,30
2022-02-21,Monday,0,Winter,Rainy,No Occasion,0,219,5.89,48,77,50,44
2022-02-22,Tuesday,0,Winter,Cold,No Occasion,0,353,8.94,74,86,94,99
2022-02-23,Wednesday,0,Winter,Cold,No Occasion,0,371,10.69,112,80,74,105
2022-02-24,Thursday,0,Winter,Cold,No Occasion,0,298,8.66,124,46,50,78
2022-02-25,Friday,0,Winter,Cold,No Occasion,1,498,11.75,145,87,96,170
2022-02-26,Saturday,1,Winter,Cold,No Occasion,0,502,13.33,163,131,41,167
2022-02-27,Sunday,1,Winter,Cold,No Occasion,0,426,11.24,140,82,66,138
2022-02-28,Monday,0,Winter,Foggy,No Occasion,0,241,5.19,68,68,65,40
2022-03-01,Tuesday,0,Summer,Sunny,No Occasion,0,201,5.64,78,57,42,24
2022-03-02,Wednesday,0,Summer,Sunny,No Occasion,0,390,9.3,103,126,100,61
2022-03-03,Thursday,0,Summer,Cloudy,No Occasion,0,238,5.58,76,92,21,49
2022-03-04,Friday,0,Summer,Sunny,No Occasion,0,290,6.24,78,109,46,57
2022-03-05,Saturday,1,Summer,Sunny,No Occasion,0,425,12.35,137,117,92,79
2022-03-06,Sunday,1,Summer,Sunny,Local Event,0,429,8.74,155,209,44,21
2022-03-07,Monday,0,Summer,Sunny,No Occasion,0,280,7.88,126,71,63,20
2022-03-08,Tuesday,0,Summer,Sunny,No Occasion,0,404,10.24,124,156,55,69
2022-03-09,Wednesday,0,Summer,Cloudy,No Occasion,1,510,14.53,188,125,77,120
2022-03-10,Thursday,0,Summer,Sunny,No Occasion,0,343,7.6,98,86,101,58
2022-03-11,Friday,0,Summer,Cloudy,No Occasion,0,283,7.04,68,96,81,38
2022-03-12,Saturday,1,Summer,Sunny,No Occasion,0,386,8.26,128,87,75,96
2022-03-13,Sunday,1,Summer,Sunny,No Occasion,1,536,12.59,176,137,131,92
2022-03-14,Monday,0,Summer,Sunny,No Occasion,0,384,10.19,100,150,78,56
2022-03-15,Tuesday,0,Summer,Sunny,No Occasion,0,244,5.99,79,72,39,54
2022-03-16,Wednesday,0,Summer,Sunny,No Occasion,0,280,7.39,74,52,91,63
2022-03-17,Thursday,0,Summer,Cloudy,Festival,1,506,10.88,124,108,117,157
2022-03-18,Friday,0,Summer,Cloudy,No Occasion,0,273,8.13,89,70,85,29
2022-03-19,Saturday,1,Summer,Sunny,No Occasion,0,413,10.11,124,131,125,33
2022-03-20,Sunday,1,Summer,Sunny,No Occasion,0,357,10.51,149,75,71,62
2022-03-21,Monday,0,Summer,Sunny,Festival,1,641,18.58,199,105,179,158
2022-03-22,Tuesday,0,Summer,Cloudy,Festival,1,623,17.61,124,157,133,209
2022-03-23,Wednesday,0,Summer,Sunny,No Occasion,0,311,8.59,103,95,71,42
2022-03-24,Thursday,0,Summer,Sunny,No Occasion,0,311,8.9,117,116,42,36
2022-03-25,Friday,0,Summer,Sunny,No Occasion,0,298,6.98,113,95,53,37
2022-03-26,Saturday,1,Summer,Sunny,No Occasion,0,440,13.02,115,135,128,62
2022-03-27,Sunday,1,Summer,Sunny,No Occasion,0,348,9.01,131,68,66,83
2022-03-28,Monday,0,Summer,Rainy,No Occasion,0,315,8.85,72,123,62,58
2022-03-29,Tuesday,0,Summer,Sunny,No Occasion,0,292,7.12,84,101,78,29
2022-03-30,Wednesday,0,Summer,Sunny,Local Event,0,296,8.26,101,111,54,30
2022-03-31,Thursday,0,Summer,Sunny,Festival,1,482,12.18,77,98,141,166
2022-04-01,Friday,0,Summer,Sunny,No Occasion,0,373,9.62,81,217,73,2
2022-04-02,Saturday,1,Summer,Rainy,No Occasion,0,279,7.17,93,82,77,27
2022-04-03,Sunday,1,Summer,Cloudy,No Occasion,0,353,9.62,126,89,99,39
2022-04-04,Monday,0,Summer,Rainy,No Occasion,0,263,6.53,77,95,69,22
2022-04-05,Tuesday,0,Summer,Sunny,No Occasion,0,270,7.64,92,93,46,39
2022-04-06,Wednesday,0,Summer,Rainy,No Occasion,0,212,4.32,56,64,52,40
2022-04-07,Thursday,0,Summer,Rainy,No Occasion,0,180,4.82,73,62,4,41
2022-04-08,Friday,0,Summer,Sunny,No Occasion,0,289,7.27,78,76,107,28
2022-04-09,Saturday,1,Summer,Sunny,No Occasion,0,323,9.38,108,121,49,45
2022-04-10,Sunday,1,Summer,Sunny,Festival,0,522,13.54,168,98,129,127
2022-04-11,Monday,0,Summer,Sunny,No Occasion,0,267,5.86,84,74,38,71
2022-04-12,Tuesday,0,Summer,Sunny,Festival,1,628,15.49,121,129,201,177
2022-04-13,Wednesday,0,Summer,Sunny,No Occasion,0,329,7.88,120,128,67,14
2022-04-14,Thursday,0,Summer,Cloudy,Local Event,0,352,7.71,164,100,55,33
2022-04-15,Friday,0,Summer,Sunny,No Occasion,0,357,9.93,87,98,99,73
2022-04-16,Saturday,1,Summer,Cloudy,No Occasion,0,366,8.3,95,123,60,88
2022-04-17,Sunday,1,Summer,Cloudy,No Occasion,0,292,7.7,101,115,23,53
2022-04-18,Monday,0,Summer,Sunny,Local Event,0,369,9.34,137,90,110,32
2022-04-19,Tuesday,0,Summer,Sunny,No Occasion,0,164,3.7,60,66,29,9
2022-04-20,Wednesday,0,Summer,Cloudy,No Occasion,0,334,9.34,114,102,110,8
2022-04-21,Thursday,0,Summer,Sunny,Local Event,1,435,12.98,169,107,14,145
2022-04-22,Friday,0,Summer,Sunny,No Occasion,0,281,8.01,67,108,44,62
2022-04-23,Saturday,1,Summer,Rainy,Local Event,1,348,7.45,46,121,59,122
2022-04-24,Sunday,1,Summer,Sunny,No Occasion,0,358,9.43,84,170,52,52
2022-04-25,Monday,0,Summer,Cloudy,No Occasion,0,271,5.98,76,98,82,15
2022-04-26,Tuesday,0,Summer,Sunny,No Occasion,0,388,10.82,128,120,98,42
2022-04-27,Wednesday,0,Summer,Sunny,No Occasion,0,315,6.8,48,136,74,57
2022-04-28,Thursday,0,Summer,Cloudy,No Occasion,0,279,6.96,92,87,64,36
2022-04-29,Friday,0,Summer,Sunny,No Occasion,0,364,8.94,120,100,79,65
2022-04-30,Saturday,1,Summer,Sunny,No Occasion,0,392,8.77,140,144,67,41
2022-05-01,Sunday,1,Summer,Sunny,Local Event,1,495,9.99,128,157,102,108
2022-05-02,Monday,0,Summer,Cloudy,No Occasion,0,368,7.81,69,137,74,88
2022-05-03,Tuesday,0,Summer,Sunny,No Occasion,0,350,10.08,100,119,65,66
2022-05-04,Wednesday,0,Summer,Sunny,No Occasion,0,334,7.21,138,67,55,74
2022-05-05,Thursday,0,Summer,Sunny,No Occasion,0,362,7.41,76,131,61,94
2022-05-06,Friday,0,Summer,Rainy,No Occasion,0,210,5.81,75,70,36,29
2022-05-07,Saturday,1,Summer,Sunny,Festival,1,724,19.73,220,147,189,168
2022-05-08,Sunday,1,Summer,Cloudy,No Occasion,0,398,10.63,134,141,62,61
2022-05-09,Monday,0,Summer,Cloudy,Festival,1,590,16.01,83,132,188,187
2022-05-10,Tuesday,0,Summer,Sunny,No Occasion,0,276,7.84,106,103,51,16
2022-05-11,Wednesday,0,Summer,Cloudy,Local Event,0,247,5.19,69,94,25,59
2022-05-12,Thursday,0,Summer,Sunny,No Occasion,0,188,5.53,40,71,26,51
2022-05-13,Friday,0,Summer,Cloudy,No Occasion,0,283,5.71,39,125,79,40
2022-05-14,Saturday,1,Summer,Cloudy,Local Event,1,540,10.96,93,144,189,114
2022-05-15,Sunday,1,Summer,Sunny,No Occasion,0,398,9.01,138,128,113,19
2022-05-16,Monday,0,Summer,Cloudy,No Occasion,0,262,5.41,101,98,54,9
2022-05-17,Tuesday,0,Summer,Cloudy,No Occasion,0,230,5.28,69,57,44,60
2022-05-18,Wednesday,0,Summer,Cloudy,No Occasion,0,376,9.38,105,123,51,97
2022-05-19,Thursday,0,Summer,Cloudy,No Occasion,0,393,10.89,116,144,45,88
2022-05-20,Friday,0,Summer,Cloudy,No Occasion,0,339,9.98,67,129,66,77
2022-05-21,Saturday,1,Summer,Cloudy,Festival,1,707,19.75,164,134,196,213
2022-05-22,Sunday,1,Summer,Sunny,No Occasion,0,404,9.65,122,127,90,65
2022-05-23,Monday,0,Summer,Cloudy,Local Event,1,493,12.42,147,120,146,80
2022-05-24,Tuesday,0,Summer,Sunny,No Occasion,0,309,6.37,120,107,4,78
2022-05-25,Wednesday,0,Summer,Rainy,Local Event,1,258,5.19,71,92,63,32
2022-05-26,Thursday,0,Summer,Sunny,No Occasion,0,310,7.22,92,67,97,54
2022-05-27,Friday,0,Summer,Cloudy,No Occasion,0,259,7.69,94,81,25,59
2022-05-28,Saturday,1,Summer,Sunny,No Occasion,0,458,9.4,123,152,93,90
2022-05-29,Sunday,1,Summer,Sunny,No Occasion,0,397,8.36,118,104,118,57
2022-05-30,Monday,0,Summer,Cloudy,No Occasion,0,372,9.2,127,158,57,30
2022-05-31,Tuesday,0,Summer,Sunny,No Occasion,0,319,7.9,111,97,70,41
2022-06-01,Wednesday,0,Monsoon,Sunny,No Occasion,0,288,8.27,90,96,67,35
2022-06-02,Thursday,0,Monsoon,Rainy,No Occasion,0,165,4.45,28,74,39,24
2022-06-03,Friday,0,Monsoon,Rainy,No Occasion,0,264,5.83,57,94,64,49
2022-06-04,Saturday,1,Monsoon,Rainy,No Occasion,0,331,8.89,130,92,94,15
2022-06-05,Sunday,1,Monsoon,Cloudy,Local Event,1,629,14.5,209,102,144,174
2022-06-06,Monday,0,Monsoon,Sunny,No Occasion,0,246,5.02,66,54,58,68
2022-06-07,Tuesday,0,Monsoon,Rainy,No Occasion,0,277,7.44,111,91,43,32
2022-06-08,Wednesday,0,Monsoon,Rainy,No Occasion,0,215,5.01,75,49,76,15
2022-06-09,Thursday,0,Monsoon,Rainy,No Occasion,0,261,5.85,91,80,54,36
2022-06-10,Friday,0,Monsoon,Heavy Rain,Festival,1,229,6.86,37,63,40,89
2022-06-11,Saturday,1,Monsoon,Cloudy,No Occasion,0,486,10.87,152,106,135,93
2022-06-12,Sunday,1,Monsoon,Heavy Rain,Festival,1,360,10.15,91,80,124,65
2022-06-13,Monday,0,Monsoon,Sunny,No Occasion,0,303,8.13,126,41,93,43
2022-06-14,Tuesday,0,Monsoon,Sunny,No Occasion,0,427,10.68,113,144,93,77
2022-06-15,Wednesday,0,Monsoon,Heavy Rain,No Occasion,0,116,2.67,52,37,19,8
2022-06-16,Thursday,0,Monsoon,Cloudy,No Occasion,0,252,7.37,65,110,69,8
2022-06-17,Friday,0,Monsoon,Rainy,No Occasion,0,229,6.81,109,96,21,3
2022-06-18,Saturday,1,Monsoon,Cloudy,Festival,1,840,19.62,256,124,194,266
2022-06-19,Sunday,1,Monsoon,Rainy,Local Event,0,310,8.67,112,113,46,39
2022-06-20,Monday,0,Monsoon,Rainy,No Occasion,0,155,3.79,57,56,31,11
2022-06-21,Tuesday,0,Monsoon,Cloudy,Festival,1,570,12.8,129,118,135,188
2022-06-22,Wednesday,0,Monsoon,Rainy,Festival,1,338,7.33,55,91,89,103
2022-06-23,Thursday,0,Monsoon,Cloudy,No Occasion,0,338,6.9,103,82,106,47
2022-06-24,Friday,0,Monsoon,Rainy,No Occasion,0,263,5.66,72,113,39,39
2022-06-25,Saturday,1,Monsoon,Rainy,Festival,1,435,9.84,106,106,128,95
2022-06-26,Sunday,1,Monsoon,Rainy,No Occasion,0,368,10.87,134,87,93,54
2022-06-27,Monday,0,Monsoon,Sunny,No Occasion,0,309,7.84,139,99,35,36
2022-06-28,Tuesday,0,Monsoon,Rainy,No Occasion,0,298,5.98,92,120,50,36
2022-06-29,Wednesday,0,Monsoon,Rainy,No Occasion,0,209,5.58,66,85,42,16
2022-06-30,Thursday,0,Monsoon,Heavy Rain,No Occasion,0,136,3.5,32,55,42,7
2022-07-01,Friday,0,Monsoon,Cloudy,No Occasion,0,219,6.54,60,73,50,36
2022-07-02,Saturday,1,Monsoon,Rainy,No Occasion,0,335,9.05,78,91,68,98
2022-07-03,Sunday,1,Monsoon,Cloudy,No Occasion,0,394,8.85,159,63,122,50
2022-07-04,Monday,0,Monsoon,Rainy,No Occasion,0,258,7.45,83,77,59,39
2022-07-05,Tuesday,0,Monsoon,Rainy,No Occasion,0,200,5.11,41,78,55,26
2022-07-06,Wednesday,0,Monsoon,Sunny,No Occasion,0,269,5.54,57,97,72,43
2022-07-07,Thursday,0,Monsoon,Rainy,No Occasion,0,277,8.19,109,67,91,10
2022-07-08,Friday,0,Monsoon,Rainy,No Occasion,0,252,5.82,78,100,59,15
2022-07-09,Saturday,1,Monsoon,Rainy,No Occasion,0,435,10.48,155,180,89,11
2022-07-10,Sunday,1,Monsoon,Cloudy,No Occasion,0,451,11.9,225,71,81,74
2022-07-11,Monday,0,Monsoon,Rainy,No Occasion,0,235,5.33,78,78,46,33
2022-07-12,Tuesday,0,Monsoon,Rainy,No Occasion,0,209,4.73,79,89,34,7
2022-07-13,Wednesday,0,Monsoon,Cloudy,No Occasion,0,250,6.83,67,97,63,23
2022-07-14,Thursday,0,Monsoon,Cloudy,No Occasion,0,229,6.17,103,32,46,48
2022-07-15,Friday,0,Monsoon,Rainy,Festival,1,391,10.7,76,143,79,93
2022-07-16,Saturday,1,Monsoon,Cloudy,No Occasion,0,437,10.1,132,138,68,99
2022-07-17,Sunday,1,Monsoon,Rainy,No Occasion,0,449,13.32,146,131,149,23
2022-07-18,Monday,0,Monsoon,Heavy Rain,No Occasion,0,111,2.4,34,37,26,14
2022-07-19,Tuesday,0,Monsoon,Sunny,No Occasion,0,342,9.78,79,118,74,71
2022-07-20,Wednesday,0,Monsoon,Heavy Rain,Festival,1,263,5.46,61,56,70,76
2022-07-21,Thursday,0,Monsoon,Rainy,Festival,1,352,10.21,129,90,47,86
2022-07-22,Friday,0,Monsoon,Heavy Rain,Festival,0,352,9.33,92,77,105,78
2022-07-23,Saturday,1,Monsoon,Rainy,No Occasion,0,385,11.26,113,187,46,39
2022-07-24,Sunday,1,Monsoon,Heavy Rain,Festival,1,380,8.49,130,102,74,74
2022-07-25,Monday,0,Monsoon,Rainy,Local Event,0,376,9.82,150,144,65,17
2022-07-26,Tuesday,0,Monsoon,Sunny,No Occasion,0,297,8.9,101,82,61,53
2022-07-27,Wednesday,0,Monsoon,Rainy,No Occasion,0,242,5.71,77,82,77,6
2022-07-28,Thursday,0,Monsoon,Rainy,Festival,0,345,9.29,96,112,73,64
2022-07-29,Friday,0,Monsoon,Rainy,No Occasion,0,278,5.85,106,83,45,44
2022-07-30,Saturday,1,Monsoon,Rainy,Local Event,1,334,9.66,125,89,75,45
2022-07-31,Sunday,1,Monsoon,Cloudy,No Occasion,0,486,10.15,166,133,89,98
2022-08-01,Monday,0,Monsoon,Rainy,Festival,1,311,8.38,83,79,60,89
2022-08-02,Tuesday,0,Monsoon,Rainy,No Occasion,0,226,6.27,65,77,61,23
2022-08-03,Wednesday,0,Monsoon,Heavy Rain,No Occasion,0,212,5.1,57,64,53,38
2022-08-04,Thursday,0,Monsoon,Rainy,No Occasion,0,303,6.29,86,100,87,30
2022-08-05,Friday,0,Monsoon,Rainy,No Occasion,0,184,4.09,76,50,54,4
2022-08-06,Saturday,1,Monsoon,Rainy,No Occasion,0,180,4.06,67,75,30,8
2022-08-07,Sunday,1,Monsoon,Cloudy,No Occasion,0,345,8.29,156,104,54,31
2022-08-08,Monday,0,Monsoon,Rainy,No Occasion,0,204,5.1,64,108,22,10
2022-08-09,Tuesday,0,Monsoon,Heavy Rain,No Occasion,0,134,4.0,54,39,17,24
2022-08-10,Wednesday,0,Monsoon,Rainy,No Occasion,0,200,4.65,90,78,23,9
2022-08-11,Thursday,0,Monsoon,Cloudy,No Occasion,0,257,6.49,91,68,77,21
2022-08-12,Friday,0,Monsoon,Heavy Rain,No Occasion,0,148,3.99,32,42,59,15
2022-08-13,Saturday,1,Monsoon,Rainy,No Occasion,0,284,8.11,121,65,74,24
2022-08-14,Sunday,1,Monsoon,Cloudy,Festival,0,560,14.47,104,79,180,197
2022-08-15,Monday,0,Monsoon,Rainy,No Occasion,0,314,8.23,85,67,92,70
2022-08-16,Tuesday,0,Monsoon,Rainy,No Occasion,1,295,8.1,104,103,24,64
2022-08-17,Wednesday,0,Monsoon,Rainy,No Occasion,0,327,7.65,55,116,109,47
2022-08-18,Thursday,0,Monsoon,Rainy,Festival,0,416,10.71,100,120,87,109
2022-08-19,Friday,0,Monsoon,Sunny,Festival,1,663,19.79,179,111,165,208
2022-08-20,Saturday,1,Monsoon,Rainy,No Occasion,0,260,7.51,94,84,54,28
2022-08-21,Sunday,1,Monsoon,Heavy Rain,Festival,1,420,10.6,91,111,140,78
2022-08-22,Monday,0,Monsoon,Rainy,Local Event,0,234,6.78,55,88,49,42
2022-08-23,Tuesday,0,Monsoon,Rainy,No Occasion,1,314,6.42,40,135,64,75
2022-08-24,Wednesday,0,Monsoon,Rainy,No Occasion,0,253,5.86,59,124,21,49
2022-08-25,Thursday,0,Monsoon,Rainy,Local Event,1,299,7.5,50,96,99,54
2022-08-26,Friday,0,Monsoon,Rainy,No Occasion,0,323,8.32,75,156,61,31
2022-08-27,Saturday,1,Monsoon,Cloudy,Local Event,1,450,10.28,230,137,50,33
2022-08-28,Sunday,1,Monsoon,Cloudy,No Occasion,0,456,10.23,147,126,120,63
2022-08-29,Monday,0,Monsoon,Rainy,Local Event,0,249,7.41,70,76,59,44
2022-08-30,Tuesday,0,Monsoon,Rainy,No Occasion,0,302,7.98,84,127,82,9
2022-08-31,Wednesday,0,Monsoon,Cloudy,No Occasion,0,290,6.8,104,80,41,65
2022-09-01,Thursday,0,Monsoon,Cloudy,No Occasion,0,326,9.38,130,72,92,32
2022-09-02,Friday,0,Monsoon,Cloudy,Local Event,1,411,10.75,91,139,43,138
2022-09-03,Saturday,1,Monsoon,Rainy,Local Event,0,324,9.25,113,125,82,4
2022-09-04,Sunday,1,Monsoon,Rainy,No Occasion,0,343,7.79,129,92,88,34
2022-09-05,Monday,0,Monsoon,Rainy,No Occasion,0,293,8.07,98,92,58,45
2022-09-06,Tuesday,0,Monsoon,Rainy,No Occasion,0,230,5.49,68,114,13,35
2022-09-07,Wednesday,0,Monsoon,Heavy Rain,No Occasion,0,229,5.55,96,75,33,25
2022-09-08,Thursday,0,Monsoon,Rainy,Local Event,1,266,6.57,78,106,38,44
2022-09-09,Friday,0,Monsoon,Rainy,Local Event,1,227,5.05,59,73,52,43
2022-09-10,Saturday,1,Monsoon,Cloudy,No Occasion,0,329,8.54,87,98,93,51
2022-09-11,Sunday,1,Monsoon,Heavy Rain,Local Event,0,320,7.43,129,119,64,8
2022-09-12,Monday,0,Monsoon,Rainy,No Occasion,0,290,6.17,81,76,78,55
2022-09-13,Tuesday,0,Monsoon,Rainy,No Occasion,0,248,5.91,64,102,47,35
2022-09-14,Wednesday,0,Monsoon,Rainy,No Occasion,0,329,9.48,106,123,55,45
2022-09-15,Thursday,0,Monsoon,Rainy,No Occasion,0,225,5.17,88,91,30,16
2022-09-16,Friday,0,Monsoon,Rainy,No Occasion,0,202,5.51,55,48,63,36
2022-09-17,Saturday,1,Monsoon,Cloudy,No Occasion,0,307,6.56,93,89,78,47
2022-09-18,Sunday,1,Monsoon,Heavy Rain,No Occasion,0,285,7.08,119,132,29,5
2022-09-19,Monday,0,Monsoon,Cloudy,No Occasion,0,345,6.96,138,98,39,70
2022-09-20,Tuesday,0,Monsoon,Rainy,Festival,1,349,8.3,73,98,72,106
2022-09-21,Wednesday,0,Monsoon,Sunny,No Occasion,0,372,7.74,145,88,54,85
2022-09-22,Thursday,0,Monsoon,Rainy,No Occasion,0,236,6.11,82,94,31,29
2022-09-23,Friday,0,Monsoon,Heavy Rain,No Occasion,1,228,5.8,80,59,47,42
2022-09-24,Saturday,1,Monsoon,Rainy,Local Event,0,355,10.53,151,126,59,19
2022-09-25,Sunday,1,Monsoon,Rainy,No Occasion,0,354,10.4,136,143,42,33
2022-09-26,Monday,0,Monsoon,Rainy,No Occasion,0,256,7.02,79,76,59,42
2022-09-27,Tuesday,0,Monsoon,Heavy Rain,No Occasion,0,80,1.98,31,22,25,2
2022-09-28,Wednesday,0,Monsoon,Cloudy,No Occasion,0,310,8.9,101,37,89,83
2022-09-29,Thursday,0,Monsoon,Rainy,No Occasion,0,281,7.84,112,81,83,5
2022-09-30,Friday,0,Monsoon,Rainy,No Occasion,1,273,6.23,88,128,37,20
2022-10-01,Saturday,1,Autumn,Cloudy,Local Event,0,428,10.84,166,121,66,75
2022-10-02,Sunday,1,Autumn,Sunny,No Occasion,0,444,12.75,183,36,162,63
2022-10-03,Monday,0,Autumn,Cloudy,No Occasion,0,273,6.47,100,81,77,15
2022-10-04,Tuesday,0,Autumn,Rainy,No Occasion,0,205,5.86,74,94,27,10
2022-10-05,Wednesday,0,Autumn,Rainy,No Occasion,0,322,7.74,91,141,79,11
2022-10-06,Thursday,0,Autumn,Sunny,No Occasion,0,351,10.51,112,79,88,72
2022-10-07,Friday,0,Autumn,Cloudy,No Occasion,0,230,5.77,66,58,66,40
2022-10-08,Saturday,1,Autumn,Rainy,No Occasion,0,322,7.51,93,94,75,60
2022-10-09,Sunday,1,Autumn,Cloudy,No Occasion,0,383,7.93,194,28,109,52
2022-10-10,Monday,0,Autumn,Rainy,No Occasion,0,157,3.31,40,47,37,33
2022-10-11,Tuesday,0,Autumn,Sunny,Festival,1,596,17.11,115,141,81,259
2022-10-12,Wednesday,0,Autumn,Sunny,No Occasion,0,277,7.15,45,101,65,66
2022-10-13,Thursday,0,Autumn,Cloudy,No Occasion,0,372,9.58,112,84,69,107
2022-10-14,Friday,0,Autumn,Sunny,No Occasion,0,275,6.97,107,60,47,61
2022-10-15,Saturday,1,Autumn,Rainy,No Occasion,0,319,8.74,101,100,112,6
2022-10-16,Sunday,1,Autumn,Rainy,No Occasion,0,417,11.2,144,157,102,14
2022-10-17,Monday,0,Autumn,Cloudy,No Occasion,0,302,6.5,65,51,89,97
2022-10-18,Tuesday,0,Autumn,Sunny,No Occasion,0,272,6.82,123,79,23,47
2022-10-19,Wednesday,0,Autumn,Sunny,No Occasion,0,200,4.82,57,60,39,44
2022-10-20,Thursday,0,Autumn,Cloudy,No Occasion,0,359,8.3,87,59,182,31
2022-10-21,Friday,0,Autumn,Sunny,No Occasion,0,427,9.98,83,119,89,136
2022-10-22,Saturday,1,Autumn,Cloudy,No Occasion,0,397,10.77,113,95,115,74
2022-10-23,Sunday,1,Autumn,Rainy,No Occasion,0,294,6.64,103,84,96,11
2022-10-24,Monday,0,Autumn,Rainy,No Occasion,0,294,6.23,94,138,50,12
2022-10-25,Tuesday,0,Autumn,Sunny,Local Event,0,280,7.58,89,69,59,63
2022-10-26,Wednesday,0,Autumn,Rainy,No Occasion,0,318,9.23,109,125,67,17
2022-10-27,Thursday,0,Autumn,Cloudy,No Occasion,0,330,8.1,100,115,69,46
2022-10-28,Friday,0,Autumn,Sunny,No Occasion,0,249,5.52,83,50,74,42
2022-10-29,Saturday,1,Autumn,Cloudy,No Occasion,0,383,8.91,127,95,84,77
2022-10-30,Sunday,1,Autumn,Cloudy,No Occasion,1,605,17.67,239,148,141,77
2022-10-31,Monday,0,Autumn,Rainy,No Occasion,0,303,8.7,61,139,83,20
2022-11-01,Tuesday,0,Autumn,Sunny,Festival,1,510,14.53,86,92,123,209
2022-11-02,Wednesday,0,Autumn,Sunny,No Occasion,0,361,10.6,123,91,115,32
2022-11-03,Thursday,0,Autumn,Cloudy,No Occasion,0,349,7.9,90,85,99,75
2022-11-04,Friday,0,Autumn,Rainy,No Occasion,0,215,6.21,57,63,63,32
2022-11-05,Saturday,1,Autumn,Sunny,No Occasion,0,455,9.62,139,167,68,81
2022-11-06,Sunday,1,Autumn,Sunny,No Occasion,0,475,12.49,119,73,161,122
2022-11-07,Monday,0,Autumn,Cloudy,No Occasion,0,208,5.25,48,62,51,47
2022-11-08,Tuesday,0,Autumn,Rainy,No Occasion,0,217,5.68,63,90,54,10
2022-11-09,Wednesday,0,Autumn,Cloudy,Local Event,1,379,10.11,131,125,55,68
2022-11-10,Thursday,0,Autumn,Sunny,No Occasion,0,310,8.6,95,62,99,54
2022-11-11,Friday,0,Autumn,Sunny,No Occasion,0,306,7.42,67,99,60,80
2022-11-12,Saturday,1,Autumn,Sunny,No Occasion,0,408,11.76,147,78,103,80
2022-11-13,Sunday,1,Autumn,Sunny,No Occasion,0,461,12.08,205,82,99,75
2022-11-14,Monday,0,Autumn,Sunny,No Occasion,0,350,7.63,114,81,70,85
2022-11-15,Tuesday,0,Autumn,Sunny,Local Event,1,389,10.69,91,114,110,74
2022-11-16,Wednesday,0,Autumn,Cloudy,No Occasion,0,399,10.78,115,134,54,96
2022-11-17,Thursday,0,Autumn,Sunny,No Occasion,0,352,8.17,96,101,83,72
2022-11-18,Friday,0,Autumn,Cloudy,No Occasion,0,371,8.38,134,101,49,87
2022-11-19,Saturday,1,Autumn,Rainy,No Occasion,0,336,8.73,123,89,57,67
2022-11-20,Sunday,1,Autumn,Cloudy,No Occasion,0,404,8.63,137,136,75,56
2022-11-21,Monday,0,Autumn,Rainy,Local Event,1,266,7.27,82,71,73,40
2022-11-22,Tuesday,0,Autumn,Rainy,No Occasion,0,221,5.24,72,78,37,34
2022-11-23,Wednesday,0,Autumn,Sunny,No Occasion,0,329,9.51,92,76,80,81
2022-11-24,Thursday,0,Autumn,Cloudy,No Occasion,0,325,8.93,113,86,61,65
2022-11-25,Friday,0,Autumn,Sunny,No Occasion,0,320,9.07,116,105,58,41
2022-11-26,Saturday,1,Autumn,Rainy,No Occasion,0,367,7.7,136,159,35,37
2022-11-27,Sunday,1,Autumn,Cloudy,No Occasion,0,508,10.99,184,102,126,96
2022-11-28,Monday,0,Autumn,Rainy,No Occasion,0,252,5.24,62,60,71,59
2022-11-29,Tuesday,0,Autumn,Cloudy,Local Event,1,389,9.52,83,48,138,120
2022-11-30,Wednesday,0,Autumn,Rainy,No Occasion,0,279,5.76,84,105,38,52
2022-12-01,Thursday,0,Winter,Foggy,No Occasion,0,369,9.01,124,69,67,109
2022-12-02,Friday,0,Winter,Cold,No Occasion,0,234,6.49,45,42,42,105
2022-12-03,Saturday,1,Winter,Foggy,No Occasion,0,364,8.77,102,108,80,74
2022-12-04,Sunday,1,Winter,Cold,No Occasion,0,417,12.22,156,43,73,145
2022-12-05,Monday,0,Winter,Cold,No Occasion,0,389,8.27,110,83,63,133
2022-12-06,Tuesday,0,Winter,Sunny,No Occasion,0,285,6.52,76,83,44,82
2022-12-07,Wednesday,0,Winter,Cold,No Occasion,0,288,6.27,80,63,46,99
2022-12-08,Thursday,0,Winter,Sunny,No Occasion,0,394,9.64,98,72,107,117
2022-12-09,Friday,0,Winter,Foggy,Local Event,0,278,8.33,95,73,63,47
2022-12-10,Saturday,1,Winter,Sunny,No Occasion,0,409,9.69,131,91,96,91
2022-12-11,Sunday,1,Winter,Cold,No Occasion,0,398,9.28,141,70,68,119
2022-12-12,Monday,0,Winter,Cold,No Occasion,0,345,7.8,134,66,46,99
2022-12-13,Tuesday,0,Winter,Cold,No Occasion,0,234,5.81,64,46,37,87
2022-12-14,Wednesday,0,Winter,Cold,Local Event,1,397,8.77,77,149,61,110
2022-12-15,Thursday,0,Winter,Foggy,Festival,1,542,13.58,116,79,138,209
2022-12-16,Friday,0,Winter,Rainy,No Occasion,0,292,7.56,116,93,40,43
2022-12-17,Saturday,1,Winter,Cold,Local Event,0,336,9.61,73,87,64,112
2022-12-18,Sunday,1,Winter,Cold,No Occasion,0,398,10.62,118,98,63,119
2022-12-19,Monday,0,Winter,Sunny,No Occasion,0,375,10.75,133,91,72,79
2022-12-20,Tuesday,0,Winter,Rainy,Local Event,1,278,7.74,46,118,72,42
2022-12-21,Wednesday,0,Winter,Cold,No Occasion,0,294,7.29,108,60,47,79
2022-12-22,Thursday,0,Winter,Sunny,Local Event,1,557,13.85,95,154,190,118
2022-12-23,Friday,0,Winter,Foggy,No Occasion,0,227,5.54,68,87,20,52
2022-12-24,Saturday,1,Winter,Cold,No Occasion,0,412,11.17,141,120,63,88
2022-12-25,Sunday,1,Winter,Sunny,No Occasion,0,388,8.0,100,112,98,78
2022-12-26,Monday,0,Winter,Sunny,Festival,0,510,13.93,116,87,116,191
2022-12-27,Tuesday,0,Winter,Cold,No Occasion,0,292,6.67,86,54,85,67
2022-12-28,Wednesday,0,Winter,Foggy,No Occasion,0,316,7.57,113,82,47,74
2022-12-29,Thursday,0,Winter,Rainy,No Occasion,0,136,2.83,61,40,11,24
2022-12-30,Friday,0,Winter,Cold,No Occasion,0,328,7.93,112,50,71,95
2022-12-31,Saturday,1,Winter,Cold,No Occasion,0,406,9.8,141,82,80,103
2023-01-01,Sunday,1,Winter,Sunny,No Occasion,0,396,9.6,96,96,92,112
2023-01-02,Monday,0,Winter,Sunny,No Occasion,0,282,5.8,68,60,71,83
2023-01-03,Tuesday,0,Winter,Cold,No Occasion,0,348,7.29,116,65,67,100
2023-01-04,Wednesday,0,Winter,Sunny,No Occasion,0,340,7.42,110,85,41,104
2023-01-05,Thursday,0,Winter,Cold,Festival,1,586,15.68,95,82,182,227
2023-01-06,Friday,0,Winter,Sunny,No Occasion,0,243,7.18,109,38,36,60
2023-01-07,Saturday,1,Winter,Rainy,No Occasion,0,377,10.67,143,122,67,45
2023-01-08,Sunday,1,Winter,Sunny,No Occasion,0,375,8.52,160,75,82,58
2023-01-09,Monday,0,Winter,Rainy,No Occasion,0,167,3.44,54,67,17,29
2023-01-10,Tuesday,0,Winter,Cold,No Occasion,0,239,5.38,48,81,72,38
2023-01-11,Wednesday,0,Winter,Cold,No Occasion,0,299,7.26,65,77,60,97
2023-01-12,Thursday,0,Winter,Rainy,Local Event,0,246,5.52,75,81,42,48
2023-01-13,Friday,0,Winter,Cold,Local Event,0,304,6.3,89,69,62,84
2023-01-14,Saturday,1,Winter,Sunny,No Occasion,0,397,8.21,177,54,67,99
2023-01-15,Sunday,1,Winter,Cold,No Occasion,0,426,11.22,120,97,85,124
2023-01-16,Monday,0,Winter,Cold,No Occasion,0,295,7.49,98,93,27,77
2023-01-17,Tuesday,0,Winter,Cold,No Occasion,0,329,6.62,137,53,45,94
2023-01-18,Wednesday,0,Winter,Cold,No Occasion,0,293,6.21,74,46,65,108
2023-01-19,Thursday,0,Winter,Sunny,No Occasion,0,307,8.6,115,66,107,19
2023-01-20,Friday,0,Winter,Sunny,No Occasion,0,328,8.26,94,102,62,70
2023-01-21,Saturday,1,Winter,Foggy,Local Event,0,412,10.26,146,84,81,101
2023-01-22,Sunday,1,Winter,Sunny,No Occasion,0,332,7.22,101,62,100,69
2023-01-23,Monday,0,Winter,Foggy,No Occasion,0,269,6.65,90,74,34,71
2023-01-24,Tuesday,0,Winter,Foggy,Festival,1,618,18.37,143,96,149,230
2023-01-25,Wednesday,0,Winter,Rainy,No Occasion,0,250,5.8,64,95,42,49
2023-01-26,Thursday,0,Winter,Rainy,No Occasion,0,148,3.06,47,68,28,5
2023-01-27,Friday,0,Winter,Cold,Festival,1,579,14.58,96,115,134,234
2023-01-28,Saturday,1,Winter,Foggy,No Occasion,0,310,6.83,92,66,75,77
2023-01-29,Sunday,1,Winter,Cold,No Occasion,0,404,9.4,176,71,60,97
2023-01-30,Monday,0,Winter,Foggy,Local Event,0,159,3.96,24,49,26,60
2023-01-31,Tuesday,0,Winter,Cold,No Occasion,0,264,6.4,93,60,25,86
2023-02-01,Wednesday,0,Winter,Sunny,Festival,0,476,11.35,119,84,104,169
2023-02-02,Thursday,0,Winter,Cold,Festival,1,656,13.3,75,118,116,347
2023-02-03,Friday,0,Winter,Cold,No Occasion,0,317,6.44,113,81,56,67
2023-02-04,Saturday,1,Winter,Foggy,No Occasion,0,339,6.96,134,108,44,53
2023-02-05,Sunday,1,Winter,Foggy,No Occasion,0,453,13.48,156,123,73,101
2023-02-06,Monday,0,Winter,Sunny,No Occasion,0,362,7.26,98,63,109,92
2023-02-07,Tuesday,0,Winter,Foggy,Festival,1,462,11.1,144,35,133,150
2023-02-08,Wednesday,0,Winter,Cold,Local Event,0,365,9.65,98,88,56,123
2023-02-09,Thursday,0,Winter,Foggy,No Occasion,0,305,6.39,75,74,85,71
2023-02-10,Friday,0,Winter,Cold,No Occasion,0,248,7.17,95,76,20,57
2023-02-11,Saturday,1,Winter,Cold,Festival,1,613,17.35,149,104,112,248
2023-02-12,Sunday,1,Winter,Rainy,No Occasion,0,349,9.74,116,114,76,43
2023-02-13,Monday,0,Winter,Foggy,No Occasion,1,339,7.54,84,83,45,127
2023-02-14,Tuesday,0,Winter,Cold,No Occasion,0,266,7.27,75,72,10,109
2023-02-15,Wednesday,0,Winter,Foggy,Local Event,0,324,7.66,89,70,80,85
2023-02-16,Thursday,0,Winter,Foggy,Festival,1,480,12.02,105,93,107,175
2023-02-17,Friday,0,Winter,Foggy,No Occasion,0,80,2.09,26,11,14,29
2023-02-18,Saturday,1,Winter,Cold,No Occasion,0,387,9.32,59,114,89,125
2023-02-19,Sunday,1,Winter,Sunny,No Occasion,0,456,10.53,187,87,51,131
2023-02-20,Monday,0,Winter,Cold,No Occasion,0,316,9.05,113,65,60,78
2023-02-21,Tuesday,0,Winter,Foggy,No Occasion,0,255,6.12,117,60,44,34
2023-02-22,Wednesday,0,Winter,Cold,No Occasion,0,261,6.23,79,70,51,61
2023-02-23,Thursday,0,Winter,Cold,No Occasion,0,307,7.98,75,63,74,95
2023-02-24,Friday,0,Winter,Cold,Festival,1,637,16.21,86,121,186,244
2023-02-25,Saturday,1,Winter,Foggy,No Occasion,0,361,7.38,159,87,26,89
2023-02-26,Sunday,1,Winter,Sunny,No Occasion,0,403,8.81,91,86,95,131
2023-02-27,Monday,0,Winter,Sunny,No Occasion,0,268,6.1,102,95,20,51
2023-02-28,Tuesday,0,Winter,Sunny,No Occasion,0,251,5.3,56,69,43,83
2023-03-01,Wednesday,0,Summer,Cloudy,No Occasion,0,352,7.1,114,126,54,58
2023-03-02,Thursday,0,Summer,Sunny,Festival,1,540,10.94,118,82,108,232
2023-03-03,Friday,0,Summer,Sunny,No Occasion,0,285,6.54,84,87,57,57
2023-03-04,Saturday,1,Summer,Cloudy,No Occasion,0,353,9.35,120,81,99,53
2023-03-05,Sunday,1,Summer,Sunny,Festival,1,685,17.93,207,135,159,184
2023-03-06,Monday,0,Summer,Cloudy,Festival,1,675,15.87,116,210,110,239
2023-03-07,Tuesday,0,Summer,Rainy,No Occasion,0,286,5.91,85,128,49,24
2023-03-08,Wednesday,0,Summer,Sunny,No Occasion,0,342,8.84,90,115,89,48
2023-03-09,Thursday,0,Summer,Sunny,No Occasion,0,403,9.86,183,81,80,59
2023-03-10,Friday,0,Summer,Sunny,No Occasion,0,275,8.14,83,76,55,61
2023-03-11,Saturday,1,Summer,Rainy,No Occasion,0,328,7.1,96,135,77,20
2023-03-12,Sunday,1,Summer,Cloudy,No Occasion,0,327,8.27,119,101,50,57
2023-03-13,Monday,0,Summer,Cloudy,No Occasion,0,271,7.57,70,137,37,27
2023-03-14,Tuesday,0,Summer,Sunny,No Occasion,0,355,8.17,123,106,84,42
2023-03-15,Wednesday,0,Summer,Sunny,No Occasion,0,364,8.67,47,115,94,108
2023-03-16,Thursday,0,Summer,Sunny,No Occasion,0,284,7.8,72,88,76,48
2023-03-17,Friday,0,Summer,Sunny,No Occasion,0,318,8.63,109,96,96,17
2023-03-18,Saturday,1,Summer,Sunny,No Occasion,0,406,9.39,125,141,68,72
2023-03-19,Sunday,1,Summer,Cloudy,No Occasion,0,388,8.73,161,148,56,23
2023-03-20,Monday,0,Summer,Cloudy,Festival,0,460,13.51,111,128,100,121
2023-03-21,Tuesday,0,Summer,Cloudy,No Occasion,0,270,5.53,64,84,58,64
2023-03-22,Wednesday,0,Summer,Sunny,No Occasion,0,242,6.56,58,58,75,51
2023-03-23,Thursday,0,Summer,Cloudy,No Occasion,0,350,9.26,128,103,44,75
2023-03-24,Friday,0,Summer,Sunny,No Occasion,0,364,10.81,118,116,73,57
2023-03-25,Saturday,1,Summer,Cloudy,No Occasion,0,508,11.96,242,134,69,63
2023-03-26,Sunday,1,Summer,Cloudy,Local Event,0,454,11.23,171,169,52,62
2023-03-27,Monday,0,Summer,Cloudy,No Occasion,0,312,6.84,108,81,102,21
2023-03-28,Tuesday,0,Summer,Sunny,Festival,1,709,14.48,119,176,189,225
2023-03-29,Wednesday,0,Summer,Sunny,No Occasion,0,299,7.93,88,68,86,57
2023-03-30,Thursday,0,Summer,Sunny,No Occasion,0,293,6.87,38,128,90,37
2023-03-31,Friday,0,Summer,Rainy,No Occasion,0,310,7.35,75,175,49,11
2023-04-01,Saturday,1,Summer,Cloudy,No Occasion,0,481,13.32,162,137,133,49
2023-04-02,Sunday,1,Summer,Sunny,No Occasion,0,334,8.16,135,82,58,59
2023-04-03,Monday,0,Summer,Sunny,No Occasion,0,266,6.34,96,92,27,51
2023-04-04,Tuesday,0,Summer,Cloudy,No Occasion,1,447,13.31,70,171,107,99
2023-04-05,Wednesday,0,Summer,Sunny,No Occasion,0,286,6.23,72,112,67,35
2023-04-06,Thursday,0,Summer,Sunny,No Occasion,0,257,7.36,116,37,79,25
2023-04-07,Friday,0,Summer,Cloudy,No Occasion,0,341,10.2,63,169,63,46
2023-04-08,Saturday,1,Summer,Cloudy,No Occasion,0,354,10.34,151,106,79,18
2023-04-09,Sunday,1,Summer,Sunny,No Occasion,0,460,10.08,143,178,97,42
2023-04-10,Monday,0,Summer,Sunny,No Occasion,0,306,7.89,132,114,30,30
2023-04-11,Tuesday,0,Summer,Cloudy,No Occasion,0,299,6.58,74,105,67,53
2023-04-12,Wednesday,0,Summer,Sunny,No Occasion,0,412,10.74,118,162,59,73
2023-04-13,Thursday,0,Summer,Sunny,No Occasion,0,340,10.18,124,91,87,38
2023-04-14,Friday,0,Summer,Sunny,No Occasion,0,296,8.65,63,85,80,68
2023-04-15,Saturday,1,Summer,Cloudy,Festival,1,644,18.41,192,135,150,167
2023-04-16,Sunday,1,Summer,Sunny,No Occasion,0,478,11.97,159,122,103,94
2023-04-17,Monday,0,Summer,Cloudy,No Occasion,0,323,7.25,77,129,60,57
2023-04-18,Tuesday,0,Summer,Sunny,No Occasion,0,290,5.88,85,94,46,65
2023-04-19,Wednesday,0,Summer,Sunny,No Occasion,0,227,5.17,48,81,38,60
2023-04-20,Thursday,0,Summer,Cloudy,No Occasion,0,223,4.69,68,105,19,31
2023-04-21,Friday,0,Summer,Sunny,No Occasion,0,280,7.29,98,83,29,70
2023-04-22,Saturday,1,Summer,Sunny,No Occasion,0,457,13.15,132,131,171,23
2023-04-23,Sunday,1,Summer,Sunny,No Occasion,0,403,10.19,142,145,50,66
2023-04-24,Monday,0,Summer,Cloudy,Local Event,1,362,9.84,95,104,71,92
2023-04-25,Tuesday,0,Summer,Cloudy,No Occasion,0,356,7.56,126,108,77,45
2023-04-26,Wednesday,0,Summer,Sunny,No Occasion,0,252,7.36,65,67,74,46
2023-04-27,Thursday,0,Summer,Sunny,No Occasion,0,289,7.78,45,87,90,67
2023-04-28,Friday,0,Summer,Sunny,No Occasion,0,377,8.96,105,98,118,56
2023-04-29,Saturday,1,Summer,Sunny,No Occasion,0,404,11.29,160,89,83,72
2023-04-30,Sunday,1,Summer,Sunny,No Occasion,0,375,9.57,154,71,123,27
2023-05-01,Monday,0,Summer,Sunny,No Occasion,0,351,10.0,116,123,81,31
2023-05-02,Tuesday,0,Summer,Sunny,No Occasion,0,343,7.75,99,85,106,53
2023-05-03,Wednesday,0,Summer,Sunny,No Occasion,0,345,8.21,79,134,79,53
2023-05-04,Thursday,0,Summer,Cloudy,No Occasion,0,373,9.95,96,84,109,84
2023-05-05,Friday,0,Summer,Sunny,Festival,1,612,15.68,141,179,115,177
2023-05-06,Saturday,1,Summer,Sunny,No Occasion,0,417,10.04,140,133,105,39
2023-05-07,Sunday,1,Summer,Sunny,No Occasion,0,427,11.45,94,99,110,124
2023-05-08,Monday,0,Summer,Cloudy,No Occasion,0,324,8.42,134,76,56,58
2023-05-09,Tuesday,0,Summer,Sunny,No Occasion,0,315,6.65,80,74,87,74
2023-05-10,Wednesday,0,Summer,Cloudy,No Occasion,0,346,8.44,147,87,47,65
2023-05-11,Thursday,0,Summer,Cloudy,No Occasion,0,338,9.28,176,59,39,64
2023-05-12,Friday,0,Summer,Sunny,No Occasion,0,407,8.22,117,150,101,39
2023-05-13,Saturday,1,Summer,Sunny,No Occasion,0,349,7.9,113,142,49,45
2023-05-14,Sunday,1,Summer,Sunny,No Occasion,0,367,10.27,136,142,60,29
2023-05-15,Monday,0,Summer,Rainy,No Occasion,0,250,5.96,101,65,82,2
2023-05-16,Tuesday,0,Summer,Sunny,No Occasion,0,376,9.8,101,134,88,53
2023-05-17,Wednesday,0,Summer,Sunny,No Occasion,0,335,7.99,107,136,29,63
2023-05-18,Thursday,0,Summer,Sunny,No Occasion,0,238,6.29,64,107,6,61
2023-05-19,Friday,0,Summer,Sunny,Festival,0,473,10.86,131,125,82,135
2023-05-20,Saturday,1,Summer,Rainy,No Occasion,0,393,8.99,115,120,82,76
2023-05-21,Sunday,1,Summer,Sunny,No Occasion,0,488,12.36,174,178,114,22
2023-05-22,Monday,0,Summer,Sunny,No Occasion,0,295,8.22,66,119,59,51
2023-05-23,Tuesday,0,Summer,Sunny,No Occasion,0,344,9.32,112,110,56,66
2023-05-24,Wednesday,0,Summer,Cloudy,No Occasion,0,420,9.82,104,130,92,94
2023-05-25,Thursday,0,Summer,Sunny,Festival,1,516,11.19,97,105,102,212
2023-05-26,Friday,0,Summer,Sunny,Festival,1,618,13.75,102,159,118,239
2023-05-27,Saturday,1,Summer,Sunny,No Occasion,0,384,11.31,143,133,44,64
2023-05-28,Sunday,1,Summer,Rainy,Festival,1,422,12.09,109,101,109,103
2023-05-29,Monday,0,Summer,Sunny,No Occasion,0,321,9.22,86,84,67,84
2023-05-30,Tuesday,0,Summer,Sunny,No Occasion,1,449,10.86,90,140,69,150
2023-05-31,Wednesday,0,Summer,Rainy,No Occasion,0,198,5.62,78,80,26,14
2023-06-01,Thursday,0,Monsoon,Heavy Rain,No Occasion,0,134,3.15,24,74,23,13
2023-06-02,Friday,0,Monsoon,Rainy,Festival,1,352,8.25,61,92,109,90
2023-06-03,Saturday,1,Monsoon,Heavy Rain,Festival,1,362,10.73,99,78,88,97
2023-06-04,Sunday,1,Monsoon,Sunny,No Occasion,0,363,10.1,140,103,67,53
2023-06-05,Monday,0,Monsoon,Rainy,No Occasion,1,264,5.86,107,77,54,26
2023-06-06,Tuesday,0,Monsoon,Cloudy,Local Event,0,308,7.35,133,88,42,45
2023-06-07,Wednesday,0,Monsoon,Cloudy,No Occasion,0,288,7.31,91,56,69,72
2023-06-08,Thursday,0,Monsoon,Rainy,No Occasion,0,341,7.16,85,138,103,15
2023-06-09,Friday,0,Monsoon,Sunny,No Occasion,0,317,6.76,120,72,71,54
2023-06-10,Saturday,1,Monsoon,Rainy,No Occasion,0,403,9.01,151,145,89,18
2023-06-11,Sunday,1,Monsoon,Rainy,No Occasion,0,331,8.91,118,117,68,28
2023-06-12,Monday,0,Monsoon,Cloudy,No Occasion,0,269,7.87,106,46,58,59
2023-06-13,Tuesday,0,Monsoon,Rainy,No Occasion,0,354,9.1,119,92,120,23
2023-06-14,Wednesday,0,Monsoon,Rainy,Festival,1,401,11.77,92,119,89,101
2023-06-15,Thursday,0,Monsoon,Cloudy,No Occasion,0,377,9.67,125,173,47,32
2023-06-16,Friday,0,Monsoon,Cloudy,Local Event,0,318,9.47,79,130,42,67
2023-06-17,Saturday,1,Monsoon,Rainy,No Occasion,0,399,8.45,206,91,48,54
2023-06-18,Sunday,1,Monsoon,Heavy Rain,No Occasion,0,195,4.38,50,69,53,23
2023-06-19,Monday,0,Monsoon,Rainy,No Occasion,0,366,10.47,84,155,82,45
2023-06-20,Tuesday,0,Monsoon,Rainy,No Occasion,0,223,6.48,69,72,42,40
2023-06-21,Wednesday,0,Monsoon,Sunny,No Occasion,0,271,7.72,150,60,28,33
2023-06-22,Thursday,0,Monsoon,Rainy,No Occasion,0,225,5.47,39,72,52,62
2023-06-23,Friday,0,Monsoon,Rainy,Local Event,1,223,5.67,89,66,21,47
2023-06-24,Saturday,1,Monsoon,Sunny,No Occasion,0,514,11.49,261,49,188,16
2023-06-25,Sunday,1,Monsoon,Rainy,No Occasion,0,385,8.65,114,160,64,47
2023-06-26,Monday,0,Monsoon,Heavy Rain,No Occasion,0,228,5.23,74,96,22,36
2023-06-27,Tuesday,0,Monsoon,Rainy,Festival,1,205,6.04,58,39,51,57
2023-06-28,Wednesday,0,Monsoon,Cloudy,No Occasion,0,272,6.36,113,78,46,35
2023-06-29,Thursday,0,Monsoon,Cloudy,No Occasion,0,270,7.86,53,69,68,80
2023-06-30,Friday,0,Monsoon,Sunny,No Occasion,0,416,8.49,164,69,81,102
2023-07-01,Saturday,1,Monsoon,Rainy,Local Event,1,276,6.37,84,74,66,52
2023-07-02,Sunday,1,Monsoon,Heavy Rain,No Occasion,1,313,6.29,110,67,100,36
2023-07-03,Monday,0,Monsoon,Heavy Rain,No Occasion,0,244,6.26,86,94,56,8
2023-07-04,Tuesday,0,Monsoon,Rainy,No Occasion,0,310,9.07,109,88,92,21
2023-07-05,Wednesday,0,Monsoon,Rainy,No Occasion,0,213,5.84,71,73,37,32
2023-07-06,Thursday,0,Monsoon,Sunny,No Occasion,0,272,7.85,83,89,68,32
2023-07-07,Friday,0,Monsoon,Rainy,No Occasion,0,173,4.35,50,64,25,34
2023-07-08,Saturday,1,Monsoon,Rainy,No Occasion,0,343,8.98,97,116,68,62
2023-07-09,Sunday,1,Monsoon,Rainy,No Occasion,0,367,9.59,126,124,96,21
2023-07-10,Monday,0,Monsoon,Cloudy,Local Event,0,284,6.67,110,78,44,52
2023-07-11,Tuesday,0,Monsoon,Rainy,No Occasion,0,272,7.23,97,100,69,6
2023-07-12,Wednesday,0,Monsoon,Rainy,No Occasion,0,288,6.79,119,104,40,25
2023-07-13,Thursday,0,Monsoon,Heavy Rain,Festival,1,336,6.85,101,92,60,83
2023-07-14,Friday,0,Monsoon,Cloudy,No Occasion,0,276,6.94,86,85,84,21
2023-07-15,Saturday,1,Monsoon,Sunny,No Occasion,0,417,11.34,165,116,91,45
2023-07-16,Sunday,1,Monsoon,Heavy Rain,No Occasion,0,326,7.06,126,95,53,52
2023-07-17,Monday,0,Monsoon,Rainy,No Occasion,0,278,5.78,120,45,76,37
2023-07-18,Tuesday,0,Monsoon,Rainy,No Occasion,0,181,4.56,61,59,50,11
2023-07-19,Wednesday,0,Monsoon,Cloudy,No Occasion,0,384,10.68,156,86,33,109
2023-07-20,Thursday,0,Monsoon,Rainy,No Occasion,0,299,7.74,72,146,73,8
2023-07-21,Friday,0,Monsoon,Sunny,No Occasion,0,354,9.61,126,126,64,38
2023-07-22,Saturday,1,Monsoon,Sunny,No Occasion,0,357,9.82,90,123,97,47
2023-07-23,Sunday,1,Monsoon,Sunny,No Occasion,0,342,8.23,170,118,35,19
2023-07-24,Monday,0,Monsoon,Heavy Rain,Local Event,0,187,4.26,62,72,14,39
2023-07-25,Tuesday,0,Monsoon,Rainy,No Occasion,0,345,8.59,139,105,84,17
2023-07-26,Wednesday,0,Monsoon,Cloudy,No Occasion,0,343,10.14,79,90,109,65
2023-07-27,Thursday,0,Monsoon,Cloudy,No Occasion,0,243,5.25,69,65,57,52
2023-07-28,Friday,0,Monsoon,Rainy,No Occasion,0,303,7.44,108,131,55,9
2023-07-29,Saturday,1,Monsoon,Heavy Rain,No Occasion,0,225,6.03,79,62,65,19
2023-07-30,Sunday,1,Monsoon,Cloudy,No Occasion,0,412,8.76,171,136,93,12
2023-07-31,Monday,0,Monsoon,Cloudy,No Occasion,0,201,5.44,53,67,54,27
2023-08-01,Tuesday,0,Monsoon,Heavy Rain,No Occasion,0,165,3.42,58,63,34,10
2023-08-02,Wednesday,0,Monsoon,Cloudy,Local Event,1,445,11.97,123,63,101,158
2023-08-03,Thursday,0,Monsoon,Rainy,No Occasion,0,199,5.26,97,61,33,8
2023-08-04,Friday,0,Monsoon,Cloudy,No Occasion,0,338,9.12,114,45,68,111
2023-08-05,Saturday,1,Monsoon,Cloudy,No Occasion,0,383,10.79,105,92,112,74
2023-08-06,Sunday,1,Monsoon,Rainy,Local Event,1,318,7.71,107,116,61,34
2023-08-07,Monday,0,Monsoon,Rainy,Local Event,0,224,4.97,76,66,68,14
2023-08-08,Tuesday,0,Monsoon,Rainy,No Occasion,0,265,7.52,85,125,28,27
2023-08-09,Wednesday,0,Monsoon,Sunny,No Occasion,0,231,5.94,64,75,73,19
2023-08-10,Thursday,0,Monsoon,Rainy,No Occasion,0,219,5.8,38,115,17,49
2023-08-11,Friday,0,Monsoon,Rainy,No Occasion,0,216,4.56,67,59,61,29
2023-08-12,Saturday,1,Monsoon,Rainy,Festival,1,433,11.59,63,107,105,158
2023-08-13,Sunday,1,Monsoon,Rainy,Festival,0,518,13.89,118,172,134,94
2023-08-14,Monday,0,Monsoon,Heavy Rain,No Occasion,0,245,6.37,60,89,67,29
2023-08-15,Tuesday,0,Monsoon,Cloudy,Festival,1,560,11.53,127,47,202,184
2023-08-16,Wednesday,0,Monsoon,Cloudy,No Occasion,0,340,7.98,128,145,59,8
2023-08-17,Thursday,0,Monsoon,Heavy Rain,No Occasion,0,117,3.33,48,40,14,15
2023-08-18,Friday,0,Monsoon,Rainy,No Occasion,0,296,6.68,85,91,87,33
2023-08-19,Saturday,1,Monsoon,Rainy,No Occasion,0,368,9.27,138,139,84,7
2023-08-20,Sunday,1,Monsoon,Rainy,No Occasion,0,369,9.79,145,107,67,50
2023-08-21,Monday,0,Monsoon,Cloudy,No Occasion,0,274,5.8,60,77,64,73
2023-08-22,Tuesday,0,Monsoon,Rainy,No Occasion,0,171,4.41,52,74,33,12
2023-08-23,Wednesday,0,Monsoon,Rainy,No Occasion,0,276,6.47,89,103,39,45
2023-08-24,Thursday,0,Monsoon,Cloudy,No Occasion,0,204,4.14,62,90,31,21
2023-08-25,Friday,0,Monsoon,Cloudy,No Occasion,0,173,4.94,71,51,21,30
2023-08-26,Saturday,1,Monsoon,Rainy,No Occasion,0,383,8.74,155,112,110,6
2023-08-27,Sunday,1,Monsoon,Rainy,Festival,0,524,11.77,152,122,142,108
2023-08-28,Monday,0,Monsoon,Rainy,No Occasion,0,331,8.06,91,186,37,17
2023-08-29,Tuesday,0,Monsoon,Cloudy,No Occasion,0,335,8.27,117,119,95,4
2023-08-30,Wednesday,0,Monsoon,Rainy,No Occasion,1,189,4.67,66,63,39,21
2023-08-31,Thursday,0,Monsoon,Cloudy,Festival,1,337,8.52,81,72,62,122
2023-09-01,Friday,0,Monsoon,Cloudy,No Occasion,0,292,7.09,72,89,59,72
2023-09-02,Saturday,1,Monsoon,Rainy,No Occasion,0,404,9.85,139,91,145,29
2023-09-03,Sunday,1,Monsoon,Sunny,No Occasion,0,345,9.59,169,79,74,23
2023-09-04,Monday,0,Monsoon,Rainy,Festival,0,389,11.09,103,100,87,99
2023-09-05,Tuesday,0,Monsoon,Rainy,Local Event,1,203,5.3,29,49,59,66
2023-09-06,Wednesday,0,Monsoon,Sunny,No Occasion,0,226,5.62,61,83,60,22
2023-09-07,Thursday,0,Monsoon,Heavy Rain,No Occasion,0,231,6.45,80,70,65,16
2023-09-08,Friday,0,Monsoon,Rainy,No Occasion,0,226,5.27,76,75,43,32
2023-09-09,Saturday,1,Monsoon,Rainy,No Occasion,0,413,9.65,168,149,82,14
2023-09-10,Sunday,1,Monsoon,Rainy,Festival,1,394,9.63,99,89,101,105
2023-09-11,Monday,0,Monsoon,Heavy Rain,No Occasion,0,147,3.94,42,70,30,5
2023-09-12,Tuesday,0,Monsoon,Heavy Rain,No Occasion,0,203,5.39,51,88,46,18
2023-09-13,Wednesday,0,Monsoon,Rainy,No Occasion,0,378,9.42,120,125,81,52
2023-09-14,Thursday,0,Monsoon,Heavy Rain,No Occasion,1,205,4.48,66,49,40,50
2023-09-15,Friday,0,Monsoon,Cloudy,No Occasion,0,379,9.21,101,84,105,89
2023-09-16,Saturday,1,Monsoon,Rainy,No Occasion,0,305,8.64,118,81,72,34
2023-09-17,Sunday,1,Monsoon,Rainy,No Occasion,0,498,13.01,195,128,105,70
2023-09-18,Monday,0,Monsoon,Heavy Rain,No Occasion,1,195,4.71,49,59,38,49
2023-09-19,Tuesday,0,Monsoon,Cloudy,No Occasion,0,314,7.74,118,87,62,47
2023-09-20,Wednesday,0,Monsoon,Heavy Rain,No Occasion,1,172,4.22,46,79,25,22
2023-09-21,Thursday,0,Monsoon,Rainy,No Occasion,0,298,7.49,127,105,57,9
2023-09-22,Friday,0,Monsoon,Rainy,No Occasion,0,211,4.53,39,86,69,17
2023-09-23,Saturday,1,Monsoon,Rainy,No Occasion,0,388,9.09,99,128,81,80
2023-09-24,Sunday,1,Monsoon,Rainy,Festival,0,493,12.86,105,145,155,88
2023-09-25,Monday,0,Monsoon,Cloudy,No Occasion,0,275,6.75,104,83,51,37
2023-09-26,Tuesday,0,Monsoon,Rainy,No Occasion,0,147,3.3,33,58,36,20
2023-09-27,Wednesday,0,Monsoon,Rainy,Festival,1,429,12.76,110,93,79,147
2023-09-28,Thursday,0,Monsoon,Cloudy,No Occasion,0,360,8.12,99,142,95,24
2023-09-29,Friday,0,Monsoon,Rainy,Festival,1,284,8.3,64,64,53,103
2023-09-30,Saturday,1,Monsoon,Cloudy,No Occasion,0,440,12.66,119,117,131,73
2023-10-01,Sunday,1,Autumn,Sunny,No Occasion,0,426,11.46,184,112,86,44
2023-10-02,Monday,0,Autumn,Rainy,No Occasion,0,259,6.56,112,84,43,20
2023-10-03,Tuesday,0,Autumn,Cloudy,Local Event,1,401,8.46,100,48,110,143
2023-10-04,Wednesday,0,Autumn,Sunny,No Occasion,0,192,4.21,63,45,36,48
2023-10-05,Thursday,0,Autumn,Cloudy,No Occasion,0,243,6.88,63,71,72,37
2023-10-06,Friday,0,Autumn,Sunny,No Occasion,0,264,7.36,79,86,43,56
2023-10-07,Saturday,1,Autumn,Sunny,No Occasion,0,401,11.38,175,56,93,77
2023-10-08,Sunday,1,Autumn,Sunny,No Occasion,0,373,8.89,141,99,98,35
2023-10-09,Monday,0,Autumn,Cloudy,No Occasion,0,318,8.66,89,94,80,55
2023-10-10,Tuesday,0,Autumn,Sunny,No Occasion,0,326,8.78,192,72,23,39
2023-10-11,Wednesday,0,Autumn,Sunny,No Occasion,0,271,6.27,38,104,105,24
2023-10-12,Thursday,0,Autumn,Sunny,No Occasion,0,245,6.82,87,60,53,45
2023-10-13,Friday,0,Autumn,Cloudy,No Occasion,0,317,7.02,108,68,96,45
2023-10-14,Saturday,1,Autumn,Sunny,No Occasion,0,395,9.81,171,56,152,16
2023-10-15,Sunday,1,Autumn,Sunny,No Occasion,0,458,13.54,204,105,133,16
2023-10-16,Monday,0,Autumn,Sunny,No Occasion,0,360,9.88,105,104,65,86
2023-10-17,Tuesday,0,Autumn,Rainy,No Occasion,0,149,3.82,31,54,37,27
2023-10-18,Wednesday,0,Autumn,Rainy,No Occasion,0,240,6.18,61,117,39,23
2023-10-19,Thursday,0,Autumn,Sunny,No Occasion,0,396,9.32,116,135,82,63
2023-10-20,Friday,0,Autumn,Cloudy,No Occasion,0,302,6.9,97,108,60,37
2023-10-21,Saturday,1,Autumn,Rainy,No Occasion,0,243,6.02,122,53,61,7
2023-10-22,Sunday,1,Autumn,Sunny,No Occasion,0,410,9.92,116,92,75,127
2023-10-23,Monday,0,Autumn,Cloudy,No Occasion,0,237,4.97,111,16,84,26
2023-10-24,Tuesday,0,Autumn,Rainy,No Occasion,0,218,5.65,68,73,45,32
2023-10-25,Wednesday,0,Autumn,Cloudy,Festival,1,546,15.61,166,101,90,189
2023-10-26,Thursday,0,Autumn,Sunny,Local Event,1,396,8.67,66,132,70,128
2023-10-27,Friday,0,Autumn,Cloudy,No Occasion,0,322,8.65,87,138,81,16
2023-10-28,Saturday,1,Autumn,Rainy,No Occasion,0,367,10.27,139,131,84,13
2023-10-29,Sunday,1,Autumn,Sunny,No Occasion,0,362,8.85,133,93,73,63
2023-10-30,Monday,0,Autumn,Cloudy,Local Event,1,312,6.82,84,95,69,64
2023-10-31,Tuesday,0,Autumn,Sunny,No Occasion,0,269,6.17,93,56,77,43
2023-11-01,Wednesday,0,Autumn,Sunny,No Occasion,0,399,9.64,114,89,147,49
2023-11-02,Thursday,0,Autumn,Sunny,No Occasion,0,226,5.18,65,45,82,34
2023-11-03,Friday,0,Autumn,Rainy,No Occasion,0,240,4.88,82,133,15,10
2023-11-04,Saturday,1,Autumn,Cloudy,No Occasion,0,495,14.22,142,78,144,131
2023-11-05,Sunday,1,Autumn,Sunny,No Occasion,0,412,12.34,197,87,104,24
2023-11-06,Monday,0,Autumn,Sunny,No Occasion,0,359,10.02,119,92,87,61
2023-11-07,Tuesday,0,Autumn,Sunny,No Occasion,0,421,10.2,142,81,66,132
2023-11-08,Wednesday,0,Autumn,Rainy,No Occasion,0,242,6.13,82,120,18,22
2023-11-09,Thursday,0,Autumn,Cloudy,No Occasion,0,294,6.24,76,121,38,59
2023-11-10,Friday,0,Autumn,Sunny,No Occasion,0,332,7.79,61,115,68,88
2023-11-11,Saturday,1,Autumn,Cloudy,No Occasion,0,407,9.22,147,144,87,29
2023-11-12,Sunday,1,Autumn,Cloudy,No Occasion,0,464,9.56,180,130,71,83
2023-11-13,Monday,0,Autumn,Rainy,No Occasion,0,183,4.88,58,66,42,17
2023-11-14,Tuesday,0,Autumn,Cloudy,Local Event,0,316,7.46,116,90,79,31
2023-11-15,Wednesday,0,Autumn,Rainy,Local Event,0,260,6.67,98,95,59,8
2023-11-16,Thursday,0,Autumn,Sunny,No Occasion,0,287,8.3,112,59,59,57
2023-11-17,Friday,0,Autumn,Sunny,No Occasion,0,283,5.78,80,45,73,85
2023-11-18,Saturday,1,Autumn,Sunny,No Occasion,0,375,10.44,142,39,112,82
2023-11-19,Sunday,1,Autumn,Rainy,No Occasion,0,339,7.17,111,107,73,48
2023-11-20,Monday,0,Autumn,Sunny,No Occasion,0,284,6.91,78,88,48,70
2023-11-21,Tuesday,0,Autumn,Cloudy,No Occasion,0,400,9.53,127,108,53,112
2023-11-22,Wednesday,0,Autumn,Sunny,No Occasion,0,360,8.97,107,173,46,34
2023-11-23,Thursday,0,Autumn,Rainy,No Occasion,0,188,4.25,49,76,38,25
2023-11-24,Friday,0,Autumn,Sunny,No Occasion,0,363,8.63,78,134,64,87
2023-11-25,Saturday,1,Autumn,Sunny,Festival,0,514,13.44,133,142,108,131
2023-11-26,Sunday,1,Autumn,Sunny,Festival,1,701,19.62,182,174,151,194
2023-11-27,Monday,0,Autumn,Sunny,No Occasion,0,275,7.05,59,114,50,52
2023-11-28,Tuesday,0,Autumn,Cloudy,No Occasion,0,333,8.07,95,110,81,47
2023-11-29,Wednesday,0,Autumn,Cloudy,No Occasion,0,260,6.67,97,57,72,34
2023-11-30,Thursday,0,Autumn,Sunny,No Occasion,0,293,6.49,105,82,47,59
2023-12-01,Friday,0,Winter,Rainy,No Occasion,0,244,7.24,81,63,48,52
2023-12-02,Saturday,1,Winter,Cold,No Occasion,0,408,11.17,125,80,62,141
2023-12-03,Sunday,1,Winter,Sunny,No Occasion,1,557,16.02,185,108,82,182
2023-12-04,Monday,0,Winter,Sunny,No Occasion,0,331,7.01,99,64,83,85
2023-12-05,Tuesday,0,Winter,Cold,No Occasion,0,240,4.96,75,64,37,64
2023-12-06,Wednesday,0,Winter,Cold,No Occasion,0,375,8.05,105,57,90,123
2023-12-07,Thursday,0,Winter,Cold,No Occasion,0,374,10.37,106,71,65,132
2023-12-08,Friday,0,Winter,Cold,No Occasion,0,224,5.11,82,57,19,66
2023-12-09,Saturday,1,Winter,Cold,No Occasion,0,444,11.79,147,86,87,124
2023-12-10,Sunday,1,Winter,Foggy,No Occasion,0,374,8.68,116,88,95,75
2023-12-11,Monday,0,Winter,Cold,Festival,1,563,13.54,100,89,208,166
2023-12-12,Tuesday,0,Winter,Rainy,No Occasion,0,346,7.85,112,119,49,66
2023-12-13,Wednesday,0,Winter,Rainy,No Occasion,1,344,8.38,114,87,91,52
2023-12-14,Thursday,0,Winter,Foggy,No Occasion,0,277,7.35,95,50,83,49
2023-12-15,Friday,0,Winter,Rainy,Festival,1,347,7.5,58,98,80,111
2023-12-16,Saturday,1,Winter,Cold,No Occasion,0,368,10.76,111,73,96,88
2023-12-17,Sunday,1,Winter,Sunny,No Occasion,0,495,10.15,151,104,120,120
2023-12-18,Monday,0,Winter,Sunny,No Occasion,1,396,11.27,105,64,101,126
2023-12-19,Tuesday,0,Winter,Rainy,No Occasion,0,306,8.32,65,92,71,78
2023-12-20,Wednesday,0,Winter,Cold,No Occasion,0,362,9.68,130,107,39,86
2023-12-21,Thursday,0,Winter,Foggy,No Occasion,0,234,5.72,91,33,71,39
2023-12-22,Friday,0,Winter,Sunny,No Occasion,0,315,8.38,70,62,99,84
2023-12-23,Saturday,1,Winter,Sunny,No Occasion,0,438,9.96,136,123,54,125
2023-12-24,Sunday,1,Winter,Cold,No Occasion,0,477,14.09,130,122,109,116
2023-12-25,Monday,0,Winter,Cold,No Occasion,0,344,6.91,104,95,43,102
2023-12-26,Tuesday,0,Winter,Cold,No Occasion,0,235,5.77,78,48,57,52
2023-12-27,Wednesday,0,Winter,Sunny,No Occasion,0,346,7.84,147,62,43,94
2023-12-28,Thursday,0,Winter,Rainy,No Occasion,0,218,5.35,68,84,29,37
2023-12-29,Friday,0,Winter,Sunny,No Occasion,0,342,6.9,67,134,91,50
2023-12-30,Saturday,1,Winter,Cold,No Occasion,0,462,10.0,149,101,75,137
2023-12-31,Sunday,1,Winter,Sunny,Local Event,1,551,11.14,149,114,114,174
2024-01-01,Monday,0,Winter,Foggy,No Occasion,0,418,9.74,107,105,96,110
2024-01-02,Tuesday,0,Winter,Cold,No Occasion,0,284,5.96,99,60,36,89
2024-01-03,Wednesday,0,Winter,Cold,Festival,1,564,11.97,108,122,115,219
2024-01-04,Thursday,0,Winter,Cold,No Occasion,0,349,9.61,83,100,56,110
2024-01-05,Friday,0,Winter,Cold,No Occasion,0,322,7.44,71,74,78,99
2024-01-06,Saturday,1,Winter,Cold,No Occasion,0,370,7.74,119,79,53,119
2024-01-07,Sunday,1,Winter,Rainy,No Occasion,0,294,7.62,140,82,56,16
2024-01-08,Monday,0,Winter,Foggy,No Occasion,0,245,6.67,70,61,48,66
2024-01-09,Tuesday,0,Winter,Sunny,No Occasion,0,371,9.78,85,93,92,101
2024-01-10,Wednesday,0,Winter,Sunny,No Occasion,0,317,9.29,147,10,74,86
2024-01-11,Thursday,0,Winter,Foggy,No Occasion,0,228,5.95,56,55,45,72
2024-01-12,Friday,0,Winter,Foggy,No Occasion,0,259,7.34,86,45,51,77
2024-01-13,Saturday,1,Winter,Sunny,Festival,1,601,17.14,128,105,165,203
2024-01-14,Sunday,1,Winter,Cold,No Occasion,0,468,13.94,139,100,77,152
2024-01-15,Monday,0,Winter,Cold,No Occasion,0,290,6.08,50,72,76,92
2024-01-16,Tuesday,0,Winter,Cold,No Occasion,0,301,8.31,70,58,56,117
2024-01-17,Wednesday,0,Winter,Cold,No Occasion,0,367,10.75,136,53,76,102
2024-01-18,Thursday,0,Winter,Cold,No Occasion,0,335,9.66,129,72,45,89
2024-01-19,Friday,0,Winter,Cold,No Occasion,0,291,8.11,87,44,66,94
2024-01-20,Saturday,1,Winter,Rainy,No Occasion,0,400,8.61,112,167,53,68
2024-01-21,Sunday,1,Winter,Cold,No Occasion,0,408,8.58,113,83,59,153
2024-01-22,Monday,0,Winter,Foggy,No Occasion,0,301,6.26,147,78,6,70
2024-01-23,Tuesday,0,Winter,Foggy,No Occasion,0,209,5.42,79,36,48,46
2024-01-24,Wednesday,0,Winter,Cold,Festival,1,619,13.62,122,148,66,283
2024-01-25,Thursday,0,Winter,Sunny,Local Event,0,282,6.1,105,88,44,45
2024-01-26,Friday,0,Winter,Sunny,No Occasion,0,370,10.44,184,91,14,81
2024-01-27,Saturday,1,Winter,Sunny,No Occasion,0,315,8.91,125,59,101,30
2024-01-28,Sunday,1,Winter,Sunny,No Occasion,0,428,12.4,122,93,81,132
2024-01-29,Monday,0,Winter,Sunny,No Occasion,0,367,10.58,117,75,84,91
2024-01-30,Tuesday,0,Winter,Rainy,No Occasion,0,253,5.28,69,77,46,61
2024-01-31,Wednesday,0,Winter,Cold,No Occasion,0,310,8.19,93,92,45,80
2024-02-01,Thursday,0,Winter,Sunny,No Occasion,0,414,10.46,68,130,69,147
2024-02-02,Friday,0,Winter,Foggy,No Occasion,0,249,5.96,138,54,9,48
2024-02-03,Saturday,1,Winter,Sunny,No Occasion,0,452,11.34,156,107,66,123
2024-02-04,Sunday,1,Winter,Cold,No Occasion,0,345,7.37,89,88,97,71
2024-02-05,Monday,0,Winter,Sunny,No Occasion,0,369,10.5,130,74,45,120
2024-02-06,Tuesday,0,Winter,Cold,No Occasion,0,302,8.66,116,77,30,79
2024-02-07,Wednesday,0,Winter,Sunny,Festival,1,670,15.9,183,140,123,224
2024-02-08,Thursday,0,Winter,Cold,No Occasion,0,292,6.92,97,102,11,82
2024-02-09,Friday,0,Winter,Cold,No Occasion,0,316,7.62,94,80,59,83
2024-02-10,Saturday,1,Winter,Cold,No Occasion,0,477,10.13,160,148,73,96
2024-02-11,Sunday,1,Winter,Sunny,Festival,1,719,18.03,159,109,232,219
2024-02-12,Monday,0,Winter,Foggy,No Occasion,0,308,7.78,94,47,60,107
2024-02-13,Tuesday,0,Winter,Sunny,No Occasion,0,315,6.51,114,41,45,115
2024-02-14,Wednesday,0,Winter,Cold,No Occasion,0,331,7.5,124,31,73,103
2024-02-15,Thursday,0,Winter,Foggy,Local Event,1,394,8.78,104,63,54,173
2024-02-16,Friday,0,Winter,Rainy,No Occasion,0,205,5.91,74,68,36,27
2024-02-17,Saturday,1,Winter,Cold,No Occasion,0,408,12.17,121,124,51,112
2024-02-18,Sunday,1,Winter,Cold,Local Event,0,382,7.99,128,68,71,115
2024-02-19,Monday,0,Winter,Cold,No Occasion,0,393,9.74,100,116,65,112
2024-02-20,Tuesday,0,Winter,Cold,No Occasion,0,236,5.55,58,41,57,80
2024-02-21,Wednesday,0,Winter,Cold,No Occasion,0,294,8.66,104,56,43,91
2024-02-22,Thursday,0,Winter,Cold,No Occasion,0,374,11.08,95,110,73,96
2024-02-23,Friday,0,Winter,Cold,No Occasion,0,237,5.84,65,50,20,102
2024-02-24,Saturday,1,Winter,Foggy,No Occasion,0,357,8.59,83,135,77,62
2024-02-25,Sunday,1,Winter,Cold,No Occasion,0,373,9.89,134,46,82,111
2024-02-26,Monday,0,Winter,Rainy,No Occasion,0,215,4.81,52,90,21,52
2024-02-27,Tuesday,0,Winter,Foggy,No Occasion,0,286,7.07,91,66,76,53
2024-02-28,Wednesday,0,Winter,Cold,No Occasion,0,202,5.54,59,59,13,71
2024-02-29,Thursday,0,Winter,Cold,No Occasion,0,268,7.59,75,34,55,104
2024-03-01,Friday,0,Summer,Cloudy,No Occasion,0,258,5.96,83,82,68,25
2024-03-02,Saturday,1,Summer,Sunny,No Occasion,0,403,10.72,156,155,55,37
2024-03-03,Sunday,1,Summer,Sunny,No Occasion,0,403,9.08,152,119,87,45
2024-03-04,Monday,0,Summer,Sunny,No Occasion,0,294,8.29,124,70,66,34
2024-03-05,Tuesday,0,Summer,Rainy,No Occasion,0,250,6.2,76,112,32,30
2024-03-06,Wednesday,0,Summer,Sunny,Festival,1,638,17.46,128,157,104,249
2024-03-07,Thursday,0,Summer,Sunny,No Occasion,0,289,6.57,99,92,26,72
2024-03-08,Friday,0,Summer,Sunny,No Occasion,0,253,7.51,112,65,63,13
2024-03-09,Saturday,1,Summer,Sunny,No Occasion,0,404,10.73,150,81,79,94
2024-03-10,Sunday,1,Summer,Sunny,No Occasion,0,440,12.81,173,135,69,63
2024-03-11,Monday,0,Summer,Sunny,No Occasion,1,427,10.21,122,139,33,133
2024-03-12,Tuesday,0,Summer,Sunny,No Occasion,0,352,10.34,125,128,45,54
2024-03-13,Wednesday,0,Summer,Sunny,No Occasion,0,318,8.41,68,89,88,73
2024-03-14,Thursday,0,Summer,Cloudy,No Occasion,0,273,6.86,97,54,51,71
2024-03-15,Friday,0,Summer,Cloudy,No Occasion,0,352,8.59,99,130,38,85
2024-03-16,Saturday,1,Summer,Cloudy,No Occasion,0,431,10.66,148,101,97,85
2024-03-17,Sunday,1,Summer,Sunny,No Occasion,0,453,10.08,155,120,87,91
2024-03-18,Monday,0,Summer,Cloudy,Festival,1,532,14.62,98,104,157,173
2024-03-19,Tuesday,0,Summer,Sunny,No Occasion,0,339,10.05,120,112,57,50
2024-03-20,Wednesday,0,Summer,Cloudy,No Occasion,0,286,5.76,99,85,34,68
2024-03-21,Thursday,0,Summer,Sunny,No Occasion,0,355,9.64,48,125,101,81
2024-03-22,Friday,0,Summer,Rainy,Local Event,0,310,7.41,105,115,28,62
2024-03-23,Saturday,1,Summer,Sunny,No Occasion,0,312,6.36,99,98,66,49
2024-03-24,Sunday,1,Summer,Rainy,Festival,1,365,8.53,83,113,110,59
2024-03-25,Monday,0,Summer,Sunny,No Occasion,0,347,8.11,128,105,94,20
2024-03-26,Tuesday,0,Summer,Cloudy,No Occasion,0,259,6.76,73,121,56,9
2024-03-27,Wednesday,0,Summer,Sunny,No Occasion,0,291,6.08,63,82,94,52
2024-03-28,Thursday,0,Summer,Sunny,No Occasion,0,348,7.76,67,124,86,71
2024-03-29,Friday,0,Summer,Sunny,No Occasion,0,341,9.1,101,133,85,22
2024-03-30,Saturday,1,Summer,Rainy,No Occasion,0,358,7.78,144,126,75,13
2024-03-31,Sunday,1,Summer,Cloudy,No Occasion,0,390,10.46,180,120,56,34
2024-04-01,Monday,0,Summer,Sunny,No Occasion,1,446,12.0,108,94,73,171
2024-04-02,Tuesday,0,Summer,Sunny,No Occasion,0,340,8.58,80,97,110,53
2024-04-03,Wednesday,0,Summer,Sunny,No Occasion,0,307,6.67,80,134,35,58
2024-04-04,Thursday,0,Summer,Sunny,No Occasion,0,274,5.49,103,78,10,83
2024-04-05,Friday,0,Summer,Cloudy,No Occasion,0,401,9.93,143,102,85,71
2024-04-06,Saturday,1,Summer,Rainy,No Occasion,0,248,5.28,94,98,46,10
2024-04-07,Sunday,1,Summer,Sunny,No Occasion,0,500,14.66,224,162,96,18
2024-04-08,Monday,0,Summer,Sunny,No Occasion,0,323,7.2,99,93,80,51
2024-04-09,Tuesday,0,Summer,Sunny,No Occasion,0,278,6.51,72,122,57,27
2024-04-10,Wednesday,0,Summer,Sunny,Local Event,0,360,9.6,115,151,47,47
2024-04-11,Thursday,0,Summer,Sunny,No Occasion,0,256,7.12,78,90,70,18
2024-04-12,Friday,0,Summer,Cloudy,No Occasion,0,319,6.97,107,90,53,69
2024-04-13,Saturday,1,Summer,Sunny,No Occasion,0,456,13.01,113,109,131,103
2024-04-14,Sunday,1,Summer,Sunny,No Occasion,0,367,10.77,147,140,14,66
2024-04-15,Monday,0,Summer,Rainy,No Occasion,0,188,5.23,46,66,38,38
2024-04-16,Tuesday,0,Summer,Cloudy,No Occasion,0,331,9.49,92,108,64,67
2024-04-17,Wednesday,0,Summer,Sunny,No Occasion,0,290,6.93,81,100,55,54
2024-04-18,Thursday,0,Summer,Cloudy,Festival,1,668,19.85,98,193,179,198
2024-04-19,Friday,0,Summer,Rainy,No Occasion,1,221,6.54,51,94,19,57
2024-04-20,Saturday,1,Summer,Sunny,No Occasion,0,407,8.98,91,146,125,45
2024-04-21,Sunday,1,Summer,Sunny,Local Event,1,371,9.67,150,85,58,78
2024-04-22,Monday,0,Summer,Sunny,No Occasion,0,283,8.18,127,73,72,11
2024-04-23,Tuesday,0,Summer,Cloudy,No Occasion,0,413,11.13,80,189,62,82
2024-04-24,Wednesday,0,Summer,Sunny,No Occasion,0,154,3.27,50,56,45,3
2024-04-25,Thursday,0,Summer,Sunny,No Occasion,0,390,9.29,156,72,84,78
2024-04-26,Friday,0,Summer,Sunny,No Occasion,0,371,7.44,110,136,38,87
2024-04-27,Saturday,1,Summer,Sunny,Local Event,1,462,11.6,127,92,99,144
2024-04-28,Sunday,1,Summer,Sunny,No Occasion,0,474,11.15,188,134,125,27
2024-04-29,Monday,0,Summer,Cloudy,No Occasion,0,291,6.12,77,102,72,40
2024-04-30,Tuesday,0,Summer,Rainy,Festival,1,315,8.4,67,82,99,67
2024-05-01,Wednesday,0,Summer,Sunny,No Occasion,0,357,8.38,127,86,81,63
2024-05-02,Thursday,0,Summer,Sunny,No Occasion,0,277,7.97,106,90,45,36
2024-05-03,Friday,0,Summer,Cloudy,Festival,1,538,15.09,68,151,109,210
2024-05-04,Saturday,1,Summer,Sunny,No Occasion,0,375,8.29,108,115,94,58
2024-05-05,Sunday,1,Summer,Sunny,Local Event,0,352,9.25,108,118,57,69
2024-05-06,Monday,0,Summer,Rainy,No Occasion,0,211,5.59,109,66,32,4
2024-05-07,Tuesday,0,Summer,Cloudy,No Occasion,0,300,8.19,70,95,87,48
2024-05-08,Wednesday,0,Summer,Cloudy,No Occasion,0,294,7.46,84,137,65,8
2024-05-09,Thursday,0,Summer,Sunny,No Occasion,0,335,7.91,76,113,58,88
2024-05-10,Friday,0,Summer,Rainy,No Occasion,0,254,7.62,70,115,49,20
2024-05-11,Saturday,1,Summer,Cloudy,No Occasion,0,440,10.58,154,131,113,42
2024-05-12,Sunday,1,Summer,Cloudy,No Occasion,0,460,11.75,146,108,126,80
2024-05-13,Monday,0,Summer,Rainy,No Occasion,0,339,8.54,107,158,8,66
2024-05-14,Tuesday,0,Summer,Sunny,No Occasion,0,259,6.84,65,100,40,54
2024-05-15,Wednesday,0,Summer,Rainy,Local Event,0,258,6.97,86,101,47,24
2024-05-16,Thursday,0,Summer,Cloudy,Festival,1,503,11.81,98,154,72,179
2024-05-17,Friday,0,Summer,Sunny,No Occasion,0,255,6.78,100,77,44,34
2024-05-18,Saturday,1,Summer,Sunny,Festival,1,709,18.58,190,142,131,246
2024-05-19,Sunday,1,Summer,Sunny,No Occasion,0,365,9.51,106,77,75,107
2024-05-20,Monday,0,Summer,Cloudy,No Occasion,0,323,7.45,75,131,30,87
2024-05-21,Tuesday,0,Summer,Sunny,Festival,1,672,13.87,107,120,145,300
2024-05-22,Wednesday,0,Summer,Sunny,No Occasion,0,344,9.24,91,67,86,100
2024-05-23,Thursday,0,Summer,Sunny,Local Event,1,441,13.19,103,107,87,144
2024-05-24,Friday,0,Summer,Sunny,No Occasion,0,369,7.44,108,178,60,23
2024-05-25,Saturday,1,Summer,Sunny,No Occasion,0,360,9.1,91,153,35,81
2024-05-26,Sunday,1,Summer,Sunny,Local Event,0,391,8.29,136,87,79,89
2024-05-27,Monday,0,Summer,Cloudy,No Occasion,0,283,7.21,95,81,73,34
2024-05-28,Tuesday,0,Summer,Sunny,No Occasion,0,253,5.5,87,84,47,35
2024-05-29,Wednesday,0,Summer,Sunny,Local Event,1,390,8.16,109,153,56,72
2024-05-30,Thursday,0,Summer,Sunny,No Occasion,0,316,6.73,122,78,50,66
2024-05-31,Friday,0,Summer,Cloudy,No Occasion,0,256,5.26,65,93,36,62
2024-06-01,Saturday,1,Monsoon,Heavy Rain,No Occasion,1,313,9.15,124,94,55,40
2024-06-02,Sunday,1,Monsoon,Sunny,Festival,1,714,14.5,232,124,174,184
2024-06-03,Monday,0,Monsoon,Heavy Rain,No Occasion,1,193,5.76,62,70,41,20
2024-06-04,Tuesday,0,Monsoon,Heavy Rain,No Occasion,1,144,4.25,48,45,15,36
2024-06-05,Wednesday,0,Monsoon,Rainy,No Occasion,0,295,7.5,105,112,28,50
2024-06-06,Thursday,0,Monsoon,Heavy Rain,No Occasion,0,263,6.88,67,103,46,47
2024-06-07,Friday,0,Monsoon,Heavy Rain,Local Event,0,241,7.1,42,130,40,29
2024-06-08,Saturday,1,Monsoon,Rainy,No Occasion,0,318,9.43,115,89,47,67
2024-06-09,Sunday,1,Monsoon,Rainy,No Occasion,0,342,8.03,97,146,71,28
2024-06-10,Monday,0,Monsoon,Rainy,No Occasion,0,194,3.96,61,67,56,10
2024-06-11,Tuesday,0,Monsoon,Rainy,No Occasion,0,232,4.93,89,71,37,35
2024-06-12,Wednesday,0,Monsoon,Cloudy,Local Event,0,334,7.61,119,128,73,14
2024-06-13,Thursday,0,Monsoon,Cloudy,No Occasion,0,288,7.04,99,70,47,72
2024-06-14,Friday,0,Monsoon,Sunny,No Occasion,0,335,9.07,114,87,62,72
2024-06-15,Saturday,1,Monsoon,Sunny,No Occasion,0,500,11.27,156,128,77,139
2024-06-16,Sunday,1,Monsoon,Rainy,No Occasion,1,189,5.0,60,46,28,55
2024-06-17,Monday,0,Monsoon,Rainy,No Occasion,0,342,8.17,119,110,43,70
2024-06-18,Tuesday,0,Monsoon,Cloudy,No Occasion,0,340,9.5,119,109,58,54
2024-06-19,Wednesday,0,Monsoon,Rainy,No Occasion,0,267,7.79,92,94,76,5
2024-06-20,Thursday,0,Monsoon,Rainy,Festival,1,351,7.99,97,67,116,71
2024-06-21,Friday,0,Monsoon,Cloudy,No Occasion,1,359,10.62,81,56,83,139
2024-06-22,Saturday,1,Monsoon,Rainy,No Occasion,0,280,5.62,119,116,22,23
2024-06-23,Sunday,1,Monsoon,Rainy,Festival,1,535,12.74,122,122,159,132
2024-06-24,Monday,0,Monsoon,Rainy,Festival,1,271,8.11,73,96,46,56
2024-06-25,Tuesday,0,Monsoon,Sunny,Local Event,1,434,12.55,150,115,73,96
2024-06-26,Wednesday,0,Monsoon,Cloudy,No Occasion,0,208,5.42,50,65,52,41
2024-06-27,Thursday,0,Monsoon,Heavy Rain,Local Event,1,246,5.2,62,88,56,40
2024-06-28,Friday,0,Monsoon,Heavy Rain,No Occasion,0,277,5.95,78,64,92,43
2024-06-29,Saturday,1,Monsoon,Rainy,No Occasion,0,363,7.85,129,100,83,51
2024-06-30,Sunday,1,Monsoon,Cloudy,No Occasion,0,412,9.56,143,121,97,51
2024-07-01,Monday,0,Monsoon,Sunny,No Occasion,0,394,8.06,149,61,70,114
2024-07-02,Tuesday,0,Monsoon,Sunny,Local Event,0,332,9.88,115,82,91,44
2024-07-03,Wednesday,0,Monsoon,Rainy,No Occasion,0,158,3.24,68,49,34,7
2024-07-04,Thursday,0,Monsoon,Rainy,No Occasion,0,162,4.59,62,49,30,21
2024-07-05,Friday,0,Monsoon,Rainy,No Occasion,0,190,5.47,78,63,12,37
2024-07-06,Saturday,1,Monsoon,Cloudy,No Occasion,0,451,12.19,183,106,76,86
2024-07-07,Sunday,1,Monsoon,Rainy,No Occasion,0,367,10.07,133,154,70,10
2024-07-08,Monday,0,Monsoon,Rainy,No Occasion,0,273,7.78,115,90,64,4
2024-07-09,Tuesday,0,Monsoon,Sunny,No Occasion,0,323,9.68,104,56,130,33
2024-07-10,Wednesday,0,Monsoon,Rainy,Festival,1,429,9.77,111,111,74,133
2024-07-11,Thursday,0,Monsoon,Rainy,No Occasion,0,236,6.25,76,93,41,26
2024-07-12,Friday,0,Monsoon,Rainy,No Occasion,0,303,8.64,88,122,69,24
2024-07-13,Saturday,1,Monsoon,Rainy,No Occasion,0,369,10.98,112,124,88,45
2024-07-14,Sunday,1,Monsoon,Rainy,No Occasion,0,373,11.06,136,130,74,33
2024-07-15,Monday,0,Monsoon,Sunny,No Occasion,0,428,8.79,276,78,63,11
2024-07-16,Tuesday,0,Monsoon,Cloudy,No Occasion,0,220,6.26,63,39,69,49
2024-07-17,Wednesday,0,Monsoon,Sunny,Local Event,1,373,8.69,62,97,86,128
2024-07-18,Thursday,0,Monsoon,Rainy,No Occasion,0,333,8.51,130,88,109,6
2024-07-19,Friday,0,Monsoon,Sunny,No Occasion,0,277,7.56,91,48,72,66
2024-07-20,Saturday,1,Monsoon,Rainy,Festival,1,486,14.35,121,124,140,101
2024-07-21,Sunday,1,Monsoon,Rainy,No Occasion,0,378,10.56,72,170,74,62
2024-07-22,Monday,0,Monsoon,Rainy,Festival,1,351,8.95,90,76,75,110
2024-07-23,Tuesday,0,Monsoon,Cloudy,No Occasion,0,276,7.81,87,89,45,55
2024-07-24,Wednesday,0,Monsoon,Heavy Rain,No Occasion,0,274,6.53,102,103,60,9
2024-07-25,Thursday,0,Monsoon,Heavy Rain,No Occasion,1,206,6.03,61,66,41,38
2024-07-26,Friday,0,Monsoon,Rainy,No Occasion,0,341,7.76,133,139,60,9
2024-07-27,Saturday,1,Monsoon,Rainy,No Occasion,0,435,9.64,104,144,117,70
2024-07-28,Sunday,1,Monsoon,Rainy,No Occasion,0,355,10.15,93,136,69,57
2024-07-29,Monday,0,Monsoon,Rainy,No Occasion,0,247,6.45,89,98,58,2
2024-07-30,Tuesday,0,Monsoon,Sunny,No Occasion,0,237,6.65,103,61,13,60
2024-07-31,Wednesday,0,Monsoon,Cloudy,Festival,1,539,15.9,97,75,175,192
2024-08-01,Thursday,0,Monsoon,Rainy,No Occasion,0,286,7.47,122,95,44,25
2024-08-02,Friday,0,Monsoon,Cloudy,No Occasion,0,348,8.59,73,121,90,64
2024-08-03,Saturday,1,Monsoon,Cloudy,No Occasion,0,390,10.56,151,98,70,71
2024-08-04,Sunday,1,Monsoon,Cloudy,No Occasion,0,315,7.79,107,86,83,39
2024-08-05,Monday,0,Monsoon,Cloudy,No Occasion,0,234,5.53,69,49,37,79
2024-08-06,Tuesday,0,Monsoon,Sunny,No Occasion,0,359,7.24,140,98,93,28
2024-08-07,Wednesday,0,Monsoon,Rainy,No Occasion,0,237,5.87,48,79,77,33
2024-08-08,Thursday,0,Monsoon,Rainy,Local Event,1,268,7.89,45,135,61,27
2024-08-09,Friday,0,Monsoon,Sunny,No Occasion,0,348,8.61,121,117,53,57
2024-08-10,Saturday,1,Monsoon,Heavy Rain,No Occasion,0,309,7.66,94,116,59,40
2024-08-11,Sunday,1,Monsoon,Cloudy,Festival,1,677,15.46,168,136,158,215
2024-08-12,Monday,0,Monsoon,Sunny,No Occasion,0,333,9.14,117,113,40,63
2024-08-13,Tuesday,0,Monsoon,Rainy,No Occasion,0,340,8.31,130,119,67,24
2024-08-14,Wednesday,0,Monsoon,Cloudy,Festival,1,680,18.85,151,163,169,197
2024-08-15,Thursday,0,Monsoon,Cloudy,No Occasion,0,217,4.58,79,51,57,30
2024-08-16,Friday,0,Monsoon,Sunny,No Occasion,0,338,9.9,116,23,100,99
2024-08-17,Saturday,1,Monsoon,Cloudy,No Occasion,0,390,8.41,99,78,102,111
2024-08-18,Sunday,1,Monsoon,Cloudy,No Occasion,0,444,12.23,156,113,65,110
2024-08-19,Monday,0,Monsoon,Cloudy,No Occasion,0,336,8.47,115,89,44,88
2024-08-20,Tuesday,0,Monsoon,Sunny,Festival,1,542,14.81,118,141,110,173
2024-08-21,Wednesday,0,Monsoon,Rainy,No Occasion,1,219,6.2,46,76,51,46
2024-08-22,Thursday,0,Monsoon,Rainy,No Occasion,1,219,5.47,69,61,44,45
2024-08-23,Friday,0,Monsoon,Rainy,No Occasion,0,241,5.6,67,119,54,1
2024-08-24,Saturday,1,Monsoon,Heavy Rain,No Occasion,0,365,7.47,138,122,55,50
2024-08-25,Sunday,1,Monsoon,Rainy,No Occasion,0,311,9.31,111,122,71,7
2024-08-26,Monday,0,Monsoon,Rainy,Festival,1,397,10.11,98,71,123,105
2024-08-27,Tuesday,0,Monsoon,Cloudy,No Occasion,0,310,6.54,98,112,16,84
2024-08-28,Wednesday,0,Monsoon,Rainy,Festival,1,407,8.69,83,132,81,111
2024-08-29,Thursday,0,Monsoon,Sunny,No Occasion,0,323,8.81,96,104,50,73
2024-08-30,Friday,0,Monsoon,Cloudy,No Occasion,0,363,9.26,127,63,60,113
2024-08-31,Saturday,1,Monsoon,Cloudy,No Occasion,0,358,9.73,167,63,71,57
2024-09-01,Sunday,1,Monsoon,Rainy,No Occasion,0,419,8.39,191,149,65,14
2024-09-02,Monday,0,Monsoon,Rainy,No Occasion,0,241,7.11,98,89,45,9
2024-09-03,Tuesday,0,Monsoon,Rainy,No Occasion,0,280,6.81,104,79,72,25
2024-09-04,Wednesday,0,Monsoon,Rainy,No Occasion,0,250,5.84,79,96,73,2
2024-09-05,Thursday,0,Monsoon,Heavy Rain,No Occasion,0,177,4.4,70,78,25,4
2024-09-06,Friday,0,Monsoon,Cloudy,No Occasion,0,362,10.64,167,85,93,17
2024-09-07,Saturday,1,Monsoon,Rainy,No Occasion,0,436,12.17,160,185,86,5
2024-09-08,Sunday,1,Monsoon,Sunny,No Occasion,0,467,11.89,113,104,112,138
2024-09-09,Monday,0,Monsoon,Heavy Rain,Local Event,1,191,4.97,64,56,23,48
2024-09-10,Tuesday,0,Monsoon,Sunny,No Occasion,1,381,10.28,95,108,71,107
2024-09-11,Wednesday,0,Monsoon,Rainy,Local Event,0,352,7.05,126,119,16,91
2024-09-12,Thursday,0,Monsoon,Rainy,No Occasion,0,80,2.08,29,30,13,8
2024-09-13,Friday,0,Monsoon,Rainy,No Occasion,0,297,8.89,83,114,45,55
2024-09-14,Saturday,1,Monsoon,Cloudy,Local Event,1,518,13.32,158,143,55,162
2024-09-15,Sunday,1,Monsoon,Rainy,No Occasion,0,424,11.63,137,109,128,50
2024-09-16,Monday,0,Monsoon,Rainy,Festival,1,348,9.57,103,74,45,126
2024-09-17,Tuesday,0,Monsoon,Heavy Rain,No Occasion,0,259,7.41,75,109,74,1
2024-09-18,Wednesday,0,Monsoon,Rainy,No Occasion,0,196,3.94,82,91,4,19
2024-09-19,Thursday,0,Monsoon,Rainy,No Occasion,0,304,6.31,65,120,53,66
2024-09-20,Friday,0,Monsoon,Rainy,No Occasion,0,231,6.24,72,95,36,28
2024-09-21,Saturday,1,Monsoon,Rainy,No Occasion,0,382,8.53,118,132,107,25
2024-09-22,Sunday,1,Monsoon,Cloudy,Festival,0,616,17.15,197,63,227,129
2024-09-23,Monday,0,Monsoon,Rainy,Festival,1,397,11.63,67,113,98,119
2024-09-24,Tuesday,0,Monsoon,Sunny,No Occasion,0,161,3.79,36,48,48,29
2024-09-25,Wednesday,0,Monsoon,Cloudy,Festival,1,577,15.13,157,147,82,191
2024-09-26,Thursday,0,Monsoon,Cloudy,No Occasion,0,273,7.59,106,46,67,54
2024-09-27,Friday,0,Monsoon,Rainy,No Occasion,0,197,5.41,59,80,25,33
2024-09-28,Saturday,1,Monsoon,Rainy,Local Event,1,300,7.33,102,86,66,46
2024-09-29,Sunday,1,Monsoon,Rainy,Local Event,1,344,8.61,93,114,99,38
2024-09-30,Monday,0,Monsoon,Cloudy,Local Event,1,410,9.06,144,54,99,113
2024-10-01,Tuesday,0,Autumn,Rainy,No Occasion,0,259,6.94,80,84,47,48
2024-10-02,Wednesday,0,Autumn,Sunny,Local Event,0,329,8.84,145,93,35,56
2024-10-03,Thursday,0,Autumn,Cloudy,No Occasion,0,412,11.2,148,108,108,48
2024-10-04,Friday,0,Autumn,Cloudy,No Occasion,0,308,8.88,153,87,62,6
2024-10-05,Saturday,1,Autumn,Sunny,No Occasion,0,404,8.92,181,125,34,64
2024-10-06,Sunday,1,Autumn,Rainy,Local Event,0,440,11.08,169,157,97,17
2024-10-07,Monday,0,Autumn,Cloudy,No Occasion,0,141,3.44,40,59,38,4
2024-10-08,Tuesday,0,Autumn,Sunny,No Occasion,0,282,8.43,78,120,51,33
2024-10-09,Wednesday,0,Autumn,Rainy,No Occasion,0,195,4.88,82,65,44,4
2024-10-10,Thursday,0,Autumn,Sunny,No Occasion,0,270,7.95,99,87,46,38
2024-10-11,Friday,0,Autumn,Sunny,No Occasion,0,317,8.85,81,67,104,65
2024-10-12,Saturday,1,Autumn,Rainy,No Occasion,0,382,9.92,147,97,109,29
2024-10-13,Sunday,1,Autumn,Sunny,Festival,1,754,15.92,236,143,183,192
2024-10-14,Monday,0,Autumn,Sunny,No Occasion,0,244,6.2,65,82,74,23
2024-10-15,Tuesday,0,Autumn,Sunny,No Occasion,0,293,7.79,108,45,44,96
2024-10-16,Wednesday,0,Autumn,Sunny,No Occasion,0,274,5.96,120,70,61,23
2024-10-17,Thursday,0,Autumn,Sunny,No Occasion,0,321,8.11,77,84,80,80
2024-10-18,Friday,0,Autumn,Sunny,No Occasion,0,257,7.05,79,45,95,38
2024-10-19,Saturday,1,Autumn,Rainy,No Occasion,0,305,7.42,113,109,67,16
2024-10-20,Sunday,1,Autumn,Sunny,Local Event,1,546,13.9,200,104,132,110
2024-10-21,Monday,0,Autumn,Rainy,Festival,1,361,10.15,82,74,95,110
2024-10-22,Tuesday,0,Autumn,Sunny,Festival,1,599,17.69,140,140,107,212
2024-10-23,Wednesday,0,Autumn,Rainy,No Occasion,0,228,5.88,49,88,87,4
2024-10-24,Thursday,0,Autumn,Cloudy,No Occasion,0,272,7.03,80,101,12,79
2024-10-25,Friday,0,Autumn,Cloudy,No Occasion,0,261,6.32,70,111,42,38
2024-10-26,Saturday,1,Autumn,Cloudy,No Occasion,0,374,10.92,115,88,111,60
2024-10-27,Sunday,1,Autumn,Rainy,No Occasion,0,364,8.86,134,102,110,18
2024-10-28,Monday,0,Autumn,Sunny,No Occasion,0,287,5.99,88,74,68,57
2024-10-29,Tuesday,0,Autumn,Rainy,No Occasion,0,242,6.16,56,76,80,30
2024-10-30,Wednesday,0,Autumn,Sunny,No Occasion,0,268,7.61,129,57,16,66
2024-10-31,Thursday,0,Autumn,Rainy,No Occasion,0,238,5.52,51,104,66,17
2024-11-01,Friday,0,Autumn,Sunny,Local Event,0,360,7.66,144,92,38,86
2024-11-02,Saturday,1,Autumn,Sunny,No Occasion,0,350,7.35,154,74,50,72
2024-11-03,Sunday,1,Autumn,Sunny,No Occasion,0,494,10.35,185,111,135,63
2024-11-04,Monday,0,Autumn,Cloudy,Festival,1,524,11.83,118,96,151,159
2024-11-05,Tuesday,0,Autumn,Cloudy,No Occasion,0,317,8.15,97,90,65,65
2024-11-06,Wednesday,0,Autumn,Rainy,No Occasion,0,233,5.14,65,113,44,11
2024-11-07,Thursday,0,Autumn,Sunny,No Occasion,0,283,5.9,73,73,87,50
2024-11-08,Friday,0,Autumn,Cloudy,No Occasion,0,283,6.36,76,72,78,57
2024-11-09,Saturday,1,Autumn,Cloudy,No Occasion,0,414,9.59,203,116,88,7
2024-11-10,Sunday,1,Autumn,Sunny,No Occasion,0,416,12.16,148,114,116,38
2024-11-11,Monday,0,Autumn,Sunny,No Occasion,0,255,5.55,74,91,33,57
2024-11-12,Tuesday,0,Autumn,Sunny,No Occasion,0,282,7.94,62,100,52,68
2024-11-13,Wednesday,0,Autumn,Cloudy,No Occasion,0,377,9.19,51,140,88,98
2024-11-14,Thursday,0,Autumn,Sunny,No Occasion,0,274,6.46,81,98,54,41
2024-11-15,Friday,0,Autumn,Cloudy,No Occasion,0,281,6.84,128,47,50,56
2024-11-16,Saturday,1,Autumn,Sunny,No Occasion,0,400,8.98,147,75,107,71
2024-11-17,Sunday,1,Autumn,Cloudy,No Occasion,0,480,11.56,139,149,132,60
2024-11-18,Monday,0,Autumn,Sunny,No Occasion,0,355,7.94,121,159,33,42
2024-11-19,Tuesday,0,Autumn,Cloudy,No Occasion,0,353,8.49,119,121,20,93
2024-11-20,Wednesday,0,Autumn,Cloudy,No Occasion,0,310,7.65,96,82,83,49
2024-11-21,Thursday,0,Autumn,Sunny,No Occasion,0,281,7.51,93,95,48,45
2024-11-22,Friday,0,Autumn,Rainy,Festival,1,382,9.26,83,77,95,127
2024-11-23,Saturday,1,Autumn,Cloudy,No Occasion,0,385,10.38,129,84,128,44
2024-11-24,Sunday,1,Autumn,Sunny,No Occasion,0,436,12.39,123,105,146,62
2024-11-25,Monday,0,Autumn,Rainy,Festival,1,401,8.48,100,121,89,91
2024-11-26,Tuesday,0,Autumn,Sunny,No Occasion,0,155,3.39,37,61,41,16
2024-11-27,Wednesday,0,Autumn,Sunny,Festival,1,528,12.63,137,97,112,182
2024-11-28,Thursday,0,Autumn,Rainy,Local Event,0,188,4.19,33,88,50,17
2024-11-29,Friday,0,Autumn,Sunny,No Occasion,0,241,5.35,73,89,14,65
2024-11-30,Saturday,1,Autumn,Cloudy,No Occasion,0,405,10.74,141,78,89,97
2024-12-01,Sunday,1,Winter,Cold,No Occasion,0,363,7.46,80,79,107,97
2024-12-02,Monday,0,Winter,Foggy,No Occasion,0,360,10.13,116,140,22,82
2024-12-03,Tuesday,0,Winter,Rainy,No Occasion,0,280,6.19,93,109,49,29
2024-12-04,Wednesday,0,Winter,Cold,No Occasion,0,179,4.32,50,56,16,57
2024-12-05,Thursday,0,Winter,Foggy,No Occasion,0,317,9.47,79,85,71,82
2024-12-06,Friday,0,Winter,Foggy,Festival,1,561,16.1,95,102,156,208
2024-12-07,Saturday,1,Winter,Foggy,Local Event,1,473,12.23,116,83,125,149
2024-12-08,Sunday,1,Winter,Sunny,No Occasion,0,441,9.79,154,92,67,128
2024-12-09,Monday,0,Winter,Foggy,No Occasion,0,237,5.06,74,74,33,56
2024-12-10,Tuesday,0,Winter,Foggy,Local Event,1,285,7.64,60,61,65,99
2024-12-11,Wednesday,0,Winter,Foggy,Festival,1,491,13.32,110,56,87,238
2024-12-12,Thursday,0,Winter,Cold,Local Event,1,495,14.59,132,126,77,160
2024-12-13,Friday,0,Winter,Sunny,Festival,1,642,14.26,155,148,146,193
2024-12-14,Saturday,1,Winter,Sunny,No Occasion,0,374,7.78,111,88,82,93
2024-12-15,Sunday,1,Winter,Sunny,Festival,1,614,12.56,139,123,151,201
2024-12-16,Monday,0,Winter,Cold,No Occasion,0,197,4.51,34,59,48,56
2024-12-17,Tuesday,0,Winter,Rainy,No Occasion,0,153,3.09,51,53,30,19
2024-12-18,Wednesday,0,Winter,Foggy,No Occasion,0,254,6.11,53,77,49,75
2024-12-19,Thursday,0,Winter,Foggy,No Occasion,0,306,7.61,115,61,48,82
2024-12-20,Friday,0,Winter,Foggy,No Occasion,0,337,6.81,123,54,68,92
2024-12-21,Saturday,1,Winter,Foggy,No Occasion,0,322,6.55,101,60,81,80
2024-12-22,Sunday,1,Winter,Foggy,Festival,0,520,11.14,99,142,114,165
2024-12-23,Monday,0,Winter,Rainy,Festival,1,379,10.97,66,113,103,97
2024-12-24,Tuesday,0,Winter,Sunny,No Occasion,0,253,6.32,54,54,63,82
2024-12-25,Wednesday,0,Winter,Cold,No Occasion,0,329,6.93,99,89,45,96
2024-12-26,Thursday,0,Winter,Rainy,No Occasion,0,215,5.18,59,50,50,56
2024-12-27,Friday,0,Winter,Sunny,No Occasion,0,426,12.67,115,148,85,78
2024-12-28,Saturday,1,Winter,Sunny,No Occasion,0,457,10.2,158,105,89,105
2024-12-29,Sunday,1,Winter,Foggy,Festival,0,528,11.06,138,111,152,127
2024-12-30,Monday,0,Winter,Sunny,No Occasion,0,365,10.73,129,56,102,78
2024-12-31,Tuesday,0,Winter,Foggy,No Occasion,0,307,8.63,95,45,105,62
2025-01-01,Wednesday,0,Winter,Cold,No Occasion,0,243,5.02,57,61,40,85
2025-01-02,Thursday,0,Winter,Sunny,No Occasion,0,106,2.24,35,29,36,6
2025-01-03,Friday,0,Winter,Cold,No Occasion,0,426,9.88,192,107,55,72
2025-01-04,Saturday,1,Winter,Cold,No Occasion,0,425,9.1,142,85,82,116
2025-01-05,Sunday,1,Winter,Foggy,Local Event,1,502,14.09,116,80,156,150
2025-01-06,Monday,0,Winter,Cold,Festival,1,590,15.22,143,117,121,209
2025-01-07,Tuesday,0,Winter,Foggy,No Occasion,0,299,7.03,130,105,6,58
2025-01-08,Wednesday,0,Winter,Foggy,No Occasion,0,320,7.32,73,67,52,128
2025-01-09,Thursday,0,Winter,Cold,No Occasion,0,274,6.73,72,95,24,83
2025-01-10,Friday,0,Winter,Foggy,No Occasion,0,206,4.85,69,45,26,66
2025-01-11,Saturday,1,Winter,Rainy,Local Event,0,390,10.2,113,134,78,65
2025-01-12,Sunday,1,Winter,Foggy,No Occasion,0,356,9.87,176,89,27,64
2025-01-13,Monday,0,Winter,Cold,No Occasion,0,363,7.26,112,73,75,103
2025-01-14,Tuesday,0,Winter,Rainy,No Occasion,1,334,7.73,115,94,36,89
2025-01-15,Wednesday,0,Winter,Sunny,No Occasion,0,358,7.29,88,55,110,105
2025-01-16,Thursday,0,Winter,Cold,Local Event,0,338,7.96,110,59,56,113
2025-01-17,Friday,0,Winter,Rainy,No Occasion,0,246,7.24,74,74,77,21
2025-01-18,Saturday,1,Winter,Cold,No Occasion,0,409,11.7,167,91,68,83
2025-01-19,Sunday,1,Winter,Sunny,Local Event,1,458,11.95,100,112,126,120
2025-01-20,Monday,0,Winter,Rainy,No Occasion,0,301,8.07,65,121,87,28
2025-01-21,Tuesday,0,Winter,Foggy,No Occasion,0,279,6.91,76,81,64,58
2025-01-22,Wednesday,0,Winter,Sunny,No Occasion,0,278,5.78,78,82,51,67
2025-01-23,Thursday,0,Winter,Foggy,No Occasion,0,181,4.23,63,34,35,49
2025-01-24,Friday,0,Winter,Rainy,No Occasion,1,236,5.13,51,83,40,62
2025-01-25,Saturday,1,Winter,Cold,No Occasion,0,396,11.66,104,98,92,102
2025-01-26,Sunday,1,Winter,Cold,Festival,1,622,18.41,121,159,145,197
2025-01-27,Monday,0,Winter,Sunny,No Occasion,0,351,7.57,76,98,80,97
2025-01-28,Tuesday,0,Winter,Rainy,No Occasion,0,307,7.18,104,86,46,71
2025-01-29,Wednesday,0,Winter,Foggy,No Occasion,0,246,6.03,86,59,8,93
2025-01-30,Thursday,0,Winter,Sunny,No Occasion,0,338,8.03,85,81,79,93
2025-01-31,Friday,0,Winter,Cold,No Occasion,0,308,9.17,94,17,86,111
2025-02-01,Saturday,1,Winter,Foggy,No Occasion,0,344,9.35,103,91,92,58
2025-02-02,Sunday,1,Winter,Rainy,No Occasion,0,353,7.32,110,84,103,56
2025-02-03,Monday,0,Winter,Foggy,No Occasion,0,415,10.39,90,95,118,112
2025-02-04,Tuesday,0,Winter,Foggy,No Occasion,0,273,5.61,108,92,14,59
2025-02-05,Wednesday,0,Winter,Foggy,Festival,1,591,12.11,138,45,124,284
2025-02-06,Thursday,0,Winter,Foggy,No Occasion,0,269,5.69,76,58,51,84
2025-02-07,Friday,0,Winter,Rainy,Festival,0,457,11.45,119,137,102,99
2025-02-08,Saturday,1,Winter,Foggy,Festival,1,492,10.23,166,76,68,182
2025-02-09,Sunday,1,Winter,Rainy,Festival,1,304,6.96,61,76,79,88
2025-02-10,Monday,0,Winter,Rainy,No Occasion,0,302,6.99,82,153,16,51
2025-02-11,Tuesday,0,Winter,Sunny,Local Event,0,359,7.66,90,116,65,88
2025-02-12,Wednesday,0,Winter,Cold,Local Event,1,465,13.63,124,116,14,211
2025-02-13,Thursday,0,Winter,Sunny,No Occasion,0,307,7.27,87,90,61,69
2025-02-14,Friday,0,Winter,Cold,Festival,1,595,17.18,176,115,79,225
2025-02-15,Saturday,1,Winter,Sunny,No Occasion,0,429,12.32,114,134,87,94
2025-02-16,Sunday,1,Winter,Cold,No Occasion,0,362,9.67,80,75,70,137
2025-02-17,Monday,0,Winter,Rainy,No Occasion,0,266,6.28,87,82,56,41
2025-02-18,Tuesday,0,Winter,Rainy,Festival,1,414,8.66,94,118,71,131
2025-02-19,Wednesday,0,Winter,Foggy,No Occasion,0,116,3.35,57,15,20,24
2025-02-20,Thursday,0,Winter,Cold,No Occasion,0,331,9.81,108,75,64,84
2025-02-21,Friday,0,Winter,Foggy,No Occasion,0,268,7.98,79,69,60,60
2025-02-22,Saturday,1,Winter,Rainy,Festival,1,502,10.71,113,121,91,177
2025-02-23,Sunday,1,Winter,Sunny,No Occasion,0,360,9.6,124,67,61,108
2025-02-24,Monday,0,Winter,Foggy,No Occasion,0,244,5.99,29,68,62,85
2025-02-25,Tuesday,0,Winter,Cold,Local Event,0,347,8.27,97,130,46,74
2025-02-26,Wednesday,0,Winter,Foggy,Festival,1,517,12.97,106,90,89,232
2025-02-27,Thursday,0,Winter,Foggy,No Occasion,0,287,8.55,38,111,49,89
2025-02-28,Friday,0,Winter,Cold,No Occasion,1,409,10.88,108,61,95,145
2025-03-01,Saturday,1,Summer,Sunny,No Occasion,0,334,8.5,116,81,63,74
2025-03-02,Sunday,1,Summer,Sunny,No Occasion,0,386,7.95,135,100,88,63
2025-03-03,Monday,0,Summer,Rainy,No Occasion,0,175,4.47,46,68,32,29
2025-03-04,Tuesday,0,Summer,Sunny,Local Event,0,346,7.88,113,74,32,127
2025-03-05,Wednesday,0,Summer,Sunny,No Occasion,0,324,9.6,113,145,12,54
2025-03-06,Thursday,0,Summer,Sunny,No Occasion,0,325,7.44,95,133,34,63
2025-03-07,Friday,0,Summer,Sunny,No Occasion,0,263,5.63,67,90,37,69
2025-03-08,Saturday,1,Summer,Sunny,No Occasion,0,456,9.18,133,147,101,75
2025-03-09,Sunday,1,Summer,Rainy,No Occasion,0,353,10.29,102,157,69,25
2025-03-10,Monday,0,Summer,Cloudy,Local Event,1,470,9.82,109,152,98,111
2025-03-11,Tuesday,0,Summer,Sunny,Festival,1,586,13.81,111,129,142,204
2025-03-12,Wednesday,0,Summer,Sunny,Festival,1,578,16.01,167,101,84,226
2025-03-13,Thursday,0,Summer,Sunny,No Occasion,0,316,8.79,133,75,60,48
2025-03-14,Friday,0,Summer,Sunny,No Occasion,0,297,7.39,110,126,50,11
2025-03-15,Saturday,1,Summer,Sunny,No Occasion,0,410,12.07,183,89,121,17
2025-03-16,Sunday,1,Summer,Sunny,No Occasion,0,474,13.8,200,141,115,18
2025-03-17,Monday,0,Summer,Cloudy,No Occasion,0,387,8.2,109,162,73,43
2025-03-18,Tuesday,0,Summer,Cloudy,No Occasion,0,273,7.86,88,76,64,45
2025-03-19,Wednesday,0,Summer,Cloudy,No Occasion,0,289,6.55,81,86,43,79
2025-03-20,Thursday,0,Summer,Sunny,No Occasion,0,203,6.03,58,61,51,33
2025-03-21,Friday,0,Summer,Cloudy,No Occasion,0,346,9.16,150,99,9,88
2025-03-22,Saturday,1,Summer,Rainy,No Occasion,0,221,5.46,95,66,53,7
2025-03-23,Sunday,1,Summer,Cloudy,No Occasion,0,434,9.76,143,115,70,106
2025-03-24,Monday,0,Summer,Cloudy,No Occasion,0,353,10.29,139,78,74,62
2025-03-25,Tuesday,0,Summer,Sunny,No Occasion,0,283,7.5,114,60,91,18
2025-03-26,Wednesday,0,Summer,Sunny,No Occasion,0,313,9.39,110,94,77,32
2025-03-27,Thursday,0,Summer,Cloudy,No Occasion,0,388,10.13,146,119,48,75
2025-03-28,Friday,0,Summer,Sunny,No Occasion,0,305,9.06,142,83,42,38
2025-03-29,Saturday,1,Summer,Cloudy,No Occasion,0,370,8.83,130,128,73,39
2025-03-30,Sunday,1,Summer,Sunny,No Occasion,0,466,12.93,141,175,69,81
2025-03-31,Monday,0,Summer,Rainy,No Occasion,0,209,4.68,33,113,43,20
2025-04-01,Tuesday,0,Summer,Cloudy,No Occasion,0,218,4.87,66,74,23,55
2025-04-02,Wednesday,0,Summer,Cloudy,Local Event,1,342,9.71,117,62,66,97
2025-04-03,Thursday,0,Summer,Cloudy,No Occasion,0,239,5.05,70,70,67,32
2025-04-04,Friday,0,Summer,Rainy,No Occasion,0,225,6.62,66,116,33,10
2025-04-05,Saturday,1,Summer,Sunny,No Occasion,0,320,7.8,87,104,111,18
2025-04-06,Sunday,1,Summer,Sunny,No Occasion,0,459,9.98,151,132,124,52
2025-04-07,Monday,0,Summer,Cloudy,Local Event,0,262,5.81,54,98,71,39
2025-04-08,Tuesday,0,Summer,Cloudy,No Occasion,0,378,10.91,118,169,75,16
2025-04-09,Wednesday,0,Summer,Sunny,No Occasion,1,497,11.42,149,149,76,123
2025-04-10,Thursday,0,Summer,Cloudy,No Occasion,0,285,6.83,66,105,65,49
2025-04-11,Friday,0,Summer,Sunny,No Occasion,0,303,6.84,100,115,55,33
2025-04-12,Saturday,1,Summer,Sunny,No Occasion,1,526,14.87,137,124,133,132
2025-04-13,Sunday,1,Summer,Cloudy,No Occasion,0,437,9.93,137,114,113,73
2025-04-14,Monday,0,Summer,Cloudy,Festival,1,608,17.49,99,183,132,194
2025-04-15,Tuesday,0,Summer,Sunny,No Occasion,0,276,7.34,81,91,24,80
2025-04-16,Wednesday,0,Summer,Sunny,No Occasion,0,245,4.98,66,88,32,59
2025-04-17,Thursday,0,Summer,Sunny,No Occasion,0,255,6.66,72,93,80,10
2025-04-18,Friday,0,Summer,Rainy,Local Event,0,232,6.55,60,89,34,49
2025-04-19,Saturday,1,Summer,Cloudy,Festival,1,737,16.38,211,63,161,302
2025-04-20,Sunday,1,Summer,Rainy,No Occasion,0,285,7.13,76,111,69,29
2025-04-21,Monday,0,Summer,Sunny,No Occasion,0,337,6.84,123,110,57,47
2025-04-22,Tuesday,0,Summer,Cloudy,No Occasion,0,386,10.63,89,161,120,16
2025-04-23,Wednesday,0,Summer,Cloudy,No Occasion,0,350,10.4,65,106,97,82
2025-04-24,Thursday,0,Summer,Sunny,No Occasion,0,235,6.68,61,86,55,33
2025-04-25,Friday,0,Summer,Sunny,No Occasion,0,239,6.95,79,82,40,38
2025-04-26,Saturday,1,Summer,Sunny,No Occasion,0,376,7.73,132,108,90,46
2025-04-27,Sunday,1,Summer,Sunny,No Occasion,1,571,15.9,180,132,122,137
2025-04-28,Monday,0,Summer,Sunny,No Occasion,0,285,6.65,81,121,52,31
2025-04-29,Tuesday,0,Summer,Sunny,No Occasion,0,328,6.91,97,110,63,58
2025-04-30,Wednesday,0,Summer,Sunny,No Occasion,0,263,7.75,112,62,41,48
2025-05-01,Thursday,0,Summer,Sunny,Local Event,1,394,9.88,113,108,63,110
2025-05-02,Friday,0,Summer,Sunny,Local Event,0,308,6.62,80,55,114,59
2025-05-03,Saturday,1,Summer,Sunny,No Occasion,0,344,7.29,119,90,83,52
2025-05-04,Sunday,1,Summer,Cloudy,No Occasion,0,466,9.87,120,121,108,117
2025-05-05,Monday,0,Summer,Sunny,Festival,1,550,14.32,81,126,111,232
2025-05-06,Tuesday,0,Summer,Sunny,No Occasion,0,327,7.51,88,126,61,52
2025-05-07,Wednesday,0,Summer,Rainy,Local Event,0,252,5.68,76,110,34,32
2025-05-08,Thursday,0,Summer,Sunny,No Occasion,0,350,7.16,150,136,53,11
2025-05-09,Friday,0,Summer,Sunny,No Occasion,0,324,7.25,130,123,35,36
2025-05-10,Saturday,1,Summer,Sunny,No Occasion,0,433,11.94,187,96,92,58
2025-05-11,Sunday,1,Summer,Cloudy,No Occasion,0,445,11.18,173,100,133,39
2025-05-12,Monday,0,Summer,Sunny,No Occasion,0,326,9.02,88,91,80,67
2025-05-13,Tuesday,0,Summer,Cloudy,No Occasion,0,235,6.05,88,58,52,37
2025-05-14,Wednesday,0,Summer,Sunny,No Occasion,0,333,8.18,108,152,28,45
2025-05-15,Thursday,0,Summer,Sunny,Festival,1,608,13.46,113,174,126,195
2025-05-16,Friday,0,Summer,Sunny,Festival,1,647,14.74,164,181,139,163
2025-05-17,Saturday,1,Summer,Cloudy,No Occasion,0,394,11.15,136,143,89,26
2025-05-18,Sunday,1,Summer,Cloudy,Local Event,0,348,7.94,95,94,91,68
2025-05-19,Monday,0,Summer,Rainy,No Occasion,0,293,7.2,92,113,68,20
2025-05-20,Tuesday,0,Summer,Sunny,No Occasion,0,391,9.97,74,135,116,66
2025-05-21,Wednesday,0,Summer,Rainy,No Occasion,0,169,4.76,51,79,15,24
2025-05-22,Thursday,0,Summer,Sunny,No Occasion,0,302,7.59,101,87,88,26
2025-05-23,Friday,0,Summer,Cloudy,No Occasion,0,279,8.21,67,85,51,76
2025-05-24,Saturday,1,Summer,Cloudy,No Occasion,0,473,12.17,171,144,92,66
2025-05-25,Sunday,1,Summer,Rainy,Festival,1,436,10.28,62,132,124,118
2025-05-26,Monday,0,Summer,Rainy,Local Event,1,230,5.11,89,75,23,43
2025-05-27,Tuesday,0,Summer,Rainy,No Occasion,0,208,5.2,41,105,46,16
2025-05-28,Wednesday,0,Summer,Cloudy,No Occasion,0,248,6.43,60,110,28,50
2025-05-29,Thursday,0,Summer,Sunny,No Occasion,0,240,6.15,80,99,58,3
2025-05-30,Friday,0,Summer,Sunny,No Occasion,0,329,7.87,84,102,101,42
2025-05-31,Saturday,1,Summer,Sunny,No Occasion,0,476,11.57,206,147,73,50
2025-06-01,Sunday,1,Monsoon,Rainy,No Occasion,0,298,6.36,77,105,97,19
2025-06-02,Monday,0,Monsoon,Rainy,No Occasion,0,268,7.69,76,111,60,21
2025-06-03,Tuesday,0,Monsoon,Rainy,Festival,1,340,8.06,86,83,80,91
2025-06-04,Wednesday,0,Monsoon,Cloudy,No Occasion,0,335,8.46,123,117,14,81
2025-06-05,Thursday,0,Monsoon,Cloudy,Local Event,1,389,7.89,90,95,118,86
2025-06-06,Friday,0,Monsoon,Rainy,Local Event,0,280,6.76,90,110,64,16
2025-06-07,Saturday,1,Monsoon,Sunny,Local Event,1,542,14.43,140,131,145,126
2025-06-08,Sunday,1,Monsoon,Cloudy,No Occasion,0,428,12.56,137,96,148,47
2025-06-09,Monday,0,Monsoon,Heavy Rain,Local Event,1,226,5.2,55,75,46,50
2025-06-10,Tuesday,0,Monsoon,Cloudy,No Occasion,0,364,9.14,135,118,58,53
2025-06-11,Wednesday,0,Monsoon,Cloudy,No Occasion,0,380,11.01,115,128,68,69
2025-06-12,Thursday,0,Monsoon,Rainy,No Occasion,0,309,8.32,97,131,70,11
2025-06-13,Friday,0,Monsoon,Rainy,No Occasion,0,290,8.01,119,86,77,8
2025-06-14,Saturday,1,Monsoon,Cloudy,Festival,1,623,14.92,120,165,134,204
2025-06-15,Sunday,1,Monsoon,Cloudy,No Occasion,0,400,9.46,185,72,99,44
2025-06-16,Monday,0,Monsoon,Rainy,No Occasion,0,337,7.47,76,125,63,73
2025-06-17,Tuesday,0,Monsoon,Rainy,No Occasion,0,258,6.78,46,119,57,36
2025-06-18,Wednesday,0,Monsoon,Rainy,No Occasion,0,255,6.79,40,88,78,49
2025-06-19,Thursday,0,Monsoon,Rainy,No Occasion,0,357,8.21,107,155,29,66
2025-06-20,Friday,0,Monsoon,Rainy,No Occasion,0,280,6.34,68,104,88,20
2025-06-21,Saturday,1,Monsoon,Heavy Rain,No Occasion,0,337,8.64,83,120,109,25
2025-06-22,Sunday,1,Monsoon,Sunny,Local Event,0,404,11.3,151,106,128,19
2025-06-23,Monday,0,Monsoon,Cloudy,No Occasion,0,333,9.3,106,45,93,89
2025-06-24,Tuesday,0,Monsoon,Rainy,No Occasion,0,234,5.06,74,43,94,23
2025-06-25,Wednesday,0,Monsoon,Rainy,No Occasion,0,268,6.38,91,113,42,22
2025-06-26,Thursday,0,Monsoon,Cloudy,No Occasion,0,385,8.68,129,114,47,95
2025-06-27,Friday,0,Monsoon,Rainy,No Occasion,0,309,8.11,64,127,103,15
2025-06-28,Saturday,1,Monsoon,Heavy Rain,No Occasion,1,161,4.74,64,38,46,13
2025-06-29,Sunday,1,Monsoon,Rainy,No Occasion,0,236,6.59,51,78,71,36
2025-06-30,Monday,0,Monsoon,Cloudy,No Occasion,0,295,7.63,105,73,70,47
2025-07-01,Tuesday,0,Monsoon,Cloudy,Local Event,1,412,10.51,96,98,97,121
2025-07-02,Wednesday,0,Monsoon,Heavy Rain,No Occasion,0,217,5.02,45,84,61,27
2025-07-03,Thursday,0,Monsoon,Rainy,No Occasion,0,219,6.26,71,77,35,36
2025-07-04,Friday,0,Monsoon,Heavy Rain,No Occasion,0,158,3.29,68,68,13,9
2025-07-05,Saturday,1,Monsoon,Rainy,No Occasion,0,421,11.02,148,140,89,44
2025-07-06,Sunday,1,Monsoon,Sunny,No Occasion,0,431,12.36,175,94,70,92
2025-07-07,Monday,0,Monsoon,Cloudy,No Occasion,0,337,9.1,118,134,43,42
2025-07-08,Tuesday,0,Monsoon,Heavy Rain,No Occasion,0,197,4.7,58,65,45,29
2025-07-09,Wednesday,0,Monsoon,Rainy,Festival,1,289,8.04,84,52,57,96
2025-07-10,Thursday,0,Monsoon,Cloudy,No Occasion,0,271,6.71,94,111,39,27
2025-07-11,Friday,0,Monsoon,Cloudy,No Occasion,0,353,8.38,160,82,69,42
2025-07-12,Saturday,1,Monsoon,Cloudy,No Occasion,0,391,9.77,187,51,74,79
2025-07-13,Sunday,1,Monsoon,Rainy,No Occasion,0,155,4.23,48,54,50,3
2025-07-14,Monday,0,Monsoon,Cloudy,No Occasion,0,238,4.94,135,27,43,33
2025-07-15,Tuesday,0,Monsoon,Rainy,No Occasion,0,244,5.72,72,101,35,36
2025-07-16,Wednesday,0,Monsoon,Cloudy,No Occasion,0,315,8.07,116,124,35,40
2025-07-17,Thursday,0,Monsoon,Cloudy,No Occasion,0,260,7.58,101,58,51,50
2025-07-18,Friday,0,Monsoon,Cloudy,No Occasion,0,323,8.46,93,111,71,48
2025-07-19,Saturday,1,Monsoon,Cloudy,No Occasion,0,407,10.08,158,63,135,51
2025-07-20,Sunday,1,Monsoon,Cloudy,No Occasion,0,436,10.75,124,78,110,124
2025-07-21,Monday,0,Monsoon,Cloudy,Festival,1,534,11.54,133,138,82,181
2025-07-22,Tuesday,0,Monsoon,Sunny,No Occasion,0,276,5.97,118,73,43,42
2025-07-23,Wednesday,0,Monsoon,Rainy,No Occasion,0,287,7.32,95,116,14,62
2025-07-24,Thursday,0,Monsoon,Rainy,No Occasion,0,251,6.2,70,117,58,6
2025-07-25,Friday,0,Monsoon,Rainy,No Occasion,0,176,4.83,48,86,24,18
2025-07-26,Saturday,1,Monsoon,Sunny,No Occasion,0,503,11.66,149,133,139,82
2025-07-27,Sunday,1,Monsoon,Rainy,Festival,1,460,9.38,118,98,146,98
2025-07-28,Monday,0,Monsoon,Rainy,No Occasion,0,228,6.59,71,42,86,29
2025-07-29,Tuesday,0,Monsoon,Cloudy,No Occasion,0,344,8.91,154,62,78,50
2025-07-30,Wednesday,0,Monsoon,Rainy,No Occasion,0,329,6.73,91,138,66,34
2025-07-31,Thursday,0,Monsoon,Heavy Rain,No Occasion,0,128,3.77,50,63,11,4
2025-08-01,Friday,0,Monsoon,Rainy,No Occasion,0,264,6.53,80,79,70,35
2025-08-02,Saturday,1,Monsoon,Rainy,No Occasion,0,428,8.85,140,149,63,76
2025-08-03,Sunday,1,Monsoon,Rainy,Local Event,0,283,6.48,68,131,66,18
2025-08-04,Monday,0,Monsoon,Sunny,Festival,1,478,13.96,108,87,105,178
2025-08-05,Tuesday,0,Monsoon,Cloudy,No Occasion,0,244,6.63,77,52,80,35
2025-08-06,Wednesday,0,Monsoon,Sunny,No Occasion,0,282,5.78,111,79,55,37
2025-08-07,Thursday,0,Monsoon,Cloudy,No Occasion,0,348,7.41,100,97,53,98
2025-08-08,Friday,0,Monsoon,Rainy,Festival,0,336,10.0,95,85,82,74
2025-08-09,Saturday,1,Monsoon,Rainy,No Occasion,0,318,7.59,106,113,80,19
2025-08-10,Sunday,1,Monsoon,Rainy,No Occasion,0,385,8.22,126,110,95,54
2025-08-11,Monday,0,Monsoon,Rainy,No Occasion,0,241,7.21,84,65,58,34
2025-08-12,Tuesday,0,Monsoon,Cloudy,No Occasion,0,324,7.38,87,86,78,73
2025-08-13,Wednesday,0,Monsoon,Cloudy,No Occasion,0,266,6.62,67,69,69,61
2025-08-14,Thursday,0,Monsoon,Heavy Rain,No Occasion,0,162,3.72,62,47,44,9
2025-08-15,Friday,0,Monsoon,Sunny,No Occasion,0,288,6.38,95,83,3,107
2025-08-16,Saturday,1,Monsoon,Rainy,No Occasion,0,449,9.14,162,138,92,57
2025-08-17,Sunday,1,Monsoon,Heavy Rain,No Occasion,0,135,2.75,44,42,41,8
2025-08-18,Monday,0,Monsoon,Sunny,No Occasion,0,340,7.0,92,132,43,73
2025-08-19,Tuesday,0,Monsoon,Sunny,No Occasion,0,315,8.53,147,59,79,30
2025-08-20,Wednesday,0,Monsoon,Rainy,No Occasion,0,277,7.13,79,123,63,12
2025-08-21,Thursday,0,Monsoon,Sunny,Festival,1,614,16.31,141,127,152,194
2025-08-22,Friday,0,Monsoon,Sunny,No Occasion,0,320,7.55,152,105,50,13
2025-08-23,Saturday,1,Monsoon,Heavy Rain,No Occasion,0,310,6.29,120,126,56,8
2025-08-24,Sunday,1,Monsoon,Rainy,No Occasion,0,422,9.71,226,96,93,7
2025-08-25,Monday,0,Monsoon,Sunny,No Occasion,0,279,6.5,90,92,64,33
2025-08-26,Tuesday,0,Monsoon,Rainy,No Occasion,0,294,7.2,134,95,44,21
2025-08-27,Wednesday,0,Monsoon,Heavy Rain,No Occasion,0,224,4.76,65,84,42,33
2025-08-28,Thursday,0,Monsoon,Rainy,No Occasion,0,174,4.98,56,64,36,18
2025-08-29,Friday,0,Monsoon,Cloudy,No Occasion,0,274,6.94,91,95,45,43
2025-08-30,Saturday,1,Monsoon,Sunny,No Occasion,0,400,11.71,154,120,93,33
2025-08-31,Sunday,1,Monsoon,Cloudy,Local Event,0,396,11.56,204,78,97,17
2025-09-01,Monday,0,Monsoon,Heavy Rain,No Occasion,1,276,6.93,53,112,71,40
2025-09-02,Tuesday,0,Monsoon,Cloudy,No Occasion,0,340,8.67,101,77,100,62
2025-09-03,Wednesday,0,Monsoon,Rainy,No Occasion,0,208,4.46,71,31,80,26
2025-09-04,Thursday,0,Monsoon,Rainy,No Occasion,0,330,9.07,116,151,55,8
2025-09-05,Friday,0,Monsoon,Rainy,No Occasion,0,332,9.21,149,73,93,17
2025-09-06,Saturday,1,Monsoon,Cloudy,Local Event,0,435,10.05,184,107,71,73
2025-09-07,Sunday,1,Monsoon,Rainy,No Occasion,0,362,8.12,109,180,24,49
2025-09-08,Monday,0,Monsoon,Rainy,No Occasion,0,239,5.72,83,92,29,35
2025-09-09,Tuesday,0,Monsoon,Heavy Rain,No Occasion,0,164,3.55,44,60,37,23
2025-09-10,Wednesday,0,Monsoon,Rainy,No Occasion,0,283,5.83,67,133,47,36
2025-09-11,Thursday,0,Monsoon,Rainy,No Occasion,0,230,4.68,78,86,13,53
2025-09-12,Friday,0,Monsoon,Heavy Rain,No Occasion,1,100,2.91,19,50,19,12
2025-09-13,Saturday,1,Monsoon,Cloudy,Festival,1,708,19.06,154,135,240,179
2025-09-14,Sunday,1,Monsoon,Rainy,No Occasion,0,339,9.39,146,82,89,22
2025-09-15,Monday,0,Monsoon,Rainy,No Occasion,0,291,7.58,100,118,65,8
2025-09-16,Tuesday,0,Monsoon,Rainy,No Occasion,0,266,7.61,71,147,29,19
2025-09-17,Wednesday,0,Monsoon,Heavy Rain,No Occasion,0,140,3.64,55,34,41,10
2025-09-18,Thursday,0,Monsoon,Sunny,No Occasion,0,281,8.36,114,66,42,59
2025-09-19,Friday,0,Monsoon,Rainy,No Occasion,0,280,7.55,76,63,90,51
2025-09-20,Saturday,1,Monsoon,Rainy,No Occasion,0,295,8.24,126,145,18,6
2025-09-21,Sunday,1,Monsoon,Heavy Rain,Festival,1,437,9.18,95,120,126,96
2025-09-22,Monday,0,Monsoon,Cloudy,No Occasion,0,367,8.74,99,117,79,72
2025-09-23,Tuesday,0,Monsoon,Sunny,No Occasion,0,284,7.97,118,93,37,36
2025-09-24,Wednesday,0,Monsoon,Sunny,No Occasion,0,372,8.59,85,155,37,95
2025-09-25,Thursday,0,Monsoon,Rainy,No Occasion,0,296,7.02,95,112,47,42
2025-09-26,Friday,0,Monsoon,Cloudy,No Occasion,0,306,7.91,88,126,53,39
2025-09-27,Saturday,1,Monsoon,Heavy Rain,No Occasion,1,306,8.13,96,131,50,29
2025-09-28,Sunday,1,Monsoon,Rainy,No Occasion,0,409,9.22,109,117,85,98
2025-09-29,Monday,0,Monsoon,Sunny,No Occasion,0,332,8.54,89,104,82,57
2025-09-30,Tuesday,0,Monsoon,Rainy,No Occasion,0,223,6.49,49,109,55,10
2025-10-01,Wednesday,0,Autumn,Rainy,No Occasion,0,291,5.83,95,131,49,16
2025-10-02,Thursday,0,Autumn,Sunny,No Occasion,0,351,8.45,127,72,78,74
2025-10-03,Friday,0,Autumn,Cloudy,No Occasion,1,397,8.15,165,93,71,68
2025-10-04,Saturday,1,Autumn,Sunny,Local Event,0,340,8.84,131,55,101,53
2025-10-05,Sunday,1,Autumn,Sunny,No Occasion,0,439,10.25,125,118,82,114
2025-10-06,Monday,0,Autumn,Sunny,Festival,1,516,12.06,189,128,89,110
2025-10-07,Tuesday,0,Autumn,Sunny,Festival,1,615,14.83,139,96,150,230
2025-10-08,Wednesday,0,Autumn,Rainy,No Occasion,0,247,6.49,99,108,32,8
2025-10-09,Thursday,0,Autumn,Sunny,Festival,1,671,13.69,200,158,102,211
2025-10-10,Friday,0,Autumn,Cloudy,No Occasion,0,354,9.13,128,73,88,65
2025-10-11,Saturday,1,Autumn,Sunny,Local Event,0,374,9.3,106,98,75,95
2025-10-12,Sunday,1,Autumn,Sunny,No Occasion,0,431,11.45,134,147,80,70
2025-10-13,Monday,0,Autumn,Sunny,No Occasion,0,226,5.26,75,64,22,65
2025-10-14,Tuesday,0,Autumn,Cloudy,Festival,1,604,14.81,87,104,173,240
2025-10-15,Wednesday,0,Autumn,Rainy,Festival,1,399,10.33,112,146,88,53
2025-10-16,Thursday,0,Autumn,Cloudy,No Occasion,0,313,8.35,58,87,84,84
2025-10-17,Friday,0,Autumn,Cloudy,No Occasion,0,264,6.53,95,80,28,61
2025-10-18,Saturday,1,Autumn,Cloudy,No Occasion,0,418,11.45,171,97,90,60
2025-10-19,Sunday,1,Autumn,Sunny,No Occasion,0,323,6.79,107,91,96,29
2025-10-20,Monday,0,Autumn,Sunny,No Occasion,0,268,5.98,85,69,28,86
2025-10-21,Tuesday,0,Autumn,Cloudy,No Occasion,0,377,9.19,87,92,85,113
2025-10-22,Wednesday,0,Autumn,Cloudy,No Occasion,0,348,7.79,186,100,25,37
2025-10-23,Thursday,0,Autumn,Cloudy,Local Event,0,310,9.15,65,113,51,81
2025-10-24,Friday,0,Autumn,Cloudy,Local Event,0,351,9.02,122,74,107,48
2025-10-25,Saturday,1,Autumn,Sunny,No Occasion,0,430,11.14,124,116,81,109
2025-10-26,Sunday,1,Autumn,Rainy,No Occasion,0,372,7.47,161,140,63,8
2025-10-27,Monday,0,Autumn,Sunny,No Occasion,0,258,5.17,96,75,25,62
2025-10-28,Tuesday,0,Autumn,Rainy,No Occasion,0,301,6.85,99,92,60,50
2025-10-29,Wednesday,0,Autumn,Rainy,Festival,1,303,6.37,51,58,89,105
2025-10-30,Thursday,0,Autumn,Sunny,No Occasion,0,368,8.81,183,99,36,50
2025-10-31,Friday,0,Autumn,Sunny,No Occasion,0,365,7.63,125,85,83,72
2025-11-01,Saturday,1,Autumn,Sunny,No Occasion,0,373,10.2,177,128,13,55
2025-11-02,Sunday,1,Autumn,Cloudy,No Occasion,0,427,9.4,130,99,101,97
2025-11-03,Monday,0,Autumn,Sunny,No Occasion,0,258,6.87,67,90,43,58
2025-11-04,Tuesday,0,Autumn,Sunny,No Occasion,0,251,6.93,127,91,14,19
2025-11-05,Wednesday,0,Autumn,Sunny,No Occasion,0,295,8.43,72,82,71,70
2025-11-06,Thursday,0,Autumn,Sunny,No Occasion,0,312,8.59,95,79,75,63
2025-11-07,Friday,0,Autumn,Sunny,No Occasion,0,312,7.22,142,51,58,61
2025-11-08,Saturday,1,Autumn,Sunny,No Occasion,0,314,9.06,80,71,101,62
2025-11-09,Sunday,1,Autumn,Sunny,No Occasion,0,396,11.63,107,138,138,13
2025-11-10,Monday,0,Autumn,Cloudy,No Occasion,0,288,6.03,101,99,46,42
2025-11-11,Tuesday,0,Autumn,Rainy,No Occasion,0,207,5.36,103,82,14,8
2025-11-12,Wednesday,0,Autumn,Rainy,No Occasion,0,268,5.96,97,100,30,41
2025-11-13,Thursday,0,Autumn,Cloudy,No Occasion,0,280,6.67,99,75,66,40
2025-11-14,Friday,0,Autumn,Cloudy,Local Event,0,250,5.05,93,84,35,38
2025-11-15,Saturday,1,Autumn,Sunny,No Occasion,0,314,8.42,133,72,72,37
2025-11-16,Sunday,1,Autumn,Rainy,No Occasion,0,352,8.5,99,157,78,18
2025-11-17,Monday,0,Autumn,Cloudy,Festival,0,478,12.39,97,109,114,158
2025-11-18,Tuesday,0,Autumn,Rainy,No Occasion,0,297,7.38,76,158,30,33
2025-11-19,Wednesday,0,Autumn,Sunny,No Occasion,0,297,8.19,94,81,76,46
2025-11-20,Thursday,0,Autumn,Sunny,No Occasion,0,317,8.53,58,65,80,114
2025-11-21,Friday,0,Autumn,Sunny,No Occasion,0,290,8.31,92,97,59,42
2025-11-22,Saturday,1,Autumn,Cloudy,No Occasion,0,375,10.38,136,86,51,102
2025-11-23,Sunday,1,Autumn,Sunny,Festival,1,713,17.58,177,124,172,240
2025-11-24,Monday,0,Autumn,Rainy,No Occasion,0,290,6.81,103,117,27,43
2025-11-25,Tuesday,0,Autumn,Cloudy,Festival,1,575,14.23,112,116,136,211
2025-11-26,Wednesday,0,Autumn,Cloudy,Festival,1,616,13.74,120,140,150,206
2025-11-27,Thursday,0,Autumn,Cloudy,No Occasion,0,213,4.27,39,89,49,36
2025-11-28,Friday,0,Autumn,Cloudy,Festival,1,534,14.19,167,115,78,174
2025-11-29,Saturday,1,Autumn,Cloudy,Local Event,1,612,14.2,176,114,151,171
2025-11-30,Sunday,1,Autumn,Cloudy,No Occasion,0,373,8.14,124,122,63,64
2025-12-01,Monday,0,Winter,Foggy,No Occasion,0,324,8.02,95,61,94,74
2025-12-02,Tuesday,0,Winter,Cold,No Occasion,0,376,8.37,124,69,60,123
2025-12-03,Wednesday,0,Winter,Foggy,No Occasion,0,316,7.33,114,82,58,62
2025-12-04,Thursday,0,Winter,Cold,Festival,1,514,13.46,131,76,84,223
2025-12-05,Friday,0,Winter,Cold,Festival,1,487,14.07,88,90,86,223
2025-12-06,Saturday,1,Winter,Sunny,No Occasion,0,280,7.16,105,61,53,61
2025-12-07,Sunday,1,Winter,Sunny,Festival,1,715,16.64,201,169,171,174
2025-12-08,Monday,0,Winter,Sunny,No Occasion,0,390,8.08,135,73,79,103
2025-12-09,Tuesday,0,Winter,Rainy,No Occasion,0,90,2.57,31,13,29,17
2025-12-10,Wednesday,0,Winter,Cold,No Occasion,1,414,9.3,21,67,118,208
2025-12-11,Thursday,0,Winter,Sunny,No Occasion,0,328,9.7,109,75,73,71
2025-12-12,Friday,0,Winter,Foggy,No Occasion,0,250,7.48,87,37,53,73
2025-12-13,Saturday,1,Winter,Foggy,No Occasion,0,461,10.73,118,122,88,133
2025-12-14,Sunday,1,Winter,Foggy,No Occasion,0,370,10.4,137,83,69,81
2025-12-15,Monday,0,Winter,Cold,No Occasion,0,366,7.79,64,83,91,128
2025-12-16,Tuesday,0,Winter,Cold,No Occasion,0,332,9.73,108,73,71,80
2025-12-17,Wednesday,0,Winter,Cold,No Occasion,0,295,7.93,93,58,85,59
2025-12-18,Thursday,0,Winter,Cold,No Occasion,0,318,6.88,82,75,85,76
2025-12-19,Friday,0,Winter,Foggy,No Occasion,0,329,7.83,95,115,93,26
2025-12-20,Saturday,1,Winter,Foggy,No Occasion,0,408,8.79,160,61,96,91
2025-12-21,Sunday,1,Winter,Cold,No Occasion,0,412,8.7,77,74,111,150
2025-12-22,Monday,0,Winter,Cold,Festival,1,569,14.3,133,102,89,245
2025-12-23,Tuesday,0,Winter,Cold,Local Event,0,298,7.53,65,64,74,95
2025-12-24,Wednesday,0,Winter,Cold,No Occasion,0,336,8.22,57,96,69,114
2025-12-25,Thursday,0,Winter,Cold,No Occasion,0,276,7.52,65,38,85,88
2025-12-26,Friday,0,Winter,Cold,No Occasion,0,332,7.45,79,88,48,117
2025-12-27,Saturday,1,Winter,Sunny,No Occasion,0,191,5.03,64,39,64,24
2025-12-28,Sunday,1,Winter,Rainy,No Occasion,0,300,8.19,107,92,67,34
2025-12-29,Monday,0,Winter,Foggy,No Occasion,0,230,4.72,66,78,33,53
2025-12-30,Tuesday,0,Winter,Sunny,Local Event,0,269,7.28,108,37,76,48
2025-12-31,Wednesday,0,Winter,Foggy,No Occasion,0,308,7.61,80,69,51,108
2026-01-01,Thursday,0,Winter,Sunny,No Occasion,0,356,8.36,113,86,116,41
2026-01-02,Friday,0,Winter,Foggy,Local Event,0,196,5.17,50,91,17,38
2026-01-03,Saturday,1,Winter,Cold,No Occasion,0,461,13.58,176,116,64,105
2026-01-04,Sunday,1,Winter,Foggy,No Occasion,0,320,8.03,80,69,77,94
2026-01-05,Monday,0,Winter,Foggy,No Occasion,0,257,5.17,54,68,58,77
2026-01-06,Tuesday,0,Winter,Cold,No Occasion,0,274,7.05,89,70,32,83
2026-01-07,Wednesday,0,Winter,Cold,No Occasion,0,315,7.93,54,64,70,127
2026-01-08,Thursday,0,Winter,Rainy,No Occasion,0,161,3.35,50,55,27,29
2026-01-09,Friday,0,Winter,Sunny,No Occasion,0,297,7.46,98,58,77,64
2026-01-10,Saturday,1,Winter,Sunny,No Occasion,0,422,9.58,163,60,118,81
2026-01-11,Sunday,1,Winter,Cold,No Occasion,0,387,10.61,79,66,136,106
2026-01-12,Monday,0,Winter,Cold,No Occasion,0,330,8.02,68,82,81,99
2026-01-13,Tuesday,0,Winter,Sunny,No Occasion,0,367,7.52,98,85,92,92
2026-01-14,Wednesday,0,Winter,Rainy,No Occasion,0,264,6.05,84,103,51,26
2026-01-15,Thursday,0,Winter,Cold,No Occasion,0,304,6.44,75,77,53,99
2026-01-16,Friday,0,Winter,Cold,No Occasion,0,395,10.76,88,72,52,183
2026-01-17,Saturday,1,Winter,Cold,No Occasion,0,380,9.95,129,26,97,128
2026-01-18,Sunday,1,Winter,Sunny,No Occasion,0,431,11.83,137,159,46,89
2026-01-19,Monday,0,Winter,Cold,No Occasion,0,317,7.95,81,60,50,126
2026-01-20,Tuesday,0,Winter,Cold,No Occasion,1,209,5.2,72,37,20,80
2026-01-21,Wednesday,0,Winter,Cold,No Occasion,0,257,6.45,82,68,54,53
2026-01-22,Thursday,0,Winter,Foggy,No Occasion,0,226,5.45,46,80,44,56
2026-01-23,Friday,0,Winter,Cold,No Occasion,0,273,8.19,61,68,48,96
2026-01-24,Saturday,1,Winter,Sunny,No Occasion,1,600,14.67,252,112,102,134
2026-01-25,Sunday,1,Winter,Sunny,No Occasion,0,485,11.78,162,96,106,121
2026-01-26,Monday,0,Winter,Cold,Festival,1,613,15.18,51,98,185,279
2026-01-27,Tuesday,0,Winter,Cold,No Occasion,0,343,9.63,129,65,28,121
2026-01-28,Wednesday,0,Winter,Sunny,No Occasion,0,319,6.54,124,42,73,80
2026-01-29,Thursday,0,Winter,Sunny,No Occasion,0,307,8.14,110,80,50,67
2026-01-30,Friday,0,Winter,Cold,No Occasion,0,356,9.57,84,80,51,141
2026-01-31,Saturday,1,Winter,Cold,No Occasion,0,342,8.76,120,77,51,94
2026-02-01,Sunday,1,Winter,Foggy,No Occasion,0,379,8.55,156,63,66,94
2026-02-02,Monday,0,Winter,Cold,No Occasion,0,346,8.73,73,90,53,130
2026-02-03,Tuesday,0,Winter,Cold,No Occasion,0,375,9.37,58,75,141,101
2026-02-04,Wednesday,0,Winter,Sunny,No Occasion,0,308,8.2,62,56,105,85
2026-02-05,Thursday,0,Winter,Cold,No Occasion,0,290,8.08,65,79,46,100
2026-02-06,Friday,0,Winter,Rainy,No Occasion,0,299,7.13,77,85,51,86
2026-02-07,Saturday,1,Winter,Cold,No Occasion,0,331,9.25,79,101,65,86
2026-02-08,Sunday,1,Winter,Rainy,No Occasion,0,390,10.59,138,122,107,23
2026-02-09,Monday,0,Winter,Sunny,No Occasion,0,278,8.06,75,53,66,84
2026-02-10,Tuesday,0,Winter,Foggy,No Occasion,0,366,10.04,125,136,51,54
2026-02-11,Wednesday,0,Winter,Cold,No Occasion,1,482,10.45,98,116,106,162
2026-02-12,Thursday,0,Winter,Foggy,No Occasion,0,360,8.38,96,101,92,71
2026-02-13,Friday,0,Winter,Cold,No Occasion,0,321,9.44,112,79,27,103
2026-02-14,Saturday,1,Winter,Sunny,Local Event,1,488,13.1,161,135,56,136
2026-02-15,Sunday,1,Winter,Sunny,No Occasion,0,449,11.05,144,99,89,117
2026-02-16,Monday,0,Winter,Foggy,No Occasion,0,340,9.01,149,102,36,53
2026-02-17,Tuesday,0,Winter,Foggy,No Occasion,0,259,5.86,71,64,44,80
2026-02-18,Wednesday,0,Winter,Foggy,No Occasion,0,368,9.24,108,103,73,84
2026-02-19,Thursday,0,Winter,Foggy,No Occasion,0,287,6.25,74,49,89,75
2026-02-20,Friday,0,Winter,Cold,Local Event,0,311,6.24,123,71,65,52
2026-02-21,Saturday,1,Winter,Cold,Festival,1,736,17.16,212,146,138,240
2026-02-22,Sunday,1,Winter,Cold,Festival,0,527,15.21,125,64,145,193
2026-02-23,Monday,0,Winter,Foggy,No Occasion,0,357,10.13,122,89,48,98
2026-02-24,Tuesday,0,Winter,Sunny,No Occasion,0,340,8.43,113,100,61,66
2026-02-25,Wednesday,0,Winter,Cold,Festival,1,598,13.18,139,122,73,264
2026-02-26,Thursday,0,Winter,Sunny,No Occasion,1,423,10.02,93,84,132,114
2026-02-27,Friday,0,Winter,Cold,No Occasion,0,305,7.02,94,69,55,87
2026-02-28,Saturday,1,Winter,Foggy,No Occasion,0,264,7.86,101,51,49,63
2026-03-01,Sunday,1,Summer,Sunny,No Occasion,0,442,11.59,128,119,121,74
2026-03-02,Monday,0,Summer,Sunny,No Occasion,0,285,6.6,62,124,55,44
2026-03-03,Tuesday,0,Summer,Sunny,No Occasion,0,145,3.07,58,46,19,22
2026-03-04,Wednesday,0,Summer,Sunny,No Occasion,0,329,6.61,116,105,55,53
2026-03-05,Thursday,0,Summer,Rainy,No Occasion,0,314,7.82,112,124,48,30
2026-03-06,Friday,0,Summer,Sunny,No Occasion,0,312,9.05,77,87,64,84
2026-03-07,Saturday,1,Summer,Rainy,No Occasion,0,242,5.64,60,115,30,37
2026-03-08,Sunday,1,Summer,Sunny,No Occasion,0,460,11.45,165,117,111,67
2026-03-09,Monday,0,Summer,Sunny,No Occasion,0,310,8.86,102,114,53,41
2026-03-10,Tuesday,0,Summer,Sunny,No Occasion,0,422,10.73,85,103,101,133
2026-03-11,Wednesday,0,Summer,Cloudy,No Occasion,0,350,7.7,152,150,28,20
2026-03-12,Thursday,0,Summer,Cloudy,No Occasion,0,290,6.76,100,111,46,33
2026-03-13,Friday,0,Summer,Cloudy,Festival,1,610,12.49,121,81,198,210
2026-03-14,Saturday,1,Summer,Sunny,No Occasion,0,362,7.49,79,124,91,68
2026-03-15,Sunday,1,Summer,Cloudy,Festival,1,654,18.76,201,142,138,173
2026-03-16,Monday,0,Summer,Sunny,No Occasion,0,309,8.67,106,94,70,39
2026-03-17,Tuesday,0,Summer,Cloudy,No Occasion,0,399,9.08,161,142,62,34
2026-03-18,Wednesday,0,Summer,Rainy,Festival,1,446,11.73,117,135,76,118
2026-03-19,Thursday,0,Summer,Sunny,No Occasion,0,319,7.51,97,118,29,75
2026-03-20,Friday,0,Summer,Sunny,No Occasion,0,295,8.37,68,114,67,46
2026-03-21,Saturday,1,Summer,Cloudy,No Occasion,0,427,9.36,159,94,107,67
2026-03-22,Sunday,1,Summer,Sunny,Festival,1,645,19.23,169,159,133,184
2026-03-23,Monday,0,Summer,Cloudy,No Occasion,0,319,7.59,108,76,79,56
2026-03-24,Tuesday,0,Summer,Cloudy,No Occasion,0,314,9.26,93,117,68,36
2026-03-25,Wednesday,0,Summer,Rainy,Festival,1,460,12.14,123,146,86,105
2026-03-26,Thursday,0,Summer,Sunny,No Occasion,0,253,6.02,83,69,46,55
2026-03-27,Friday,0,Summer,Sunny,No Occasion,0,195,5.25,69,69,10,47
2026-03-28,Saturday,1,Summer,Sunny,No Occasion,0,230,5.5,60,90,40,40
2026-03-29,Sunday,1,Summer,Sunny,Local Event,0,375,7.81,112,109,96,58
2026-03-30,Monday,0,Summer,Sunny,Festival,1,612,13.64,156,75,140,241
2026-03-31,Tuesday,0,Summer,Cloudy,No Occasion,0,242,7.06,51,60,75,56
2026-04-01,Wednesday,0,Summer,Sunny,No Occasion,0,295,7.79,85,77,44,89
2026-04-02,Thursday,0,Summer,Sunny,No Occasion,0,297,8.44,107,79,31,80
2026-04-03,Friday,0,Summer,Cloudy,No Occasion,0,305,6.73,123,82,60,40
2026-04-04,Saturday,1,Summer,Sunny,No Occasion,0,318,8.37,124,100,60,34
2026-04-05,Sunday,1,Summer,Sunny,No Occasion,0,416,11.13,169,120,72,55
2026-04-06,Monday,0,Summer,Cloudy,No Occasion,0,272,7.11,89,63,49,71
2026-04-07,Tuesday,0,Summer,Rainy,Festival,1,366,8.02,113,91,86,76
2026-04-08,Wednesday,0,Summer,Sunny,No Occasion,0,273,5.55,87,91,39,56
2026-04-09,Thursday,0,Summer,Cloudy,No Occasion,0,282,8.33,87,87,50,58
2026-04-10,Friday,0,Summer,Cloudy,No Occasion,0,322,7.95,100,133,48,41
2026-04-11,Saturday,1,Summer,Cloudy,No Occasion,0,463,9.89,126,147,123,67
2026-04-12,Sunday,1,Summer,Cloudy,No Occasion,0,391,9.25,89,145,120,37
2026-04-13,Monday,0,Summer,Sunny,Local Event,1,455,13.13,147,109,28,171
2026-04-14,Tuesday,0,Summer,Cloudy,No Occasion,0,320,7.31,119,108,29,64
2026-04-15,Wednesday,0,Summer,Cloudy,No Occasion,0,275,7.74,49,103,70,53
2026-04-16,Thursday,0,Summer,Cloudy,Local Event,0,309,7.0,98,70,91,50
2026-04-17,Friday,0,Summer,Rainy,Local Event,0,254,6.77,77,84,61,32
2026-04-18,Saturday,1,Summer,Sunny,No Occasion,0,351,9.78,90,99,134,28
2026-04-19,Sunday,1,Summer,Sunny,No Occasion,0,326,6.9,90,93,95,48
2026-04-20,Monday,0,Summer,Cloudy,No Occasion,0,353,8.75,143,118,26,66
2026-04-21,Tuesday,0,Summer,Cloudy,No Occasion,0,279,8.06,85,117,54,23
2026-04-22,Wednesday,0,Summer,Sunny,Local Event,0,234,4.77,82,89,21,42
2026-04-23,Thursday,0,Summer,Cloudy,No Occasion,0,252,5.22,90,72,45,45
2026-04-24,Friday,0,Summer,Sunny,No Occasion,0,363,10.83,134,79,83,67
2026-04-25,Saturday,1,Summer,Sunny,No Occasion,0,321,8.48,101,112,49,59
2026-04-26,Sunday,1,Summer,Rainy,No Occasion,0,307,7.79,130,82,69,26
2026-04-27,Monday,0,Summer,Cloudy,No Occasion,0,384,10.16,192,130,40,22
2026-04-28,Tuesday,0,Summer,Sunny,No Occasion,0,251,5.88,67,115,52,17
2026-04-29,Wednesday,0,Summer,Sunny,No Occasion,0,382,8.02,109,153,107,13
2026-04-30,Thursday,0,Summer,Cloudy,No Occasion,0,279,7.97,77,78,30,94
2026-05-01,Friday,0,Summer,Sunny,No Occasion,0,252,5.93,85,71,51,45
2026-05-02,Saturday,1,Summer,Sunny,No Occasion,0,431,8.99,207,68,71,85
2026-05-03,Sunday,1,Summer,Sunny,Festival,1,680,14.34,130,115,200,235
2026-05-04,Monday,0,Summer,Cloudy,No Occasion,0,295,7.16,104,44,101,46
2026-05-05,Tuesday,0,Summer,Sunny,Festival,1,599,13.81,100,141,122,236
2026-05-06,Wednesday,0,Summer,Sunny,No Occasion,0,290,6.32,98,88,85,19
2026-05-07,Thursday,0,Summer,Rainy,No Occasion,0,237,6.43,56,89,55,37
2026-05-08,Friday,0,Summer,Sunny,Festival,1,710,17.29,125,184,169,232
2026-05-09,Saturday,1,Summer,Cloudy,No Occasion,0,420,10.31,180,111,92,37
2026-05-10,Sunday,1,Summer,Cloudy,Local Event,1,598,15.05,212,116,132,138
2026-05-11,Monday,0,Summer,Cloudy,No Occasion,0,226,5.69,52,81,51,42
2026-05-12,Tuesday,0,Summer,Sunny,No Occasion,0,353,8.95,127,118,89,19
2026-05-13,Wednesday,0,Summer,Cloudy,No Occasion,0,269,6.95,67,116,32,54
2026-05-14,Thursday,0,Summer,Rainy,Local Event,1,275,7.81,68,133,28,46
2026-05-15,Friday,0,Summer,Cloudy,Local Event,0,347,10.2,77,113,138,19
2026-05-16,Saturday,1,Summer,Rainy,No Occasion,0,308,8.28,119,90,62,37
2026-05-17,Sunday,1,Summer,Sunny,Festival,1,699,16.8,186,129,205,179
2026-05-18,Monday,0,Summer,Rainy,No Occasion,0,270,5.75,76,156,33,5
2026-05-19,Tuesday,0,Summer,Sunny,No Occasion,0,254,7.22,96,91,45,22
2026-05-20,Wednesday,0,Summer,Sunny,No Occasion,0,326,9.13,84,115,63,64
2026-05-21,Thursday,0,Summer,Sunny,No Occasion,0,247,6.73,55,102,31,59
2026-05-22,Friday,0,Summer,Sunny,No Occasion,0,319,6.9,86,111,36,86
2026-05-23,Saturday,1,Summer,Sunny,No Occasion,0,365,8.18,130,137,74,24
2026-05-24,Sunday,1,Summer,Cloudy,No Occasion,0,452,11.83,158,226,39,29
2026-05-25,Monday,0,Summer,Sunny,Festival,1,566,13.94,157,108,92,209
2026-05-26,Tuesday,0,Summer,Sunny,No Occasion,0,265,7.28,68,115,52,30
2026-05-27,Wednesday,0,Summer,Cloudy,No Occasion,0,400,11.71,83,128,95,94
2026-05-28,Thursday,0,Summer,Cloudy,Festival,1,613,13.5,113,166,73,261
2026-05-29,Friday,0,Summer,Cloudy,No Occasion,0,244,6.23,54,86,50,54
2026-05-30,Saturday,1,Summer,Sunny,No Occasion,0,475,13.14,219,160,70,26
2026-05-31,Sunday,1,Summer,Sunny,No Occasion,0,473,11.35,190,152,115,16
2026-06-01,Monday,0,Monsoon,Sunny,No Occasion,0,348,9.92,87,136,75,50
2026-06-02,Tuesday,0,Monsoon,Cloudy,No Occasion,0,309,8.79,87,89,73,60
2026-06-03,Wednesday,0,Monsoon,Rainy,No Occasion,0,233,5.63,52,84,50,47
2026-06-04,Thursday,0,Monsoon,Cloudy,Local Event,0,304,8.85,106,93,36,69
2026-06-05,Friday,0,Monsoon,Rainy,No Occasion,0,180,4.58,68,54,52,6
2026-06-06,Saturday,1,Monsoon,Cloudy,No Occasion,0,483,13.38,142,73,150,118
2026-06-07,Sunday,1,Monsoon,Cloudy,No Occasion,0,482,14.07,134,159,97,92
2026-06-08,Monday,0,Monsoon,Rainy,No Occasion,0,225,6.22,74,70,81,0
2026-06-09,Tuesday,0,Monsoon,Sunny,No Occasion,0,278,6.02,104,85,12,77
2026-06-10,Wednesday,0,Monsoon,Rainy,No Occasion,0,249,6.2,104,56,54,35
2026-06-11,Thursday,0,Monsoon,Rainy,No Occasion,0,286,6.22,112,110,14,50
2026-06-12,Friday,0,Monsoon,Rainy,No Occasion,0,281,8.06,93,131,44,13
2026-06-13,Saturday,1,Monsoon,Rainy,No Occasion,0,338,9.69,154,105,60,19
2026-06-14,Sunday,1,Monsoon,Rainy,No Occasion,0,348,10.25,127,103,72,46
2026-06-15,Monday,0,Monsoon,Rainy,Local Event,0,160,4.08,27,89,25,19
2026-06-16,Tuesday,0,Monsoon,Rainy,No Occasion,0,248,6.2,91,59,61,37
2026-06-17,Wednesday,0,Monsoon,Rainy,No Occasion,0,203,5.84,56,84,34,29
2026-06-18,Thursday,0,Monsoon,Heavy Rain,No Occasion,0,192,5.44,48,90,40,14
2026-06-19,Friday,0,Monsoon,Cloudy,Festival,1,559,12.61,122,122,126,189
2026-06-20,Saturday,1,Monsoon,Rainy,No Occasion,0,268,6.52,85,59,67,57
2026-06-21,Sunday,1,Monsoon,Heavy Rain,Festival,1,385,9.04,82,90,81,132
2026-06-22,Monday,0,Monsoon,Cloudy,Local Event,0,293,7.76,100,131,49,13
2026-06-23,Tuesday,0,Monsoon,Rainy,Local Event,1,261,6.39,85,69,55,52
2026-06-24,Wednesday,0,Monsoon,Rainy,Local Event,0,192,5.27,45,76,65,6
2026-06-25,Thursday,0,Monsoon,Rainy,No Occasion,0,203,5.77,83,72,43,5
2026-06-26,Friday,0,Monsoon,Rainy,No Occasion,0,204,6.02,60,75,30,39
2026-06-27,Saturday,1,Monsoon,Heavy Rain,No Occasion,0,311,6.87,125,98,79,9
2026-06-28,Sunday,1,Monsoon,Rainy,No Occasion,0,276,6.79,122,79,58,17
2026-06-29,Monday,0,Monsoon,Rainy,No Occasion,0,280,6.83,91,106,61,22
2026-06-30,Tuesday,0,Monsoon,Rainy,Local Event,1,153,3.94,43,42,42,26
2026-07-01,Wednesday,0,Monsoon,Rainy,No Occasion,0,212,6.3,58,108,21,25
2026-07-02,Thursday,0,Monsoon,Sunny,Local Event,1,385,9.26,116,48,98,123
2026-07-03,Friday,0,Monsoon,Heavy Rain,No Occasion,0,202,5.19,81,36,26,59
2026-07-04,Saturday,1,Monsoon,Rainy,No Occasion,0,346,9.39,142,148,38,18
2026-07-05,Sunday,1,Monsoon,Heavy Rain,No Occasion,0,330,8.04,153,100,32,45
2026-07-06,Monday,0,Monsoon,Sunny,No Occasion,0,325,8.76,112,68,45,100
2026-07-07,Tuesday,0,Monsoon,Heavy Rain,No Occasion,0,162,4.8,30,84,21,27
2026-07-08,Wednesday,0,Monsoon,Cloudy,No Occasion,0,330,9.55,81,84,90,75
2026-07-09,Thursday,0,Monsoon,Rainy,No Occasion,0,292,5.93,73,144,55,20
2026-07-10,Friday,0,Monsoon,Heavy Rain,No Occasion,0,226,4.97,96,84,39,7
2026-07-11,Saturday,1,Monsoon,Rainy,No Occasion,0,371,8.94,185,84,69,33
2026-07-12,Sunday,1,Monsoon,Heavy Rain,No Occasion,1,318,8.31,115,67,77,59
2026-07-13,Monday,0,Monsoon,Cloudy,No Occasion,0,226,5.57,87,64,64,11
2026-07-14,Tuesday,0,Monsoon,Cloudy,No Occasion,0,322,9.54,117,101,75,29
2026-07-15,Wednesday,0,Monsoon,Sunny,No Occasion,0,313,6.55,134,62,51,66
2026-07-16,Thursday,0,Monsoon,Rainy,No Occasion,0,197,5.45,55,71,41,30
2026-07-17,Friday,0,Monsoon,Heavy Rain,No Occasion,1,146,3.57,38,47,33,28
2026-07-18,Saturday,1,Monsoon,Cloudy,No Occasion,0,402,9.97,153,94,109,46
2026-07-19,Sunday,1,Monsoon,Rainy,No Occasion,0,307,8.76,128,86,59,34
2026-07-20,Monday,0,Monsoon,Sunny,No Occasion,0,390,11.45,78,109,126,77
2026-07-21,Tuesday,0,Monsoon,Sunny,No Occasion,0,339,7.34,167,109,44,19
2026-07-22,Wednesday,0,Monsoon,Heavy Rain,No Occasion,1,140,3.59,57,41,25,17
2026-07-23,Thursday,0,Monsoon,Sunny,No Occasion,0,323,7.85,82,48,106,87
2026-07-24,Friday,0,Monsoon,Heavy Rain,No Occasion,1,112,2.28,39,29,16,28
2026-07-25,Saturday,1,Monsoon,Cloudy,No Occasion,0,429,9.32,226,113,67,23
2026-07-26,Sunday,1,Monsoon,Sunny,No Occasion,0,480,12.04,205,121,102,52
2026-07-27,Monday,0,Monsoon,Heavy Rain,No Occasion,1,135,2.97,31,60,21,23
2026-07-28,Tuesday,0,Monsoon,Heavy Rain,No Occasion,1,156,4.08,44,46,45,21
2026-07-29,Wednesday,0,Monsoon,Rainy,No Occasion,0,200,5.6,56,100,25,19
2026-07-30,Thursday,0,Monsoon,Rainy,No Occasion,0,283,7.81,53,116,105,9
2026-07-31,Friday,0,Monsoon,Rainy,No Occasion,0,214,5.61,51,86,53,24
2026-08-01,Saturday,1,Monsoon,Cloudy,No Occasion,0,506,13.47,116,170,134,86
2026-08-02,Sunday,1,Monsoon,Sunny,No Occasion,0,401,10.47,165,67,73,96
2026-08-03,Monday,0,Monsoon,Cloudy,No Occasion,0,213,4.88,53,76,39,45
2026-08-04,Tuesday,0,Monsoon,Cloudy,No Occasion,0,303,9.05,91,94,37,81
2026-08-05,Wednesday,0,Monsoon,Rainy,No Occasion,0,277,5.88,74,72,99,32
2026-08-06,Thursday,0,Monsoon,Cloudy,No Occasion,0,195,5.71,76,60,33,26
2026-08-07,Friday,0,Monsoon,Cloudy,No Occasion,0,289,8.33,121,46,77,45
2026-08-08,Saturday,1,Monsoon,Heavy Rain,No Occasion,0,239,6.83,89,71,52,27
2026-08-09,Sunday,1,Monsoon,Rainy,No Occasion,0,297,6.8,84,100,61,52
2026-08-10,Monday,0,Monsoon,Rainy,No Occasion,0,161,3.33,51,69,32,9
2026-08-11,Tuesday,0,Monsoon,Sunny,No Occasion,0,260,6.96,107,60,53,40
2026-08-12,Wednesday,0,Monsoon,Cloudy,Festival,1,604,14.99,165,91,92,256
2026-08-13,Thursday,0,Monsoon,Rainy,Local Event,1,241,6.29,93,90,29,29
2026-08-14,Friday,0,Monsoon,Sunny,No Occasion,0,373,8.19,192,21,87,73
2026-08-15,Saturday,1,Monsoon,Rainy,Festival,1,385,11.48,89,122,115,59
2026-08-16,Sunday,1,Monsoon,Heavy Rain,Local Event,0,264,6.41,80,80,60,44
2026-08-17,Monday,0,Monsoon,Cloudy,Festival,1,588,16.19,140,100,168,180
2026-08-18,Tuesday,0,Monsoon,Rainy,No Occasion,0,202,5.9,75,53,42,32
2026-08-19,Wednesday,0,Monsoon,Cloudy,No Occasion,0,318,7.61,133,90,52,43
2026-08-20,Thursday,0,Monsoon,Rainy,No Occasion,0,226,5.55,125,70,21,10
2026-08-21,Friday,0,Monsoon,Cloudy,Local Event,1,466,10.94,104,91,75,196
2026-08-22,Saturday,1,Monsoon,Rainy,Festival,0,582,14.97,170,115,144,153
2026-08-23,Sunday,1,Monsoon,Heavy Rain,No Occasion,1,279,8.06,106,63,66,44
2026-08-24,Monday,0,Monsoon,Cloudy,Local Event,0,360,8.67,115,38,110,97
2026-08-25,Tuesday,0,Monsoon,Rainy,Festival,1,356,10.6,80,65,118,93
2026-08-26,Wednesday,0,Monsoon,Sunny,No Occasion,0,264,6.81,67,77,63,57
2026-08-27,Thursday,0,Monsoon,Cloudy,No Occasion,0,272,7.38,81,97,73,21
2026-08-28,Friday,0,Monsoon,Cloudy,No Occasion,0,374,9.39,129,102,80,63
2026-08-29,Saturday,1,Monsoon,Cloudy,No Occasion,0,410,11.7,151,120,108,31
2026-08-30,Sunday,1,Monsoon,Rainy,Festival,0,466,11.08,115,114,160,77
2026-08-31,Monday,0,Monsoon,Cloudy,No Occasion,0,341,7.95,149,58,54,80
2026-09-01,Tuesday,0,Monsoon,Rainy,No Occasion,0,283,6.57,70,112,70,31
2026-09-02,Wednesday,0,Monsoon,Rainy,No Occasion,0,250,6.32,52,94,72,32
2026-09-03,Thursday,0,Monsoon,Rainy,No Occasion,0,280,6.44,97,100,37,46
2026-09-04,Friday,0,Monsoon,Cloudy,No Occasion,0,317,7.3,101,77,61,78
2026-09-05,Saturday,1,Monsoon,Rainy,No Occasion,0,376,10.5,133,102,91,50
2026-09-06,Sunday,1,Monsoon,Heavy Rain,No Occasion,0,364,8.65,89,116,84,75
2026-09-07,Monday,0,Monsoon,Cloudy,No Occasion,0,329,8.5,129,118,54,28
2026-09-08,Tuesday,0,Monsoon,Cloudy,No Occasion,0,309,8.07,144,96,51,18
2026-09-09,Wednesday,0,Monsoon,Rainy,No Occasion,0,316,8.57,123,98,34,61
2026-09-10,Thursday,0,Monsoon,Rainy,No Occasion,0,279,6.45,85,122,46,26
2026-09-11,Friday,0,Monsoon,Sunny,No Occasion,0,413,10.84,136,111,121,45
2026-09-12,Saturday,1,Monsoon,Rainy,Local Event,1,332,7.92,106,104,44,78
2026-09-13,Sunday,1,Monsoon,Rainy,No Occasion,0,452,13.33,181,188,66,17
2026-09-14,Monday,0,Monsoon,Sunny,No Occasion,0,328,7.25,95,86,78,69
2026-09-15,Tuesday,0,Monsoon,Cloudy,No Occasion,0,271,6.82,133,55,29,54
2026-09-16,Wednesday,0,Monsoon,Heavy Rain,Festival,1,290,6.85,86,63,54,87
2026-09-17,Thursday,0,Monsoon,Rainy,Local Event,0,294,7.67,70,154,34,36
2026-09-18,Friday,0,Monsoon,Cloudy,Festival,1,620,12.6,157,53,168,242
2026-09-19,Saturday,1,Monsoon,Heavy Rain,No Occasion,0,208,4.23,70,87,44,7
2026-09-20,Sunday,1,Monsoon,Heavy Rain,No Occasion,1,364,9.07,91,116,79,78
2026-09-21,Monday,0,Monsoon,Rainy,No Occasion,0,225,5.2,77,35,73,40
2026-09-22,Tuesday,0,Monsoon,Sunny,No Occasion,0,325,9.59,112,103,76,34
2026-09-23,Wednesday,0,Monsoon,Sunny,No Occasion,0,305,8.17,100,77,85,43
2026-09-24,Thursday,0,Monsoon,Rainy,No Occasion,0,265,7.02,91,91,63,20
2026-09-25,Friday,0,Monsoon,Rainy,No Occasion,0,288,7.65,71,131,14,72
2026-09-26,Saturday,1,Monsoon,Rainy,No Occasion,0,406,9.5,169,104,90,43
2026-09-27,Sunday,1,Monsoon,Cloudy,No Occasion,0,357,7.49,127,80,73,77
2026-09-28,Monday,0,Monsoon,Rainy,No Occasion,0,223,4.88,77,86,54,6
2026-09-29,Tuesday,0,Monsoon,Rainy,No Occasion,0,245,6.26,35,110,92,8
2026-09-30,Wednesday,0,Monsoon,Cloudy,No Occasion,0,259,5.2,79,97,44,39
2026-10-01,Thursday,0,Autumn,Cloudy,Local Event,1,398,10.92,41,113,103,141
2026-10-02,Friday,0,Autumn,Cloudy,No Occasion,0,237,5.33,80,72,55,30
2026-10-03,Saturday,1,Autumn,Cloudy,No Occasion,0,338,7.86,112,94,77,55
2026-10-04,Sunday,1,Autumn,Cloudy,No Occasion,0,442,8.99,190,82,115,55
2026-10-05,Monday,0,Autumn,Cloudy,Festival,0,465,9.44,86,58,141,180
2026-10-06,Tuesday,0,Autumn,Sunny,Festival,1,597,13.86,107,122,173,195
2026-10-07,Wednesday,0,Autumn,Cloudy,No Occasion,0,291,7.14,116,95,22,58
2026-10-08,Thursday,0,Autumn,Cloudy,No Occasion,0,321,7.21,96,85,92,48
2026-10-09,Friday,0,Autumn,Sunny,No Occasion,0,270,6.23,111,63,33,63
2026-10-10,Saturday,1,Autumn,Cloudy,No Occasion,0,397,9.26,178,72,83,64
2026-10-11,Sunday,1,Autumn,Sunny,No Occasion,0,325,6.51,107,77,57,84
2026-10-12,Monday,0,Autumn,Sunny,No Occasion,0,375,8.8,133,78,58,106
2026-10-13,Tuesday,0,Autumn,Sunny,No Occasion,0,248,6.95,94,66,48,40
2026-10-14,Wednesday,0,Autumn,Sunny,No Occasion,0,360,10.69,158,113,28,61
2026-10-15,Thursday,0,Autumn,Sunny,No Occasion,0,345,9.92,128,80,105,32
2026-10-16,Friday,0,Autumn,Sunny,Festival,1,636,15.67,157,132,164,183
2026-10-17,Saturday,1,Autumn,Rainy,No Occasion,0,263,7.68,70,82,82,29
2026-10-18,Sunday,1,Autumn,Cloudy,No Occasion,0,509,12.88,170,108,137,94
2026-10-19,Monday,0,Autumn,Sunny,No Occasion,0,361,10.18,82,131,96,52
2026-10-20,Tuesday,0,Autumn,Sunny,No Occasion,0,283,5.67,106,68,93,16
2026-10-21,Wednesday,0,Autumn,Sunny,No Occasion,0,392,8.11,150,78,90,74
2026-10-22,Thursday,0,Autumn,Cloudy,No Occasion,0,295,7.42,89,68,113,25
2026-10-23,Friday,0,Autumn,Sunny,No Occasion,0,336,9.51,130,122,40,44
2026-10-24,Saturday,1,Autumn,Sunny,No Occasion,0,374,10.98,107,125,77,65
2026-10-25,Sunday,1,Autumn,Sunny,No Occasion,0,333,8.04,114,65,92,62
2026-10-26,Monday,0,Autumn,Cloudy,No Occasion,0,293,6.78,116,87,34,56
2026-10-27,Tuesday,0,Autumn,Sunny,No Occasion,0,209,5.54,100,79,19,11
2026-10-28,Wednesday,0,Autumn,Sunny,No Occasion,0,247,6.55,100,37,50,60
2026-10-29,Thursday,0,Autumn,Cloudy,No Occasion,0,272,6.78,82,75,38,77
2026-10-30,Friday,0,Autumn,Rainy,No Occasion,0,178,5.04,58,56,25,39
2026-10-31,Saturday,1,Autumn,Sunny,No Occasion,0,442,12.55,129,129,93,91
2026-11-01,Sunday,1,Autumn,Cloudy,No Occasion,0,396,10.44,108,106,113,69
2026-11-02,Monday,0,Autumn,Sunny,No Occasion,0,299,8.92,94,87,57,61
2026-11-03,Tuesday,0,Autumn,Cloudy,No Occasion,0,426,9.88,145,105,92,84
2026-11-04,Wednesday,0,Autumn,Sunny,No Occasion,0,249,6.83,58,130,50,11
2026-11-05,Thursday,0,Autumn,Sunny,No Occasion,0,340,8.16,124,42,132,42
2026-11-06,Friday,0,Autumn,Cloudy,No Occasion,0,313,7.91,44,76,97,96
2026-11-07,Saturday,1,Autumn,Sunny,No Occasion,0,327,7.58,89,64,101,73
2026-11-08,Sunday,1,Autumn,Cloudy,Festival,1,712,18.51,136,128,205,243
2026-11-09,Monday,0,Autumn,Cloudy,No Occasion,0,270,5.99,47,106,90,27
2026-11-10,Tuesday,0,Autumn,Rainy,No Occasion,0,269,5.69,44,170,35,20
2026-11-11,Wednesday,0,Autumn,Sunny,No Occasion,0,329,7.49,149,76,81,23
2026-11-12,Thursday,0,Autumn,Sunny,Local Event,0,258,6.29,91,78,38,51
2026-11-13,Friday,0,Autumn,Sunny,No Occasion,0,337,8.66,122,58,150,7
2026-11-14,Saturday,1,Autumn,Cloudy,No Occasion,0,319,8.12,130,61,90,38
2026-11-15,Sunday,1,Autumn,Sunny,No Occasion,0,394,9.18,158,56,121,59
2026-11-16,Monday,0,Autumn,Rainy,Local Event,0,226,4.56,63,102,35,26
2026-11-17,Tuesday,0,Autumn,Sunny,No Occasion,0,358,9.22,154,97,63,44
2026-11-18,Wednesday,0,Autumn,Cloudy,No Occasion,0,337,9.47,114,51,98,74
2026-11-19,Thursday,0,Autumn,Rainy,No Occasion,0,216,6.2,72,55,55,34
2026-11-20,Friday,0,Autumn,Sunny,No Occasion,0,337,6.81,118,86,83,50
2026-11-21,Saturday,1,Autumn,Cloudy,No Occasion,0,433,11.95,171,52,151,59
2026-11-22,Sunday,1,Autumn,Sunny,No Occasion,0,341,9.35,141,68,67,65
2026-11-23,Monday,0,Autumn,Sunny,No Occasion,0,404,9.2,131,114,62,97
2026-11-24,Tuesday,0,Autumn,Cloudy,No Occasion,0,293,8.44,110,90,55,38
2026-11-25,Wednesday,0,Autumn,Sunny,No Occasion,0,300,6.23,86,52,48,114
2026-11-26,Thursday,0,Autumn,Cloudy,No Occasion,0,285,5.83,99,58,68,60
2026-11-27,Friday,0,Autumn,Sunny,No Occasion,0,247,6.47,58,75,72,42
2026-11-28,Saturday,1,Autumn,Cloudy,No Occasion,0,401,9.87,172,70,85,74
2026-11-29,Sunday,1,Autumn,Sunny,No Occasion,0,453,12.26,152,126,113,62
2026-11-30,Monday,0,Autumn,Sunny,No Occasion,0,392,11.0,95,99,99,99
2026-12-01,Tuesday,0,Winter,Cold,No Occasion,0,328,7.11,84,96,50,98
2026-12-02,Wednesday,0,Winter,Cold,Festival,1,645,15.99,89,174,121,261
2026-12-03,Thursday,0,Winter,Cold,No Occasion,0,332,8.53,89,44,38,161
2026-12-04,Friday,0,Winter,Sunny,Festival,1,588,16.76,110,112,161,205
2026-12-05,Saturday,1,Winter,Cold,No Occasion,0,460,12.43,201,98,45,116
2026-12-06,Sunday,1,Winter,Sunny,Local Event,1,538,12.93,191,142,114,91
2026-12-07,Monday,0,Winter,Cold,No Occasion,0,386,11.01,95,79,99,113
2026-12-08,Tuesday,0,Winter,Cold,No Occasion,0,290,7.51,94,36,80,80
2026-12-09,Wednesday,0,Winter,Cold,No Occasion,0,282,5.97,90,55,59,78
2026-12-10,Thursday,0,Winter,Cold,No Occasion,0,292,6.97,127,64,37,64
2026-12-11,Friday,0,Winter,Cold,No Occasion,0,310,9.16,68,96,46,100
2026-12-12,Saturday,1,Winter,Sunny,No Occasion,0,470,12.0,87,56,181,146
2026-12-13,Sunday,1,Winter,Foggy,No Occasion,0,334,7.12,108,89,83,54
2026-12-14,Monday,0,Winter,Foggy,No Occasion,0,200,4.98,66,72,12,50
2026-12-15,Tuesday,0,Winter,Cold,No Occasion,0,264,7.17,75,61,66,62
2026-12-16,Wednesday,0,Winter,Cold,No Occasion,0,320,7.87,119,28,48,125
2026-12-17,Thursday,0,Winter,Foggy,No Occasion,0,343,9.95,76,98,44,125
2026-12-18,Friday,0,Winter,Foggy,No Occasion,0,288,6.57,97,68,66,57
2026-12-19,Saturday,1,Winter,Foggy,No Occasion,0,360,9.26,101,110,67,82
2026-12-20,Sunday,1,Winter,Sunny,No Occasion,0,425,11.56,140,117,74,94
2026-12-21,Monday,0,Winter,Cold,No Occasion,0,283,6.01,42,61,55,125
2026-12-22,Tuesday,0,Winter,Cold,No Occasion,0,361,7.25,113,103,51,94
2026-12-23,Wednesday,0,Winter,Foggy,No Occasion,0,167,3.62,59,37,38,33
2026-12-24,Thursday,0,Winter,Sunny,No Occasion,0,307,6.26,118,85,70,34
2026-12-25,Friday,0,Winter,Foggy,No Occasion,0,248,6.8,55,71,54,68
2026-12-26,Saturday,1,Winter,Cold,No Occasion,0,406,10.83,109,71,80,146
2026-12-27,Sunday,1,Winter,Rainy,No Occasion,0,287,7.51,113,70,71,33
2026-12-28,Monday,0,Winter,Sunny,Festival,1,587,15.27,149,123,124,191
2026-12-29,Tuesday,0,Winter,Cold,Local Event,0,364,9.24,93,47,69,155
2026-12-30,Wednesday,0,Winter,Sunny,No Occasion,0,238,5.95,71,48,31,88
2026-12-31,Thursday,0,Winter,Cold,No Occasion,0,324,6.71,88,71,63,102
2027-01-01,Friday,0,Winter,Foggy,No Occasion,0,305,6.25,104,67,79,55
2027-01-02,Saturday,1,Winter,Foggy,No Occasion,0,393,10.45,96,47,131,119
2027-01-03,Sunday,1,Winter,Sunny,Local Event,1,522,10.85,151,110,53,208
2027-01-04,Monday,0,Winter,Sunny,No Occasion,0,359,10.09,74,26,100,159
2027-01-05,Tuesday,0,Winter,Rainy,No Occasion,0,207,4.67,82,86,25,14
2027-01-06,Wednesday,0,Winter,Cold,No Occasion,0,324,7.28,80,106,52,86
2027-01-07,Thursday,0,Winter,Foggy,No Occasion,0,267,6.35,86,74,77,30
2027-01-08,Friday,0,Winter,Cold,No Occasion,0,295,8.07,83,50,61,101
2027-01-09,Saturday,1,Winter,Sunny,No Occasion,0,460,13.57,145,144,103,68
2027-01-10,Sunday,1,Winter,Sunny,No Occasion,0,444,11.31,133,97,102,112
2027-01-11,Monday,0,Winter,Sunny,No Occasion,0,345,10.17,119,38,59,129
2027-01-12,Tuesday,0,Winter,Foggy,No Occasion,0,239,7.16,52,90,30,67
2027-01-13,Wednesday,0,Winter,Foggy,No Occasion,0,210,4.46,60,54,36,60
2027-01-14,Thursday,0,Winter,Sunny,No Occasion,0,327,7.71,137,57,22,111
2027-01-15,Friday,0,Winter,Foggy,No Occasion,0,288,6.22,94,45,91,58
2027-01-16,Saturday,1,Winter,Cold,Festival,1,689,16.32,182,108,115,284
2027-01-17,Sunday,1,Winter,Sunny,No Occasion,0,420,8.97,159,112,50,99
2027-01-18,Monday,0,Winter,Cold,No Occasion,0,322,8.38,89,123,23,87
2027-01-19,Tuesday,0,Winter,Cold,No Occasion,0,249,5.39,61,91,23,74
2027-01-20,Wednesday,0,Winter,Cold,No Occasion,0,327,9.28,93,68,77,89
2027-01-21,Thursday,0,Winter,Foggy,No Occasion,0,162,4.15,46,42,42,32
2027-01-22,Friday,0,Winter,Sunny,No Occasion,0,332,9.33,112,69,75,76
2027-01-23,Saturday,1,Winter,Cold,No Occasion,0,401,8.84,133,87,85,96
2027-01-24,Sunday,1,Winter,Sunny,No Occasion,0,355,7.15,134,61,97,63
2027-01-25,Monday,0,Winter,Cold,Festival,1,577,13.19,111,83,94,289
2027-01-26,Tuesday,0,Winter,Cold,Local Event,1,397,10.79,63,76,82,176
2027-01-27,Wednesday,0,Winter,Cold,No Occasion,0,402,11.18,94,117,105,86
2027-01-28,Thursday,0,Winter,Cold,Festival,1,329,9.25,84,63,41,141
2027-01-29,Friday,0,Winter,Cold,No Occasion,0,346,8.87,65,102,59,120
2027-01-30,Saturday,1,Winter,Cold,No Occasion,0,504,13.31,145,134,84,141
2027-01-31,Sunday,1,Winter,Sunny,No Occasion,0,416,8.91,120,96,97,103
2027-02-01,Monday,0,Winter,Rainy,No Occasion,0,285,6.58,70,81,83,51
2027-02-02,Tuesday,0,Winter,Cold,No Occasion,0,228,5.56,64,45,42,77
2027-02-03,Wednesday,0,Winter,Foggy,No Occasion,0,351,10.41,70,77,74,130
2027-02-04,Thursday,0,Winter,Cold,No Occasion,0,294,6.91,55,94,32,113
2027-02-05,Friday,0,Winter,Cold,No Occasion,0,322,8.36,95,78,50,99
2027-02-06,Saturday,1,Winter,Cold,No Occasion,0,309,7.61,92,54,56,107
2027-02-07,Sunday,1,Winter,Rainy,No Occasion,0,303,6.25,127,100,41,35
2027-02-08,Monday,0,Winter,Foggy,No Occasion,0,312,7.01,101,63,68,80
2027-02-09,Tuesday,0,Winter,Cold,No Occasion,0,256,6.78,67,17,67,105
2027-02-10,Wednesday,0,Winter,Cold,No Occasion,1,443,9.28,119,86,93,145
2027-02-11,Thursday,0,Winter,Rainy,No Occasion,0,188,5.19,68,27,40,53
2027-02-12,Friday,0,Winter,Rainy,No Occasion,0,307,8.51,63,101,73,70
2027-02-13,Saturday,1,Winter,Foggy,No Occasion,0,439,12.72,156,74,108,101
2027-02-14,Sunday,1,Winter,Foggy,No Occasion,0,365,9.35,120,67,72,106
2027-02-15,Monday,0,Winter,Cold,No Occasion,0,295,8.35,105,83,29,78
2027-02-16,Tuesday,0,Winter,Cold,No Occasion,0,356,8.71,93,100,83,80
2027-02-17,Wednesday,0,Winter,Foggy,No Occasion,0,290,6.01,112,61,22,95
2027-02-18,Thursday,0,Winter,Foggy,No Occasion,0,320,6.75,87,94,61,78
2027-02-19,Friday,0,Winter,Sunny,No Occasion,0,336,7.22,66,83,92,95
2027-02-20,Saturday,1,Winter,Cold,No Occasion,0,422,11.51,171,84,63,104
2027-02-21,Sunday,1,Winter,Foggy,Festival,0,536,15.14,155,78,125,178
2027-02-22,Monday,0,Winter,Sunny,Festival,1,461,12.45,122,57,108,174
2027-02-23,Tuesday,0,Winter,Sunny,Festival,1,634,16.52,167,183,97,187
2027-02-24,Wednesday,0,Winter,Foggy,Festival,1,563,14.12,115,97,96,255
2027-02-25,Thursday,0,Winter,Sunny,Local Event,0,376,11.0,125,83,62,106
2027-02-26,Friday,0,Winter,Cold,No Occasion,0,352,10.36,101,56,59,136
2027-02-27,Saturday,1,Winter,Foggy,No Occasion,0,462,10.76,150,96,119,97
2027-02-28,Sunday,1,Winter,Cold,No Occasion,0,400,9.97,122,84,125,69
2027-03-01,Monday,0,Summer,Sunny,No Occasion,0,425,9.13,123,116,99,87
2027-03-02,Tuesday,0,Summer,Sunny,No Occasion,0,267,5.92,123,108,27,9
2027-03-03,Wednesday,0,Summer,Sunny,No Occasion,0,367,10.32,85,93,94,95
2027-03-04,Thursday,0,Summer,Rainy,Local Event,1,282,7.25,81,130,54,17
2027-03-05,Friday,0,Summer,Sunny,No Occasion,0,358,7.38,89,147,60,62
2027-03-06,Saturday,1,Summer,Cloudy,No Occasion,0,364,7.65,108,106,83,67
2027-03-07,Sunday,1,Summer,Rainy,Festival,1,456,12.14,144,133,94,85
2027-03-08,Monday,0,Summer,Sunny,No Occasion,0,279,7.73,68,119,51,41
2027-03-09,Tuesday,0,Summer,Cloudy,No Occasion,0,377,9.48,112,109,47,109
2027-03-10,Wednesday,0,Summer,Cloudy,No Occasion,0,266,6.56,85,89,53,39
2027-03-11,Thursday,0,Summer,Cloudy,No Occasion,1,586,13.58,224,117,108,137
2027-03-12,Friday,0,Summer,Sunny,No Occasion,0,381,8.53,117,119,122,23
2027-03-13,Saturday,1,Summer,Sunny,No Occasion,0,363,8.06,146,116,37,64
2027-03-14,Sunday,1,Summer,Cloudy,No Occasion,0,438,12.99,238,107,84,9
2027-03-15,Monday,0,Summer,Cloudy,No Occasion,0,311,6.29,122,45,94,50
2027-03-16,Tuesday,0,Summer,Rainy,No Occasion,0,299,6.64,125,96,67,11
2027-03-17,Wednesday,0,Summer,Sunny,No Occasion,0,334,9.78,64,113,76,81
2027-03-18,Thursday,0,Summer,Cloudy,No Occasion,0,407,8.69,113,118,107,69
2027-03-19,Friday,0,Summer,Rainy,No Occasion,0,152,3.89,44,73,27,8
2027-03-20,Saturday,1,Summer,Sunny,No Occasion,0,452,10.96,134,154,93,71
2027-03-21,Sunday,1,Summer,Sunny,No Occasion,0,452,12.53,139,123,109,81
2027-03-22,Monday,0,Summer,Cloudy,Local Event,0,329,9.22,73,118,97,41
2027-03-23,Tuesday,0,Summer,Cloudy,No Occasion,0,268,7.72,99,72,56,41
2027-03-24,Wednesday,0,Summer,Sunny,Festival,0,416,9.19,115,94,81,126
2027-03-25,Thursday,0,Summer,Sunny,No Occasion,0,375,10.16,134,80,91,70
2027-03-26,Friday,0,Summer,Sunny,No Occasion,0,286,7.11,129,105,22,30
2027-03-27,Saturday,1,Summer,Sunny,Festival,1,644,17.03,158,152,159,175
2027-03-28,Sunday,1,Summer,Cloudy,No Occasion,0,372,9.02,160,106,98,8
2027-03-29,Monday,0,Summer,Sunny,Festival,1,642,13.41,133,131,188,190
2027-03-30,Tuesday,0,Summer,Rainy,No Occasion,0,290,6.98,93,117,55,25
2027-03-31,Wednesday,0,Summer,Rainy,No Occasion,0,221,4.87,69,87,42,23
2027-04-01,Thursday,0,Summer,Cloudy,No Occasion,0,226,5.38,66,73,37,50
2027-04-02,Friday,0,Summer,Cloudy,No Occasion,0,311,6.57,113,130,40,28
2027-04-03,Saturday,1,Summer,Sunny,No Occasion,0,493,13.91,164,154,60,115
2027-04-04,Sunday,1,Summer,Cloudy,No Occasion,0,443,13.22,167,94,111,71
2027-04-05,Monday,0,Summer,Sunny,No Occasion,1,420,12.5,108,125,74,113
2027-04-06,Tuesday,0,Summer,Cloudy,No Occasion,0,354,7.68,92,120,99,43
2027-04-07,Wednesday,0,Summer,Sunny,No Occasion,0,263,5.9,96,60,57,50
2027-04-08,Thursday,0,Summer,Cloudy,No Occasion,0,403,8.69,136,126,44,97
2027-04-09,Friday,0,Summer,Cloudy,Local Event,0,225,5.43,44,79,83,19
2027-04-10,Saturday,1,Summer,Sunny,No Occasion,0,153,4.38,71,45,8,29
2027-04-11,Sunday,1,Summer,Rainy,No Occasion,0,365,10.32,88,144,103,30
2027-04-12,Monday,0,Summer,Sunny,Festival,1,560,14.96,151,74,167,168
2027-04-13,Tuesday,0,Summer,Cloudy,No Occasion,0,193,4.36,59,62,41,31
2027-04-14,Wednesday,0,Summer,Sunny,No Occasion,0,364,7.92,112,115,89,48
2027-04-15,Thursday,0,Summer,Sunny,No Occasion,0,344,7.1,88,139,56,61
2027-04-16,Friday,0,Summer,Sunny,No Occasion,0,320,6.42,88,94,65,73
2027-04-17,Saturday,1,Summer,Cloudy,No Occasion,0,474,12.35,167,99,140,68
2027-04-18,Sunday,1,Summer,Sunny,No Occasion,0,476,12.37,137,171,149,19
2027-04-19,Monday,0,Summer,Sunny,No Occasion,0,353,8.14,82,164,74,33
2027-04-20,Tuesday,0,Summer,Sunny,No Occasion,0,320,8.48,92,133,61,34
2027-04-21,Wednesday,0,Summer,Sunny,No Occasion,0,381,9.72,108,152,35,86
2027-04-22,Thursday,0,Summer,Cloudy,No Occasion,0,405,9.45,107,193,38,67
2027-04-23,Friday,0,Summer,Sunny,Local Event,0,340,8.55,153,90,43,54
2027-04-24,Saturday,1,Summer,Sunny,No Occasion,0,415,10.23,145,103,78,89
2027-04-25,Sunday,1,Summer,Cloudy,No Occasion,0,477,13.38,126,134,163,54
2027-04-26,Monday,0,Summer,Cloudy,No Occasion,0,357,7.58,113,116,42,86
2027-04-27,Tuesday,0,Summer,Cloudy,No Occasion,0,366,9.31,188,98,35,45
2027-04-28,Wednesday,0,Summer,Sunny,No Occasion,0,325,8.5,83,83,107,52
2027-04-29,Thursday,0,Summer,Sunny,No Occasion,0,300,8.1,91,73,105,31
2027-04-30,Friday,0,Summer,Sunny,No Occasion,0,239,5.29,42,78,33,86
2027-05-01,Saturday,1,Summer,Sunny,Festival,1,673,18.44,184,54,168,267
2027-05-02,Sunday,1,Summer,Sunny,No Occasion,0,430,9.3,190,113,56,71
2027-05-03,Monday,0,Summer,Rainy,Festival,1,457,10.48,76,150,142,89
2027-05-04,Tuesday,0,Summer,Sunny,No Occasion,0,316,9.15,32,158,59,67
2027-05-05,Wednesday,0,Summer,Sunny,Festival,1,557,13.45,129,112,111,205
2027-05-06,Thursday,0,Summer,Sunny,No Occasion,0,359,7.33,94,136,64,65
2027-05-07,Friday,0,Summer,Sunny,No Occasion,0,294,8.25,103,120,34,37
2027-05-08,Saturday,1,Summer,Sunny,No Occasion,0,305,7.52,103,112,47,43
2027-05-09,Sunday,1,Summer,Cloudy,Festival,1,660,17.93,125,110,182,243
2027-05-10,Monday,0,Summer,Sunny,No Occasion,0,316,8.51,77,135,56,48
2027-05-11,Tuesday,0,Summer,Cloudy,No Occasion,0,344,10.06,124,160,35,25
2027-05-12,Wednesday,0,Summer,Sunny,No Occasion,0,330,8.16,107,85,101,37
2027-05-13,Thursday,0,Summer,Sunny,No Occasion,0,337,8.26,108,99,45,85
2027-05-14,Friday,0,Summer,Cloudy,No Occasion,0,313,8.34,92,106,65,50
2027-05-15,Saturday,1,Summer,Cloudy,No Occasion,0,392,9.76,92,140,75,85
2027-05-16,Sunday,1,Summer,Rainy,No Occasion,0,421,8.51,171,136,75,39
2027-05-17,Monday,0,Summer,Sunny,No Occasion,0,248,7.23,57,67,64,60
2027-05-18,Tuesday,0,Summer,Sunny,No Occasion,0,268,5.87,59,98,44,67
2027-05-19,Wednesday,0,Summer,Rainy,No Occasion,0,338,7.08,94,129,65,50
2027-05-20,Thursday,0,Summer,Rainy,No Occasion,0,241,6.13,78,112,32,19
2027-05-21,Friday,0,Summer,Sunny,No Occasion,0,341,8.87,142,109,39,51
2027-05-22,Saturday,1,Summer,Sunny,Festival,1,710,14.26,156,134,187,233
2027-05-23,Sunday,1,Summer,Cloudy,No Occasion,0,386,8.68,103,118,100,65
2027-05-24,Monday,0,Summer,Sunny,No Occasion,0,353,8.3,117,109,68,59
2027-05-25,Tuesday,0,Summer,Sunny,No Occasion,0,369,10.46,113,134,75,47
2027-05-26,Wednesday,0,Summer,Cloudy,No Occasion,1,476,12.14,79,189,90,118
2027-05-27,Thursday,0,Summer,Sunny,No Occasion,0,337,6.81,106,140,55,36
2027-05-28,Friday,0,Summer,Sunny,No Occasion,0,312,6.89,88,100,63,61
2027-05-29,Saturday,1,Summer,Cloudy,Festival,1,749,15.97,203,118,259,169
2027-05-30,Sunday,1,Summer,Cloudy,No Occasion,0,413,10.4,115,128,124,46
2027-05-31,Monday,0,Summer,Sunny,No Occasion,0,389,8.14,129,146,80,34
2027-06-01,Tuesday,0,Monsoon,Cloudy,No Occasion,0,300,8.61,133,74,49,44
2027-06-02,Wednesday,0,Monsoon,Rainy,No Occasion,0,332,8.48,111,116,77,28
2027-06-03,Thursday,0,Monsoon,Heavy Rain,No Occasion,0,223,5.19,66,67,76,14
2027-06-04,Friday,0,Monsoon,Cloudy,No Occasion,0,351,7.56,69,145,59,78
2027-06-05,Saturday,1,Monsoon,Cloudy,Festival,1,648,16.27,168,70,233,177
2027-06-06,Sunday,1,Monsoon,Sunny,No Occasion,0,378,10.29,119,65,97,97
2027-06-07,Monday,0,Monsoon,Rainy,Local Event,1,265,7.67,97,61,22,85
2027-06-08,Tuesday,0,Monsoon,Cloudy,No Occasion,0,382,7.95,126,75,104,77
2027-06-09,Wednesday,0,Monsoon,Sunny,No Occasion,0,310,7.37,93,71,105,41
2027-06-10,Thursday,0,Monsoon,Rainy,No Occasion,0,241,6.21,96,79,54,12
2027-06-11,Friday,0,Monsoon,Rainy,No Occasion,0,213,4.42,79,95,13,26
2027-06-12,Saturday,1,Monsoon,Heavy Rain,No Occasion,0,250,6.88,92,76,55,27
2027-06-13,Sunday,1,Monsoon,Rainy,No Occasion,0,456,12.94,184,158,97,17
2027-06-14,Monday,0,Monsoon,Sunny,No Occasion,0,276,6.1,89,57,72,58
2027-06-15,Tuesday,0,Monsoon,Cloudy,Local Event,1,323,8.78,84,91,63,85
2027-06-16,Wednesday,0,Monsoon,Sunny,Festival,0,455,13.29,109,136,91,119
2027-06-17,Thursday,0,Monsoon,Cloudy,Festival,0,544,12.24,131,135,112,166
2027-06-18,Friday,0,Monsoon,Sunny,No Occasion,0,366,10.96,115,108,87,56
2027-06-19,Saturday,1,Monsoon,Rainy,No Occasion,0,332,7.92,87,150,66,29
2027-06-20,Sunday,1,Monsoon,Rainy,No Occasion,0,355,9.52,107,107,69,72
2027-06-21,Monday,0,Monsoon,Rainy,No Occasion,0,234,6.92,71,70,45,48
2027-06-22,Tuesday,0,Monsoon,Sunny,No Occasion,0,353,7.85,136,117,82,18
2027-06-23,Wednesday,0,Monsoon,Cloudy,No Occasion,0,327,9.25,95,90,65,77
2027-06-24,Thursday,0,Monsoon,Rainy,No Occasion,0,196,4.0,48,82,43,23
2027-06-25,Friday,0,Monsoon,Sunny,No Occasion,0,309,6.4,108,113,68,20
2027-06-26,Saturday,1,Monsoon,Sunny,No Occasion,0,317,8.77,111,93,86,27
2027-06-27,Sunday,1,Monsoon,Rainy,No Occasion,0,307,8.05,117,109,36,45
2027-06-28,Monday,0,Monsoon,Cloudy,Festival,1,577,17.18,169,112,150,146
2027-06-29,Tuesday,0,Monsoon,Cloudy,No Occasion,0,299,8.05,76,83,99,41
2027-06-30,Wednesday,0,Monsoon,Rainy,No Occasion,1,210,4.32,42,93,44,31
2027-07-01,Thursday,0,Monsoon,Cloudy,No Occasion,0,338,8.76,116,81,54,87
2027-07-02,Friday,0,Monsoon,Cloudy,No Occasion,0,250,5.52,80,55,73,42
2027-07-03,Saturday,1,Monsoon,Sunny,No Occasion,0,519,14.11,171,108,103,137
2027-07-04,Sunday,1,Monsoon,Rainy,No Occasion,0,265,7.68,92,56,58,59
2027-07-05,Monday,0,Monsoon,Rainy,No Occasion,0,214,5.49,74,94,39,7
2027-07-06,Tuesday,0,Monsoon,Rainy,No Occasion,0,216,6.46,49,77,55,35
2027-07-07,Wednesday,0,Monsoon,Cloudy,No Occasion,0,321,7.44,126,98,55,42
2027-07-08,Thursday,0,Monsoon,Sunny,No Occasion,0,283,7.81,130,56,51,46
2027-07-09,Friday,0,Monsoon,Rainy,No Occasion,0,257,5.84,72,91,76,18
2027-07-10,Saturday,1,Monsoon,Cloudy,No Occasion,0,410,9.1,169,101,103,37
2027-07-11,Sunday,1,Monsoon,Rainy,No Occasion,0,382,8.02,127,120,72,63
2027-07-12,Monday,0,Monsoon,Rainy,No Occasion,0,308,9.08,82,123,64,39
2027-07-13,Tuesday,0,Monsoon,Rainy,No Occasion,1,304,7.11,104,116,49,35
2027-07-14,Wednesday,0,Monsoon,Cloudy,Festival,1,634,16.47,118,168,96,252
2027-07-15,Thursday,0,Monsoon,Rainy,No Occasion,1,204,5.29,59,69,35,41
2027-07-16,Friday,0,Monsoon,Cloudy,No Occasion,0,330,7.75,120,74,100,36
2027-07-17,Saturday,1,Monsoon,Cloudy,No Occasion,0,356,10.67,122,99,100,35
2027-07-18,Sunday,1,Monsoon,Sunny,No Occasion,0,483,13.13,155,134,95,99
2027-07-19,Monday,0,Monsoon,Heavy Rain,No Occasion,0,273,8.01,86,106,54,27
2027-07-20,Tuesday,0,Monsoon,Cloudy,No Occasion,0,148,3.45,39,57,17,35
2027-07-21,Wednesday,0,Monsoon,Rainy,No Occasion,0,215,5.71,85,107,17,6
2027-07-22,Thursday,0,Monsoon,Rainy,Festival,1,438,8.84,95,97,90,156
2027-07-23,Friday,0,Monsoon,Cloudy,No Occasion,0,252,7.14,77,74,70,31
2027-07-24,Saturday,1,Monsoon,Rainy,No Occasion,1,342,8.18,87,114,65,76
2027-07-25,Sunday,1,Monsoon,Rainy,No Occasion,0,359,8.12,153,97,99,10
2027-07-26,Monday,0,Monsoon,Rainy,Festival,0,396,10.28,110,99,79,108
2027-07-27,Tuesday,0,Monsoon,Heavy Rain,No Occasion,0,166,4.14,61,68,33,4
2027-07-28,Wednesday,0,Monsoon,Rainy,No Occasion,0,315,7.29,121,105,63,26
2027-07-29,Thursday,0,Monsoon,Cloudy,No Occasion,0,309,8.08,132,101,46,30
2027-07-30,Friday,0,Monsoon,Cloudy,No Occasion,0,316,8.41,76,66,89,85
2027-07-31,Saturday,1,Monsoon,Sunny,Festival,1,706,15.94,194,167,151,194
2027-08-01,Sunday,1,Monsoon,Cloudy,No Occasion,0,436,11.43,99,121,128,88
2027-08-02,Monday,0,Monsoon,Rainy,No Occasion,0,261,6.95,115,92,36,18
2027-08-03,Tuesday,0,Monsoon,Rainy,Festival,0,410,8.73,101,113,117,79
2027-08-04,Wednesday,0,Monsoon,Rainy,No Occasion,0,222,5.5,92,86,32,12
2027-08-05,Thursday,0,Monsoon,Sunny,No Occasion,0,277,6.46,118,77,22,60
2027-08-06,Friday,0,Monsoon,Cloudy,No Occasion,0,305,7.36,70,85,90,60
2027-08-07,Saturday,1,Monsoon,Cloudy,No Occasion,0,381,9.03,126,126,85,44
2027-08-08,Sunday,1,Monsoon,Rainy,No Occasion,0,367,10.53,174,116,66,11
2027-08-09,Monday,0,Monsoon,Rainy,Festival,1,318,8.75,83,89,49,97
2027-08-10,Tuesday,0,Monsoon,Cloudy,No Occasion,0,194,4.83,80,61,16,37
2027-08-11,Wednesday,0,Monsoon,Rainy,Festival,1,380,8.63,80,89,97,114
2027-08-12,Thursday,0,Monsoon,Rainy,Festival,1,366,10.24,48,62,103,153
2027-08-13,Friday,0,Monsoon,Rainy,No Occasion,1,210,4.6,54,61,43,52
2027-08-14,Saturday,1,Monsoon,Rainy,No Occasion,0,412,10.49,113,176,116,7
2027-08-15,Sunday,1,Monsoon,Rainy,No Occasion,0,384,7.7,153,143,72,16
2027-08-16,Monday,0,Monsoon,Cloudy,No Occasion,0,282,6.81,72,69,65,76
2027-08-17,Tuesday,0,Monsoon,Rainy,No Occasion,0,333,9.68,137,159,25,12
2027-08-18,Wednesday,0,Monsoon,Rainy,No Occasion,0,273,7.16,74,79,109,11
2027-08-19,Thursday,0,Monsoon,Rainy,No Occasion,0,145,3.02,35,60,32,18
2027-08-20,Friday,0,Monsoon,Cloudy,No Occasion,0,262,5.84,60,100,29,73
2027-08-21,Saturday,1,Monsoon,Rainy,Local Event,0,386,9.38,132,167,77,10
2027-08-22,Sunday,1,Monsoon,Rainy,No Occasion,0,281,6.99,138,74,64,5
2027-08-23,Monday,0,Monsoon,Cloudy,No Occasion,0,406,9.8,180,121,69,36
2027-08-24,Tuesday,0,Monsoon,Cloudy,No Occasion,0,281,6.43,86,61,65,69
2027-08-25,Wednesday,0,Monsoon,Rainy,No Occasion,0,241,6.12,82,56,66,37
2027-08-26,Thursday,0,Monsoon,Rainy,No Occasion,0,280,7.98,116,65,67,32
2027-08-27,Friday,0,Monsoon,Rainy,No Occasion,0,189,4.72,67,57,39,26
2027-08-28,Saturday,1,Monsoon,Rainy,No Occasion,1,349,7.95,118,74,94,63
2027-08-29,Sunday,1,Monsoon,Cloudy,No Occasion,0,423,12.29,144,92,127,60
2027-08-30,Monday,0,Monsoon,Cloudy,Festival,1,662,19.64,189,129,126,218
2027-08-31,Tuesday,0,Monsoon,Heavy Rain,No Occasion,0,276,6.44,117,97,35,27
2027-09-01,Wednesday,0,Monsoon,Rainy,No Occasion,0,196,5.5,42,107,42,5
2027-09-02,Thursday,0,Monsoon,Cloudy,No Occasion,0,324,9.31,98,76,59,91
2027-09-03,Friday,0,Monsoon,Sunny,No Occasion,1,355,7.27,86,75,98,96
2027-09-04,Saturday,1,Monsoon,Cloudy,No Occasion,0,466,13.54,188,96,59,123
2027-09-05,Sunday,1,Monsoon,Sunny,No Occasion,0,416,9.77,92,95,166,63
2027-09-06,Monday,0,Monsoon,Rainy,No Occasion,0,198,4.02,73,79,34,12
2027-09-07,Tuesday,0,Monsoon,Rainy,No Occasion,0,218,5.72,64,85,49,20
2027-09-08,Wednesday,0,Monsoon,Sunny,No Occasion,0,277,5.86,72,71,65,69
2027-09-09,Thursday,0,Monsoon,Rainy,No Occasion,0,218,6.42,43,73,59,43
2027-09-10,Friday,0,Monsoon,Rainy,No Occasion,0,284,8.15,88,126,59,11
2027-09-11,Saturday,1,Monsoon,Rainy,No Occasion,0,338,8.16,127,137,29,45
2027-09-12,Sunday,1,Monsoon,Cloudy,No Occasion,0,509,14.9,163,82,237,27
2027-09-13,Monday,0,Monsoon,Rainy,No Occasion,0,309,9.25,118,117,63,11
2027-09-14,Tuesday,0,Monsoon,Heavy Rain,No Occasion,0,84,1.96,36,36,8,4
2027-09-15,Wednesday,0,Monsoon,Rainy,No Occasion,1,302,6.81,67,130,56,49
2027-09-16,Thursday,0,Monsoon,Cloudy,No Occasion,0,317,9.2,146,69,52,50
2027-09-17,Friday,0,Monsoon,Rainy,No Occasion,0,330,8.0,116,117,79,18
2027-09-18,Saturday,1,Monsoon,Cloudy,No Occasion,0,167,4.45,76,34,26,31
2027-09-19,Sunday,1,Monsoon,Cloudy,No Occasion,0,434,10.33,160,100,74,100
2027-09-20,Monday,0,Monsoon,Cloudy,No Occasion,0,347,7.0,145,104,36,62
2027-09-21,Tuesday,0,Monsoon,Heavy Rain,Festival,1,374,7.54,74,113,75,112
2027-09-22,Wednesday,0,Monsoon,Rainy,No Occasion,0,303,8.08,103,65,85,50
2027-09-23,Thursday,0,Monsoon,Rainy,No Occasion,0,313,8.95,113,82,93,25
2027-09-24,Friday,0,Monsoon,Rainy,No Occasion,0,293,8.26,115,117,41,20
2027-09-25,Saturday,1,Monsoon,Rainy,No Occasion,0,429,9.18,164,145,107,13
2027-09-26,Sunday,1,Monsoon,Rainy,No Occasion,0,248,7.26,95,79,63,11
2027-09-27,Monday,0,Monsoon,Rainy,No Occasion,0,220,5.56,59,71,51,39
2027-09-28,Tuesday,0,Monsoon,Heavy Rain,Local Event,0,203,5.14,76,55,43,29
2027-09-29,Wednesday,0,Monsoon,Rainy,No Occasion,0,122,3.09,22,48,34,18
2027-09-30,Thursday,0,Monsoon,Rainy,Local Event,0,268,6.65,75,82,82,29
2027-10-01,Friday,0,Autumn,Sunny,No Occasion,0,338,8.98,115,75,64,84
2027-10-02,Saturday,1,Autumn,Cloudy,No Occasion,0,451,12.97,159,108,128,56
2027-10-03,Sunday,1,Autumn,Sunny,Festival,1,693,16.68,171,153,178,191
2027-10-04,Monday,0,Autumn,Sunny,Festival,1,690,14.97,170,118,134,268
2027-10-05,Tuesday,0,Autumn,Sunny,No Occasion,0,324,8.26,115,74,76,59
2027-10-06,Wednesday,0,Autumn,Cloudy,No Occasion,0,293,8.0,132,61,53,47
2027-10-07,Thursday,0,Autumn,Rainy,Festival,1,329,7.91,57,114,51,107
2027-10-08,Friday,0,Autumn,Sunny,No Occasion,0,337,8.68,130,65,111,31
2027-10-09,Saturday,1,Autumn,Sunny,Festival,1,696,18.23,176,85,207,228
2027-10-10,Sunday,1,Autumn,Cloudy,No Occasion,0,412,10.21,236,42,80,54
2027-10-11,Monday,0,Autumn,Rainy,No Occasion,0,281,6.77,73,95,35,78
2027-10-12,Tuesday,0,Autumn,Cloudy,Festival,1,661,17.13,136,153,128,244
2027-10-13,Wednesday,0,Autumn,Cloudy,No Occasion,0,325,9.22,82,63,107,73
2027-10-14,Thursday,0,Autumn,Sunny,No Occasion,0,230,5.1,56,53,61,60
2027-10-15,Friday,0,Autumn,Sunny,No Occasion,0,231,5.82,69,65,36,61
2027-10-16,Saturday,1,Autumn,Sunny,No Occasion,0,460,11.3,149,118,111,82
2027-10-17,Sunday,1,Autumn,Rainy,No Occasion,0,351,10.29,118,136,89,8
2027-10-18,Monday,0,Autumn,Cloudy,No Occasion,0,335,7.98,74,100,66,95
2027-10-19,Tuesday,0,Autumn,Sunny,No Occasion,0,361,10.08,117,82,73,89
2027-10-20,Wednesday,0,Autumn,Sunny,No Occasion,0,323,8.05,64,74,110,75
2027-10-21,Thursday,0,Autumn,Sunny,Local Event,1,452,9.59,172,55,90,135
2027-10-22,Friday,0,Autumn,Sunny,No Occasion,0,292,5.9,98,75,51,68
2027-10-23,Saturday,1,Autumn,Cloudy,Local Event,0,422,11.44,91,109,143,79
2027-10-24,Sunday,1,Autumn,Cloudy,No Occasion,0,426,10.55,82,156,110,78
2027-10-25,Monday,0,Autumn,Sunny,No Occasion,0,314,6.64,73,129,100,12
2027-10-26,Tuesday,0,Autumn,Sunny,No Occasion,0,313,9.14,107,108,39,59
2027-10-27,Wednesday,0,Autumn,Sunny,No Occasion,0,339,8.91,104,40,112,83
2027-10-28,Thursday,0,Autumn,Rainy,No Occasion,0,267,6.4,94,81,62,30
2027-10-29,Friday,0,Autumn,Cloudy,No Occasion,0,366,8.37,97,146,72,51
2027-10-30,Saturday,1,Autumn,Sunny,Local Event,1,536,13.84,211,111,75,139
2027-10-31,Sunday,1,Autumn,Sunny,No Occasion,0,427,12.39,152,97,124,54
2027-11-01,Monday,0,Autumn,Sunny,No Occasion,0,367,10.0,82,103,100,82
2027-11-02,Tuesday,0,Autumn,Cloudy,No Occasion,0,320,7.35,114,155,37,14
2027-11-03,Wednesday,0,Autumn,Cloudy,No Occasion,0,324,7.35,112,63,54,95
2027-11-04,Thursday,0,Autumn,Cloudy,No Occasion,0,256,6.37,79,69,100,8
2027-11-05,Friday,0,Autumn,Sunny,No Occasion,0,273,6.32,86,81,49,57
2027-11-06,Saturday,1,Autumn,Sunny,No Occasion,0,412,9.12,166,77,86,83
2027-11-07,Sunday,1,Autumn,Sunny,No Occasion,0,403,9.69,136,117,79,71
2027-11-08,Monday,0,Autumn,Sunny,Festival,1,600,16.22,79,182,140,199
2027-11-09,Tuesday,0,Autumn,Sunny,No Occasion,0,301,8.82,62,110,73,56
2027-11-10,Wednesday,0,Autumn,Sunny,Festival,1,543,13.2,115,99,173,156
2027-11-11,Thursday,0,Autumn,Sunny,No Occasion,0,334,7.9,97,100,58,79
2027-11-12,Friday,0,Autumn,Sunny,No Occasion,0,304,6.28,88,122,65,29
2027-11-13,Saturday,1,Autumn,Cloudy,No Occasion,0,402,8.54,127,79,91,105
2027-11-14,Sunday,1,Autumn,Cloudy,Festival,1,625,18.65,151,77,145,252
2027-11-15,Monday,0,Autumn,Cloudy,No Occasion,0,382,8.5,96,108,95,83
2027-11-16,Tuesday,0,Autumn,Sunny,No Occasion,0,262,7.65,108,69,39,46
2027-11-17,Wednesday,0,Autumn,Sunny,No Occasion,0,280,6.09,106,54,47,73
2027-11-18,Thursday,0,Autumn,Rainy,No Occasion,0,311,8.16,74,147,52,38
2027-11-19,Friday,0,Autumn,Cloudy,Festival,1,528,10.93,117,74,133,204
2027-11-20,Saturday,1,Autumn,Cloudy,Local Event,1,507,13.95,121,126,111,149
2027-11-21,Sunday,1,Autumn,Sunny,No Occasion,0,393,11.0,161,51,132,49
2027-11-22,Monday,0,Autumn,Sunny,No Occasion,0,294,6.86,86,86,44,78
2027-11-23,Tuesday,0,Autumn,Sunny,No Occasion,0,261,7.69,56,99,67,39
2027-11-24,Wednesday,0,Autumn,Cloudy,No Occasion,0,329,7.76,104,62,85,78
2027-11-25,Thursday,0,Autumn,Rainy,No Occasion,0,284,8.04,58,161,57,8
2027-11-26,Friday,0,Autumn,Cloudy,No Occasion,0,306,8.28,150,69,11,76
2027-11-27,Saturday,1,Autumn,Sunny,No Occasion,0,526,13.91,134,189,77,126
2027-11-28,Sunday,1,Autumn,Rainy,No Occasion,0,334,9.52,122,64,106,42
2027-11-29,Monday,0,Autumn,Sunny,Local Event,0,353,10.4,88,170,46,49
2027-11-30,Tuesday,0,Autumn,Sunny,Festival,1,551,11.31,85,144,125,197
2027-12-01,Wednesday,0,Winter,Foggy,No Occasion,0,334,6.94,87,66,90,91
2027-12-02,Thursday,0,Winter,Cold,Festival,1,502,12.08,116,84,82,220
2027-12-03,Friday,0,Winter,Cold,No Occasion,0,305,7.59,118,39,51,97
2027-12-04,Saturday,1,Winter,Sunny,No Occasion,0,450,12.62,151,115,124,60
2027-12-05,Sunday,1,Winter,Sunny,Festival,1,679,17.57,161,91,178,249
2027-12-06,Monday,0,Winter,Cold,No Occasion,0,288,5.93,100,44,48,96
2027-12-07,Tuesday,0,Winter,Cold,Festival,1,627,12.67,139,79,118,291
2027-12-08,Wednesday,0,Winter,Cold,No Occasion,1,354,10.22,91,76,31,156
2027-12-09,Thursday,0,Winter,Cold,Local Event,0,249,7.15,65,52,72,60
2027-12-10,Friday,0,Winter,Cold,No Occasion,0,333,6.96,87,87,65,94
2027-12-11,Saturday,1,Winter,Foggy,No Occasion,0,386,10.16,70,167,104,45
2027-12-12,Sunday,1,Winter,Foggy,No Occasion,0,339,8.9,99,86,81,73
2027-12-13,Monday,0,Winter,Rainy,No Occasion,0,212,5.22,64,68,7,73
2027-12-14,Tuesday,0,Winter,Foggy,No Occasion,0,293,8.15,99,79,58,57
2027-12-15,Wednesday,0,Winter,Cold,No Occasion,0,341,9.69,94,83,93,71
2027-12-16,Thursday,0,Winter,Foggy,No Occasion,0,269,6.38,101,67,30,71
2027-12-17,Friday,0,Winter,Cold,No Occasion,0,214,4.79,56,70,33,55
2027-12-18,Saturday,1,Winter,Sunny,Festival,1,723,19.48,144,44,232,303
2027-12-19,Sunday,1,Winter,Cold,Local Event,1,561,15.17,201,93,116,151
2027-12-20,Monday,0,Winter,Cold,No Occasion,0,174,3.58,47,46,25,56
2027-12-21,Tuesday,0,Winter,Foggy,No Occasion,0,266,7.66,98,76,21,71
2027-12-22,Wednesday,0,Winter,Cold,Festival,1,721,17.91,145,125,162,289
2027-12-23,Thursday,0,Winter,Sunny,No Occasion,0,271,7.08,66,70,52,83
2027-12-24,Friday,0,Winter,Cold,No Occasion,0,376,8.89,95,96,100,85
2027-12-25,Saturday,1,Winter,Sunny,No Occasion,0,422,9.34,156,60,69,137
2027-12-26,Sunday,1,Winter,Foggy,No Occasion,0,370,9.56,122,66,94,88
2027-12-27,Monday,0,Winter,Sunny,Festival,1,484,10.35,54,127,128,175
2027-12-28,Tuesday,0,Winter,Foggy,No Occasion,0,391,9.95,92,92,62,145
2027-12-29,Wednesday,0,Winter,Cold,No Occasion,0,285,8.26,75,72,52,86
2027-12-30,Thursday,0,Winter,Foggy,No Occasion,0,230,5.65,103,33,35,59
2027-12-31,Friday,0,Winter,Cold,No Occasion,0,271,5.61,93,55,62,61
2028-01-01,Saturday,1,Winter,Cold,No Occasion,0,461,12.46,160,60,70,171
2028-01-02,Sunday,1,Winter,Cold,No Occasion,0,468,11.37,122,102,72,172
2028-01-03,Monday,0,Winter,Cold,No Occasion,0,323,7.87,112,78,28,105
2028-01-04,Tuesday,0,Winter,Cold,No Occasion,0,338,9.62,81,112,44,101
2028-01-05,Wednesday,0,Winter,Foggy,No Occasion,0,326,7.83,151,73,49,53
2028-01-06,Thursday,0,Winter,Cold,Festival,1,510,14.36,142,75,100,193
2028-01-07,Friday,0,Winter,Foggy,No Occasion,0,268,8.04,82,34,84,68
2028-01-08,Saturday,1,Winter,Sunny,No Occasion,0,399,9.78,158,65,85,91
2028-01-09,Sunday,1,Winter,Sunny,Local Event,0,426,11.14,143,161,49,73
2028-01-10,Monday,0,Winter,Foggy,No Occasion,0,276,7.43,77,85,65,49
2028-01-11,Tuesday,0,Winter,Sunny,No Occasion,0,330,8.09,86,52,121,71
2028-01-12,Wednesday,0,Winter,Foggy,Local Event,0,362,10.5,98,68,105,91
2028-01-13,Thursday,0,Winter,Sunny,No Occasion,0,313,8.38,152,74,43,44
2028-01-14,Friday,0,Winter,Cold,No Occasion,0,375,9.09,89,43,101,142
2028-01-15,Saturday,1,Winter,Sunny,No Occasion,0,410,9.34,125,45,90,150
2028-01-16,Sunday,1,Winter,Cold,No Occasion,0,369,10.25,94,100,85,90
2028-01-17,Monday,0,Winter,Cold,Festival,0,462,12.24,75,100,151,136
2028-01-18,Tuesday,0,Winter,Cold,No Occasion,0,240,4.9,75,60,33,72
2028-01-19,Wednesday,0,Winter,Rainy,No Occasion,0,125,2.77,41,48,21,15
2028-01-20,Thursday,0,Winter,Foggy,No Occasion,0,209,5.24,30,66,66,47
2028-01-21,Friday,0,Winter,Rainy,No Occasion,0,216,6.21,69,60,36,51
2028-01-22,Saturday,1,Winter,Rainy,No Occasion,0,398,8.77,99,139,108,52
2028-01-23,Sunday,1,Winter,Cold,No Occasion,0,496,13.55,223,64,91,118
2028-01-24,Monday,0,Winter,Sunny,No Occasion,0,268,6.02,47,69,113,39
2028-01-25,Tuesday,0,Winter,Cold,No Occasion,0,325,6.55,92,75,64,94
2028-01-26,Wednesday,0,Winter,Sunny,No Occasion,0,269,5.82,98,77,22,72
2028-01-27,Thursday,0,Winter,Foggy,No Occasion,0,311,9.15,106,38,44,123
2028-01-28,Friday,0,Winter,Foggy,No Occasion,0,284,5.92,106,59,24,95
2028-01-29,Saturday,1,Winter,Cold,No Occasion,1,441,10.64,122,125,105,89
2028-01-30,Sunday,1,Winter,Foggy,No Occasion,0,289,6.17,126,50,40,73
2028-01-31,Monday,0,Winter,Cold,No Occasion,0,390,9.97,91,84,62,153
2028-02-01,Tuesday,0,Winter,Rainy,No Occasion,0,313,7.36,67,100,72,74
2028-02-02,Wednesday,0,Winter,Rainy,Festival,1,376,7.76,69,95,109,103
2028-02-03,Thursday,0,Winter,Sunny,No Occasion,0,248,5.62,107,33,46,62
2028-02-04,Friday,0,Winter,Rainy,No Occasion,0,270,5.83,77,85,26,82
2028-02-05,Saturday,1,Winter,Foggy,No Occasion,0,319,8.94,121,87,64,47
2028-02-06,Sunday,1,Winter,Sunny,No Occasion,0,434,12.76,123,105,118,88
2028-02-07,Monday,0,Winter,Cold,No Occasion,0,210,6.06,49,28,46,87
2028-02-08,Tuesday,0,Winter,Foggy,No Occasion,0,329,7.7,62,117,102,48
2028-02-09,Wednesday,0,Winter,Cold,No Occasion,0,269,6.37,68,61,65,75
2028-02-10,Thursday,0,Winter,Sunny,No Occasion,0,193,5.19,47,45,42,59
2028-02-11,Friday,0,Winter,Cold,Local Event,0,416,8.63,119,59,99,139
2028-02-12,Saturday,1,Winter,Cold,Festival,1,755,18.42,147,69,208,331
2028-02-13,Sunday,1,Winter,Rainy,No Occasion,0,297,7.86,72,95,91,39
2028-02-14,Monday,0,Winter,Sunny,Festival,1,561,15.99,83,94,117,267
2028-02-15,Tuesday,0,Winter,Sunny,No Occasion,0,266,5.41,72,107,57,30
2028-02-16,Wednesday,0,Winter,Cold,No Occasion,0,356,8.3,101,128,37,90
2028-02-17,Thursday,0,Winter,Foggy,No Occasion,0,252,6.28,73,79,27,73
2028-02-18,Friday,0,Winter,Cold,No Occasion,0,362,10.33,101,70,61,130
2028-02-19,Saturday,1,Winter,Sunny,No Occasion,0,469,10.29,125,101,160,83
2028-02-20,Sunday,1,Winter,Cold,Local Event,1,536,12.56,162,82,119,173
2028-02-21,Monday,0,Winter,Cold,No Occasion,0,313,6.71,102,71,50,90
2028-02-22,Tuesday,0,Winter,Foggy,No Occasion,0,309,6.38,72,48,82,107
2028-02-23,Wednesday,0,Winter,Sunny,No Occasion,0,288,6.88,84,64,73,67
2028-02-24,Thursday,0,Winter,Cold,No Occasion,0,311,6.56,86,58,69,98
2028-02-25,Friday,0,Winter,Sunny,No Occasion,0,329,6.93,128,86,42,73
2028-02-26,Saturday,1,Winter,Cold,No Occasion,0,445,11.25,154,53,91,147
2028-02-27,Sunday,1,Winter,Sunny,No Occasion,0,339,9.4,96,84,77,82
2028-02-28,Monday,0,Winter,Cold,No Occasion,0,391,9.97,118,75,86,112
2028-02-29,Tuesday,0,Winter,Cold,Local Event,0,240,6.41,73,58,57,52
2028-03-01,Wednesday,0,Summer,Sunny,No Occasion,0,333,9.57,81,141,98,13
2028-03-02,Thursday,0,Summer,Sunny,No Occasion,0,339,9.48,127,93,69,50
2028-03-03,Friday,0,Summer,Sunny,No Occasion,0,328,6.59,110,69,57,92
2028-03-04,Saturday,1,Summer,Sunny,No Occasion,0,470,12.76,226,116,101,27
2028-03-05,Sunday,1,Summer,Sunny,Festival,1,729,16.18,133,184,174,238
2028-03-06,Monday,0,Summer,Cloudy,No Occasion,0,363,8.27,105,100,10,148
2028-03-07,Tuesday,0,Summer,Cloudy,No Occasion,0,170,5.08,49,27,41,53
2028-03-08,Wednesday,0,Summer,Sunny,No Occasion,0,417,9.11,157,142,38,80
2028-03-09,Thursday,0,Summer,Sunny,Local Event,0,353,7.6,128,82,91,52
2028-03-10,Friday,0,Summer,Cloudy,No Occasion,0,275,5.6,27,137,79,32
2028-03-11,Saturday,1,Summer,Sunny,No Occasion,0,369,11.07,88,114,86,81
2028-03-12,Sunday,1,Summer,Sunny,No Occasion,0,360,8.85,153,97,93,17
2028-03-13,Monday,0,Summer,Cloudy,No Occasion,0,365,8.78,94,101,103,67
2028-03-14,Tuesday,0,Summer,Sunny,No Occasion,1,441,12.86,98,141,68,134
2028-03-15,Wednesday,0,Summer,Sunny,Festival,1,596,14.67,88,112,181,215
2028-03-16,Thursday,0,Summer,Sunny,No Occasion,0,253,7.35,74,121,20,38
2028-03-17,Friday,0,Summer,Sunny,No Occasion,0,463,13.19,138,174,76,75
2028-03-18,Saturday,1,Summer,Sunny,No Occasion,0,346,7.83,169,133,18,26
2028-03-19,Sunday,1,Summer,Sunny,No Occasion,0,439,12.8,116,158,130,35
2028-03-20,Monday,0,Summer,Cloudy,No Occasion,0,266,7.17,99,80,46,41
2028-03-21,Tuesday,0,Summer,Rainy,No Occasion,0,263,5.99,64,96,58,45
2028-03-22,Wednesday,0,Summer,Sunny,No Occasion,0,336,8.32,74,120,73,69
2028-03-23,Thursday,0,Summer,Cloudy,Festival,1,683,16.75,113,182,145,243
2028-03-24,Friday,0,Summer,Sunny,No Occasion,0,303,8.15,76,116,40,71
2028-03-25,Saturday,1,Summer,Sunny,No Occasion,0,466,12.11,131,179,96,60
2028-03-26,Sunday,1,Summer,Sunny,No Occasion,0,474,11.75,148,93,139,94
2028-03-27,Monday,0,Summer,Cloudy,No Occasion,0,328,9.16,79,115,65,69
2028-03-28,Tuesday,0,Summer,Sunny,Local Event,0,295,8.84,84,114,53,44
2028-03-29,Wednesday,0,Summer,Sunny,No Occasion,0,332,7.1,109,116,67,40
2028-03-30,Thursday,0,Summer,Sunny,No Occasion,0,310,6.73,91,112,63,44
2028-03-31,Friday,0,Summer,Cloudy,No Occasion,0,306,8.36,108,104,56,38
2028-04-01,Saturday,1,Summer,Sunny,Local Event,0,490,13.7,146,169,104,71
2028-04-02,Sunday,1,Summer,Sunny,No Occasion,0,378,9.37,129,74,105,70
2028-04-03,Monday,0,Summer,Cloudy,No Occasion,0,358,8.64,120,127,90,21
2028-04-04,Tuesday,0,Summer,Sunny,No Occasion,0,358,9.6,97,75,96,90
2028-04-05,Wednesday,0,Summer,Sunny,No Occasion,0,352,9.68,95,131,17,109
2028-04-06,Thursday,0,Summer,Sunny,No Occasion,0,340,9.84,100,129,57,54
2028-04-07,Friday,0,Summer,Sunny,No Occasion,0,363,8.39,141,81,85,56
2028-04-08,Saturday,1,Summer,Sunny,Local Event,1,494,12.68,193,97,113,91
2028-04-09,Sunday,1,Summer,Cloudy,No Occasion,0,358,9.59,121,117,70,50
2028-04-10,Monday,0,Summer,Cloudy,No Occasion,0,343,8.19,87,100,89,67
2028-04-11,Tuesday,0,Summer,Sunny,No Occasion,0,331,6.89,82,118,75,56
2028-04-12,Wednesday,0,Summer,Rainy,No Occasion,0,247,6.92,85,96,39,27
2028-04-13,Thursday,0,Summer,Cloudy,No Occasion,0,315,6.92,51,100,113,51
2028-04-14,Friday,0,Summer,Sunny,Festival,1,588,16.68,138,156,82,212
2028-04-15,Saturday,1,Summer,Sunny,No Occasion,0,469,9.69,142,190,50,87
2028-04-16,Sunday,1,Summer,Sunny,No Occasion,0,484,12.62,177,118,114,75
2028-04-17,Monday,0,Summer,Cloudy,No Occasion,0,295,7.4,64,118,71,42
2028-04-18,Tuesday,0,Summer,Sunny,Festival,1,657,17.24,97,225,104,231
2028-04-19,Wednesday,0,Summer,Rainy,No Occasion,0,158,4.54,27,58,33,40
2028-04-20,Thursday,0,Summer,Sunny,Festival,1,362,8.41,97,88,73,104
2028-04-21,Friday,0,Summer,Sunny,No Occasion,0,308,7.39,113,65,62,68
2028-04-22,Saturday,1,Summer,Sunny,No Occasion,0,361,10.8,179,120,33,29
2028-04-23,Sunday,1,Summer,Sunny,No Occasion,0,373,9.67,148,148,69,8
2028-04-24,Monday,0,Summer,Rainy,Festival,1,396,8.27,80,95,105,116
2028-04-25,Tuesday,0,Summer,Sunny,No Occasion,0,354,7.75,165,93,68,28
2028-04-26,Wednesday,0,Summer,Sunny,No Occasion,0,290,7.9,120,64,20,86
2028-04-27,Thursday,0,Summer,Sunny,No Occasion,0,338,7.61,102,102,76,58
2028-04-28,Friday,0,Summer,Cloudy,No Occasion,0,300,8.82,111,117,22,50
2028-04-29,Saturday,1,Summer,Cloudy,No Occasion,0,420,10.24,118,110,105,87
2028-04-30,Sunday,1,Summer,Sunny,Local Event,1,546,14.78,154,168,137,87
2028-05-01,Monday,0,Summer,Cloudy,No Occasion,0,350,9.24,101,91,65,93
2028-05-02,Tuesday,0,Summer,Cloudy,No Occasion,0,365,7.57,77,138,72,78
2028-05-03,Wednesday,0,Summer,Sunny,No Occasion,0,385,8.33,167,121,31,66
2028-05-04,Thursday,0,Summer,Sunny,No Occasion,0,215,5.66,87,80,43,5
2028-05-05,Friday,0,Summer,Sunny,Local Event,1,383,10.38,69,118,74,122
2028-05-06,Saturday,1,Summer,Sunny,Festival,1,585,16.97,125,117,136,207
2028-05-07,Sunday,1,Summer,Cloudy,Local Event,0,261,5.55,112,71,54,24
2028-05-08,Monday,0,Summer,Sunny,No Occasion,0,332,7.08,97,112,50,73
2028-05-09,Tuesday,0,Summer,Sunny,Festival,1,569,12.2,107,141,164,157
2028-05-10,Wednesday,0,Summer,Sunny,Local Event,0,299,6.26,81,86,74,58
2028-05-11,Thursday,0,Summer,Sunny,No Occasion,0,228,6.48,90,78,20,40
2028-05-12,Friday,0,Summer,Cloudy,No Occasion,0,330,7.17,101,125,72,32
2028-05-13,Saturday,1,Summer,Sunny,No Occasion,0,337,7.76,100,121,51,65
2028-05-14,Sunday,1,Summer,Sunny,No Occasion,0,427,11.51,173,121,86,47
2028-05-15,Monday,0,Summer,Sunny,Festival,1,683,14.39,122,201,136,224
2028-05-16,Tuesday,0,Summer,Sunny,Festival,1,603,16.18,106,127,170,200
2028-05-17,Wednesday,0,Summer,Sunny,No Occasion,0,288,7.5,119,67,56,46
2028-05-18,Thursday,0,Summer,Cloudy,Festival,1,497,13.85,96,64,148,189
2028-05-19,Friday,0,Summer,Rainy,Festival,1,377,11.09,81,116,103,77
2028-05-20,Saturday,1,Summer,Sunny,No Occasion,0,475,12.65,108,172,139,56
2028-05-21,Sunday,1,Summer,Sunny,No Occasion,0,391,10.8,174,102,45,70
2028-05-22,Monday,0,Summer,Sunny,Festival,1,557,13.91,153,95,118,191
2028-05-23,Tuesday,0,Summer,Sunny,No Occasion,0,236,5.54,125,67,28,16
2028-05-24,Wednesday,0,Summer,Cloudy,No Occasion,0,300,8.82,116,103,24,57
2028-05-25,Thursday,0,Summer,Sunny,No Occasion,0,294,6.04,112,61,116,5
2028-05-26,Friday,0,Summer,Cloudy,No Occasion,0,366,8.03,96,150,62,58
2028-05-27,Saturday,1,Summer,Sunny,No Occasion,0,345,9.96,112,98,80,55
2028-05-28,Sunday,1,Summer,Sunny,No Occasion,0,383,10.96,144,90,125,24
2028-05-29,Monday,0,Summer,Cloudy,No Occasion,0,378,7.97,104,143,54,77
2028-05-30,Tuesday,0,Summer,Cloudy,No Occasion,0,206,5.82,73,50,28,55
2028-05-31,Wednesday,0,Summer,Cloudy,No Occasion,0,249,6.13,88,106,31,24
2028-06-01,Thursday,0,Monsoon,Heavy Rain,No Occasion,0,182,4.73,49,86,36,11
2028-06-02,Friday,0,Monsoon,Rainy,No Occasion,0,234,6.32,112,88,9,25
2028-06-03,Saturday,1,Monsoon,Sunny,Festival,0,616,14.77,186,78,152,200
2028-06-04,Sunday,1,Monsoon,Cloudy,No Occasion,0,434,9.96,154,90,149,41
2028-06-05,Monday,0,Monsoon,Rainy,No Occasion,0,201,6.02,90,52,46,13
2028-06-06,Tuesday,0,Monsoon,Rainy,Local Event,0,328,9.12,130,167,13,18
2028-06-07,Wednesday,0,Monsoon,Rainy,No Occasion,0,287,5.86,83,124,66,14
2028-06-08,Thursday,0,Monsoon,Sunny,Festival,1,631,15.65,128,65,170,268
2028-06-09,Friday,0,Monsoon,Rainy,No Occasion,0,270,6.54,83,116,50,21
2028-06-10,Saturday,1,Monsoon,Rainy,No Occasion,0,343,8.94,126,101,81,35
2028-06-11,Sunday,1,Monsoon,Rainy,Festival,1,458,11.37,159,87,129,83
2028-06-12,Monday,0,Monsoon,Rainy,No Occasion,0,198,4.41,47,86,57,8
2028-06-13,Tuesday,0,Monsoon,Cloudy,No Occasion,0,250,5.43,77,86,54,33
2028-06-14,Wednesday,0,Monsoon,Rainy,No Occasion,0,357,9.46,119,139,68,31
2028-06-15,Thursday,0,Monsoon,Cloudy,Local Event,0,270,6.05,61,80,61,68
2028-06-16,Friday,0,Monsoon,Cloudy,No Occasion,0,388,10.72,98,50,150,90
2028-06-17,Saturday,1,Monsoon,Cloudy,No Occasion,0,412,9.61,134,62,149,67
2028-06-18,Sunday,1,Monsoon,Cloudy,No Occasion,0,433,10.89,160,116,97,60
2028-06-19,Monday,0,Monsoon,Rainy,No Occasion,0,296,5.93,95,107,70,24
2028-06-20,Tuesday,0,Monsoon,Rainy,Local Event,0,254,6.76,87,80,42,45
2028-06-21,Wednesday,0,Monsoon,Heavy Rain,No Occasion,0,133,3.79,46,35,37,15
2028-06-22,Thursday,0,Monsoon,Rainy,No Occasion,0,251,6.86,108,97,39,7
2028-06-23,Friday,0,Monsoon,Rainy,Festival,1,436,11.02,88,104,105,139
2028-06-24,Saturday,1,Monsoon,Heavy Rain,Festival,1,361,7.5,60,94,104,103
2028-06-25,Sunday,1,Monsoon,Heavy Rain,No Occasion,1,317,8.1,64,100,95,58
2028-06-26,Monday,0,Monsoon,Rainy,No Occasion,0,364,10.76,96,152,76,40
2028-06-27,Tuesday,0,Monsoon,Rainy,No Occasion,0,193,4.98,80,42,66,5
2028-06-28,Wednesday,0,Monsoon,Rainy,Festival,1,449,13.25,111,112,134,92
2028-06-29,Thursday,0,Monsoon,Rainy,No Occasion,0,226,5.7,74,74,59,19
2028-06-30,Friday,0,Monsoon,Rainy,No Occasion,0,246,6.03,56,104,58,28
2028-07-01,Saturday,1,Monsoon,Sunny,No Occasion,0,349,7.48,106,116,80,47
2028-07-02,Sunday,1,Monsoon,Cloudy,No Occasion,0,480,12.79,167,107,125,81
2028-07-03,Monday,0,Monsoon,Rainy,No Occasion,0,265,6.81,86,107,51,21
2028-07-04,Tuesday,0,Monsoon,Heavy Rain,No Occasion,0,206,5.66,57,113,23,13
2028-07-05,Wednesday,0,Monsoon,Heavy Rain,No Occasion,0,105,3.03,43,30,22,10
2028-07-06,Thursday,0,Monsoon,Heavy Rain,No Occasion,0,120,3.57,43,64,8,5
2028-07-07,Friday,0,Monsoon,Cloudy,No Occasion,0,248,7.09,115,53,45,35
2028-07-08,Saturday,1,Monsoon,Rainy,No Occasion,0,381,8.88,107,102,91,81
2028-07-09,Sunday,1,Monsoon,Rainy,Local Event,1,117,2.6,41,32,20,24
2028-07-10,Monday,0,Monsoon,Rainy,No Occasion,1,138,3.67,49,58,12,19
2028-07-11,Tuesday,0,Monsoon,Cloudy,No Occasion,0,293,7.59,62,65,63,103
2028-07-12,Wednesday,0,Monsoon,Rainy,No Occasion,0,174,3.76,63,68,39,4
2028-07-13,Thursday,0,Monsoon,Rainy,No Occasion,0,261,5.7,70,97,67,27
2028-07-14,Friday,0,Monsoon,Rainy,No Occasion,0,310,6.71,115,114,70,11
2028-07-15,Saturday,1,Monsoon,Heavy Rain,Local Event,0,232,6.3,75,79,45,33
2028-07-16,Sunday,1,Monsoon,Rainy,No Occasion,0,310,6.29,102,101,96,11
2028-07-17,Monday,0,Monsoon,Cloudy,No Occasion,0,330,6.83,120,83,78,49
2028-07-18,Tuesday,0,Monsoon,Rainy,No Occasion,0,208,4.75,76,68,43,21
2028-07-19,Wednesday,0,Monsoon,Rainy,No Occasion,0,251,5.72,61,101,59,30
2028-07-20,Thursday,0,Monsoon,Rainy,No Occasion,0,309,6.69,69,149,58,33
2028-07-21,Friday,0,Monsoon,Sunny,No Occasion,0,321,7.33,127,69,70,55
2028-07-22,Saturday,1,Monsoon,Heavy Rain,No Occasion,0,231,4.92,74,80,32,45
2028-07-23,Sunday,1,Monsoon,Rainy,No Occasion,0,309,7.62,97,88,105,19
2028-07-24,Monday,0,Monsoon,Cloudy,Festival,1,518,15.32,115,80,122,201
2028-07-25,Tuesday,0,Monsoon,Rainy,No Occasion,0,164,4.54,77,48,37,2
2028-07-26,Wednesday,0,Monsoon,Sunny,No Occasion,0,357,7.81,137,45,75,100
2028-07-27,Thursday,0,Monsoon,Sunny,No Occasion,0,270,8.09,58,97,53,62
2028-07-28,Friday,0,Monsoon,Sunny,No Occasion,0,271,7.87,119,54,63,35
2028-07-29,Saturday,1,Monsoon,Rainy,Festival,1,310,7.74,53,67,100,90
2028-07-30,Sunday,1,Monsoon,Rainy,No Occasion,0,311,6.76,124,100,65,22
2028-07-31,Monday,0,Monsoon,Heavy Rain,No Occasion,0,233,5.63,96,40,48,49
2028-08-01,Tuesday,0,Monsoon,Cloudy,No Occasion,0,307,8.7,114,83,75,35
2028-08-02,Wednesday,0,Monsoon,Rainy,Local Event,0,206,4.51,67,89,31,19
2028-08-03,Thursday,0,Monsoon,Cloudy,Festival,1,700,20.74,159,183,141,217
2028-08-04,Friday,0,Monsoon,Cloudy,No Occasion,1,414,10.04,109,84,110,111
2028-08-05,Saturday,1,Monsoon,Rainy,No Occasion,0,351,7.94,126,84,72,69
2028-08-06,Sunday,1,Monsoon,Heavy Rain,No Occasion,0,364,10.26,99,119,89,57
2028-08-07,Monday,0,Monsoon,Cloudy,No Occasion,0,302,6.68,101,123,50,28
2028-08-08,Tuesday,0,Monsoon,Cloudy,No Occasion,0,372,7.7,118,139,47,68
2028-08-09,Wednesday,0,Monsoon,Heavy Rain,No Occasion,0,240,6.42,99,75,57,9
2028-08-10,Thursday,0,Monsoon,Rainy,No Occasion,1,187,4.59,51,66,36,34
2028-08-11,Friday,0,Monsoon,Cloudy,No Occasion,0,325,7.38,122,82,91,30
2028-08-12,Saturday,1,Monsoon,Rainy,No Occasion,0,295,7.4,129,115,40,11
2028-08-13,Sunday,1,Monsoon,Rainy,No Occasion,0,312,6.7,137,114,52,9
2028-08-14,Monday,0,Monsoon,Cloudy,No Occasion,0,220,5.26,110,33,59,18
2028-08-15,Tuesday,0,Monsoon,Rainy,Festival,1,350,9.06,56,104,76,114
2028-08-16,Wednesday,0,Monsoon,Cloudy,No Occasion,0,266,7.7,113,61,52,40
2028-08-17,Thursday,0,Monsoon,Cloudy,Festival,1,561,16.82,122,96,134,209
2028-08-18,Friday,0,Monsoon,Sunny,No Occasion,0,367,8.71,160,50,100,57
2028-08-19,Saturday,1,Monsoon,Heavy Rain,No Occasion,0,161,4.54,63,60,29,9
2028-08-20,Sunday,1,Monsoon,Sunny,No Occasion,0,447,11.46,165,95,122,65
2028-08-21,Monday,0,Monsoon,Rainy,No Occasion,0,238,6.46,69,89,54,26
2028-08-22,Tuesday,0,Monsoon,Cloudy,No Occasion,0,278,8.17,82,82,53,61
2028-08-23,Wednesday,0,Monsoon,Rainy,No Occasion,1,198,4.87,48,65,23,62
2028-08-24,Thursday,0,Monsoon,Sunny,No Occasion,0,279,6.68,87,64,57,71
2028-08-25,Friday,0,Monsoon,Rainy,No Occasion,0,303,8.26,131,122,28,22
2028-08-26,Saturday,1,Monsoon,Rainy,No Occasion,0,338,7.82,116,84,109,29
2028-08-27,Sunday,1,Monsoon,Heavy Rain,No Occasion,0,317,8.59,119,89,59,50
2028-08-28,Monday,0,Monsoon,Cloudy,No Occasion,0,406,9.27,106,109,92,99
2028-08-29,Tuesday,0,Monsoon,Cloudy,No Occasion,0,253,7.3,77,81,52,43
2028-08-30,Wednesday,0,Monsoon,Sunny,No Occasion,0,235,6.63,54,67,75,39
2028-08-31,Thursday,0,Monsoon,Heavy Rain,Festival,0,323,8.94,51,93,110,69
2028-09-01,Friday,0,Monsoon,Rainy,No Occasion,0,307,7.46,96,94,86,31
2028-09-02,Saturday,1,Monsoon,Rainy,No Occasion,1,305,8.86,92,72,75,66
2028-09-03,Sunday,1,Monsoon,Heavy Rain,Festival,1,409,10.13,121,115,87,86
2028-09-04,Monday,0,Monsoon,Heavy Rain,Festival,1,214,5.71,45,65,38,66
2028-09-05,Tuesday,0,Monsoon,Cloudy,No Occasion,0,323,7.04,140,95,52,36
2028-09-06,Wednesday,0,Monsoon,Sunny,No Occasion,0,234,6.97,87,28,70,49
2028-09-07,Thursday,0,Monsoon,Rainy,No Occasion,0,253,6.95,90,117,28,18
2028-09-08,Friday,0,Monsoon,Rainy,No Occasion,0,266,7.04,71,86,36,73
2028-09-09,Saturday,1,Monsoon,Cloudy,Local Event,1,555,12.62,155,147,106,147
2028-09-10,Sunday,1,Monsoon,Cloudy,Festival,1,760,21.57,169,146,216,229
2028-09-11,Monday,0,Monsoon,Cloudy,No Occasion,1,419,9.96,158,82,71,108
2028-09-12,Tuesday,0,Monsoon,Cloudy,No Occasion,0,331,9.68,111,134,83,3
2028-09-13,Wednesday,0,Monsoon,Cloudy,No Occasion,0,243,5.23,74,88,59,22
2028-09-14,Thursday,0,Monsoon,Sunny,No Occasion,0,292,6.12,41,93,63,95
2028-09-15,Friday,0,Monsoon,Rainy,No Occasion,0,211,5.42,51,75,47,38
2028-09-16,Saturday,1,Monsoon,Rainy,No Occasion,0,341,9.25,103,110,94,34
2028-09-17,Sunday,1,Monsoon,Heavy Rain,No Occasion,0,292,7.94,102,88,75,27
2028-09-18,Monday,0,Monsoon,Rainy,No Occasion,0,302,7.99,96,116,65,25
2028-09-19,Tuesday,0,Monsoon,Sunny,No Occasion,0,345,9.98,110,96,76,63
2028-09-20,Wednesday,0,Monsoon,Sunny,Local Event,0,279,7.11,120,58,53,48
2028-09-21,Thursday,0,Monsoon,Rainy,No Occasion,0,291,6.48,80,118,72,21
2028-09-22,Friday,0,Monsoon,Heavy Rain,Festival,1,235,4.92,74,63,40,58
2028-09-23,Saturday,1,Monsoon,Rainy,No Occasion,0,375,9.55,69,129,152,25
2028-09-24,Sunday,1,Monsoon,Cloudy,No Occasion,0,410,9.54,147,89,95,79
2028-09-25,Monday,0,Monsoon,Heavy Rain,No Occasion,0,145,2.92,47,60,10,28
2028-09-26,Tuesday,0,Monsoon,Cloudy,No Occasion,0,344,7.36,56,110,76,102
2028-09-27,Wednesday,0,Monsoon,Cloudy,Festival,1,621,13.9,94,136,197,194
2028-09-28,Thursday,0,Monsoon,Rainy,No Occasion,0,254,7.26,58,166,21,9
2028-09-29,Friday,0,Monsoon,Cloudy,Festival,1,544,11.73,125,96,156,167
2028-09-30,Saturday,1,Monsoon,Rainy,No Occasion,0,318,7.94,86,92,108,32
2028-10-01,Sunday,1,Autumn,Sunny,No Occasion,1,628,16.37,197,152,131,148
2028-10-02,Monday,0,Autumn,Rainy,No Occasion,0,241,6.37,53,90,52,46
2028-10-03,Tuesday,0,Autumn,Cloudy,No Occasion,0,239,6.43,61,72,42,64
2028-10-04,Wednesday,0,Autumn,Sunny,No Occasion,0,294,8.53,97,74,27,96
2028-10-05,Thursday,0,Autumn,Sunny,No Occasion,0,304,6.36,74,95,36,99
2028-10-06,Friday,0,Autumn,Sunny,Local Event,1,328,9.41,123,64,74,67
2028-10-07,Saturday,1,Autumn,Rainy,Festival,1,441,10.63,91,97,112,141
2028-10-08,Sunday,1,Autumn,Cloudy,No Occasion,1,422,10.3,152,80,117,73
2028-10-09,Monday,0,Autumn,Sunny,No Occasion,0,332,9.2,108,64,86,74
2028-10-10,Tuesday,0,Autumn,Cloudy,No Occasion,0,213,4.65,88,51,49,25
2028-10-11,Wednesday,0,Autumn,Sunny,No Occasion,0,246,5.77,69,68,48,61
2028-10-12,Thursday,0,Autumn,Sunny,No Occasion,0,222,6.34,62,40,52,68
2028-10-13,Friday,0,Autumn,Cloudy,Festival,1,511,11.46,131,127,113,140
2028-10-14,Saturday,1,Autumn,Sunny,No Occasion,0,378,8.69,174,98,97,9
2028-10-15,Sunday,1,Autumn,Rainy,No Occasion,0,375,7.53,127,114,122,12
2028-10-16,Monday,0,Autumn,Sunny,No Occasion,0,280,6.95,83,71,57,69
2028-10-17,Tuesday,0,Autumn,Sunny,No Occasion,1,455,13.06,98,178,82,97
2028-10-18,Wednesday,0,Autumn,Sunny,No Occasion,0,358,9.46,108,134,48,68
2028-10-19,Thursday,0,Autumn,Sunny,No Occasion,0,355,7.47,110,68,109,68
2028-10-20,Friday,0,Autumn,Rainy,No Occasion,0,259,6.77,99,70,19,71
2028-10-21,Saturday,1,Autumn,Sunny,No Occasion,0,414,10.47,123,100,85,106
2028-10-22,Sunday,1,Autumn,Sunny,No Occasion,0,388,8.57,112,60,65,151
2028-10-23,Monday,0,Autumn,Rainy,No Occasion,0,280,6.81,109,107,50,14
2028-10-24,Tuesday,0,Autumn,Cloudy,No Occasion,0,296,7.72,98,90,60,48
2028-10-25,Wednesday,0,Autumn,Cloudy,No Occasion,0,367,9.01,140,132,6,89
2028-10-26,Thursday,0,Autumn,Cloudy,Festival,1,581,17.25,165,95,142,179
2028-10-27,Friday,0,Autumn,Sunny,No Occasion,0,249,6.7,46,92,76,35
2028-10-28,Saturday,1,Autumn,Cloudy,No Occasion,1,460,12.28,176,81,78,125
2028-10-29,Sunday,1,Autumn,Cloudy,No Occasion,0,429,10.87,162,99,82,86
2028-10-30,Monday,0,Autumn,Rainy,No Occasion,0,232,4.93,89,71,53,19
2028-10-31,Tuesday,0,Autumn,Cloudy,No Occasion,0,328,9.7,100,72,74,82
2028-11-01,Wednesday,0,Autumn,Sunny,No Occasion,0,253,7.24,86,66,59,42
2028-11-02,Thursday,0,Autumn,Cloudy,No Occasion,0,296,7.62,130,80,78,8
2028-11-03,Friday,0,Autumn,Sunny,Local Event,0,283,7.31,118,73,7,85
2028-11-04,Saturday,1,Autumn,Sunny,No Occasion,0,295,8.62,110,93,49,43
2028-11-05,Sunday,1,Autumn,Sunny,No Occasion,0,478,12.18,190,114,146,28
2028-11-06,Monday,0,Autumn,Sunny,No Occasion,0,380,9.22,102,127,77,74
2028-11-07,Tuesday,0,Autumn,Rainy,No Occasion,0,221,5.72,73,72,57,19
2028-11-08,Wednesday,0,Autumn,Cloudy,No Occasion,0,381,10.3,127,120,83,51
2028-11-09,Thursday,0,Autumn,Cloudy,Local Event,1,430,11.19,132,79,87,132
2028-11-10,Friday,0,Autumn,Rainy,No Occasion,0,291,6.85,102,92,64,33
2028-11-11,Saturday,1,Autumn,Sunny,Festival,0,600,15.96,145,119,264,72
2028-11-12,Sunday,1,Autumn,Cloudy,No Occasion,0,380,9.99,149,59,99,73
2028-11-13,Monday,0,Autumn,Sunny,No Occasion,0,369,7.7,100,143,45,81
2028-11-14,Tuesday,0,Autumn,Sunny,No Occasion,0,295,6.85,84,92,57,62
2028-11-15,Wednesday,0,Autumn,Sunny,Festival,1,363,9.95,72,68,105,118
2028-11-16,Thursday,0,Autumn,Cloudy,Local Event,1,360,9.02,113,82,47,118
2028-11-17,Friday,0,Autumn,Cloudy,No Occasion,0,337,7.25,142,101,52,42
2028-11-18,Saturday,1,Autumn,Sunny,No Occasion,0,444,13.04,172,102,119,51
2028-11-19,Sunday,1,Autumn,Sunny,No Occasion,0,396,8.93,167,84,60,85
2028-11-20,Monday,0,Autumn,Cloudy,No Occasion,0,342,8.86,108,58,106,70
2028-11-21,Tuesday,0,Autumn,Sunny,No Occasion,0,323,7.43,99,79,88,57
2028-11-22,Wednesday,0,Autumn,Sunny,Local Event,0,264,7.32,115,99,27,23
2028-11-23,Thursday,0,Autumn,Sunny,No Occasion,0,252,5.06,101,27,76,48
2028-11-24,Friday,0,Autumn,Cloudy,No Occasion,0,406,10.32,159,119,65,63
2028-11-25,Saturday,1,Autumn,Sunny,No Occasion,0,351,7.71,163,69,109,10
2028-11-26,Sunday,1,Autumn,Sunny,No Occasion,0,416,10.86,155,61,113,87
2028-11-27,Monday,0,Autumn,Sunny,No Occasion,0,302,7.7,156,60,41,45
2028-11-28,Tuesday,0,Autumn,Cloudy,No Occasion,0,375,9.85,140,60,127,48
2028-11-29,Wednesday,0,Autumn,Cloudy,No Occasion,0,294,7.63,84,81,69,60
2028-11-30,Thursday,0,Autumn,Cloudy,No Occasion,0,285,5.79,103,70,74,38
2028-12-01,Friday,0,Winter,Cold,No Occasion,0,376,11.13,128,111,49,88
2028-12-02,Saturday,1,Winter,Cold,No Occasion,0,445,9.29,155,105,110,75
2028-12-03,Sunday,1,Winter,Cold,No Occasion,0,356,9.59,99,58,82,117
2028-12-04,Monday,0,Winter,Rainy,No Occasion,0,273,6.73,95,83,43,52
2028-12-05,Tuesday,0,Winter,Cold,No Occasion,1,335,8.98,68,59,78,130
2028-12-06,Wednesday,0,Winter,Sunny,No Occasion,0,327,6.97,103,99,39,86
2028-12-07,Thursday,0,Winter,Sunny,Local Event,0,337,8.57,100,70,70,97
2028-12-08,Friday,0,Winter,Foggy,No Occasion,0,248,4.98,73,81,31,63
2028-12-09,Saturday,1,Winter,Foggy,Festival,1,500,13.43,59,139,105,197
2028-12-10,Sunday,1,Winter,Sunny,No Occasion,0,382,8.37,174,117,11,80
2028-12-11,Monday,0,Winter,Sunny,No Occasion,0,363,9.47,102,128,94,39
2028-12-12,Tuesday,0,Winter,Cold,Local Event,0,368,8.69,102,81,71,114
2028-12-13,Wednesday,0,Winter,Foggy,Local Event,1,438,9.58,139,90,64,145
2028-12-14,Thursday,0,Winter,Sunny,No Occasion,0,347,7.91,87,63,65,132
2028-12-15,Friday,0,Winter,Cold,No Occasion,1,441,12.48,97,136,36,172
2028-12-16,Saturday,1,Winter,Cold,No Occasion,0,487,11.71,178,73,79,157
2028-12-17,Sunday,1,Winter,Foggy,Festival,0,523,13.54,154,206,42,121
2028-12-18,Monday,0,Winter,Sunny,No Occasion,0,302,7.21,54,60,88,100
2028-12-19,Tuesday,0,Winter,Cold,No Occasion,0,257,6.3,78,83,12,84
2028-12-20,Wednesday,0,Winter,Cold,Local Event,0,333,9.53,160,57,41,75
2028-12-21,Thursday,0,Winter,Sunny,No Occasion,0,250,5.44,76,34,75,65
2028-12-22,Friday,0,Winter,Cold,No Occasion,0,299,7.0,63,79,33,124
2028-12-23,Saturday,1,Winter,Cold,Local Event,1,539,12.64,120,103,115,201
2028-12-24,Sunday,1,Winter,Cold,No Occasion,0,362,7.76,108,115,61,78
2028-12-25,Monday,0,Winter,Cold,No Occasion,0,388,8.54,104,9,156,119
2028-12-26,Tuesday,0,Winter,Cold,No Occasion,0,350,9.05,99,123,42,86
2028-12-27,Wednesday,0,Winter,Cold,Local Event,0,244,5.11,50,70,67,57
2028-12-28,Thursday,0,Winter,Cold,No Occasion,0,289,6.04,51,97,62,79
2028-12-29,Friday,0,Winter,Sunny,No Occasion,0,313,7.07,134,103,28,48
2028-12-30,Saturday,1,Winter,Cold,Local Event,1,233,5.15,97,55,33,48
2028-12-31,Sunday,1,Winter,Cold,No Occasion,0,407,11.06,135,68,100,104
2029-01-01,Monday,0,Winter,Sunny,No Occasion,1,460,12.03,173,125,85,77
2029-01-02,Tuesday,0,Winter,Cold,No Occasion,0,286,6.67,60,69,42,115
2029-01-03,Wednesday,0,Winter,Cold,No Occasion,0,297,6.87,121,39,43,94
2029-01-04,Thursday,0,Winter,Sunny,No Occasion,0,295,8.26,107,83,43,62
2029-01-05,Friday,0,Winter,Foggy,No Occasion,0,301,8.66,126,85,48,42
2029-01-06,Saturday,1,Winter,Sunny,No Occasion,0,477,11.37,125,139,91,122
2029-01-07,Sunday,1,Winter,Foggy,No Occasion,0,390,8.47,113,127,75,75
2029-01-08,Monday,0,Winter,Foggy,No Occasion,0,324,6.52,119,59,41,105
2029-01-09,Tuesday,0,Winter,Cold,No Occasion,0,395,9.94,194,71,17,113
2029-01-10,Wednesday,0,Winter,Foggy,No Occasion,0,288,7.03,104,51,65,68
2029-01-11,Thursday,0,Winter,Rainy,No Occasion,0,279,7.67,108,89,45,37
2029-01-12,Friday,0,Winter,Foggy,Festival,1,530,15.24,131,80,148,171
2029-01-13,Saturday,1,Winter,Foggy,No Occasion,0,368,10.1,114,49,110,95
2029-01-14,Sunday,1,Winter,Sunny,No Occasion,0,459,9.31,197,19,121,122
2029-01-15,Monday,0,Winter,Sunny,No Occasion,1,376,9.81,49,96,97,134
2029-01-16,Tuesday,0,Winter,Rainy,No Occasion,0,239,5.14,71,64,41,63
2029-01-17,Wednesday,0,Winter,Cold,No Occasion,0,266,7.81,101,53,30,82
2029-01-18,Thursday,0,Winter,Sunny,Local Event,1,353,9.48,98,60,67,128
2029-01-19,Friday,0,Winter,Foggy,No Occasion,0,383,10.76,179,48,57,99
2029-01-20,Saturday,1,Winter,Foggy,No Occasion,0,377,10.05,104,90,127,56
2029-01-21,Sunday,1,Winter,Rainy,Festival,1,512,10.58,83,105,127,197
2029-01-22,Monday,0,Winter,Foggy,No Occasion,0,301,8.79,91,117,19,74
2029-01-23,Tuesday,0,Winter,Foggy,No Occasion,0,281,7.72,79,38,44,120
2029-01-24,Wednesday,0,Winter,Foggy,No Occasion,0,217,6.13,60,28,56,73
2029-01-25,Thursday,0,Winter,Sunny,Local Event,1,362,9.34,100,54,115,93
2029-01-26,Friday,0,Winter,Sunny,No Occasion,0,312,6.96,129,51,73,59
2029-01-27,Saturday,1,Winter,Cold,No Occasion,0,357,9.1,129,11,96,121
2029-01-28,Sunday,1,Winter,Sunny,Festival,1,629,15.42,164,75,183,207
2029-01-29,Monday,0,Winter,Foggy,No Occasion,0,346,10.22,71,106,83,86
2029-01-30,Tuesday,0,Winter,Cold,No Occasion,0,405,10.64,105,92,82,126
2029-01-31,Wednesday,0,Winter,Cold,No Occasion,0,311,9.28,121,15,85,90
2029-02-01,Thursday,0,Winter,Sunny,No Occasion,0,290,6.15,81,73,40,96
2029-02-02,Friday,0,Winter,Cold,Local Event,0,333,8.3,84,108,65,76
2029-02-03,Saturday,1,Winter,Cold,No Occasion,0,430,12.74,137,87,80,126
2029-02-04,Sunday,1,Winter,Sunny,No Occasion,0,415,8.64,108,105,101,101
2029-02-05,Monday,0,Winter,Foggy,No Occasion,0,326,7.79,138,59,73,56
2029-02-06,Tuesday,0,Winter,Cold,No Occasion,0,374,8.05,96,88,76,114
2029-02-07,Wednesday,0,Winter,Sunny,Festival,1,731,16.63,173,124,145,289
2029-02-08,Thursday,0,Winter,Cold,No Occasion,0,328,9.71,89,85,36,118
2029-02-09,Friday,0,Winter,Cold,Festival,1,558,15.07,102,110,148,198
2029-02-10,Saturday,1,Winter,Foggy,No Occasion,0,466,10.02,160,123,99,84
2029-02-11,Sunday,1,Winter,Sunny,No Occasion,0,326,9.59,109,83,32,102
2029-02-12,Monday,0,Winter,Rainy,No Occasion,0,227,5.7,51,86,33,57
2029-02-13,Tuesday,0,Winter,Cold,No Occasion,0,310,7.84,104,55,70,81
2029-02-14,Wednesday,0,Winter,Cold,No Occasion,0,323,8.68,98,78,49,98
2029-02-15,Thursday,0,Winter,Sunny,No Occasion,0,310,7.96,109,69,62,70
2029-02-16,Friday,0,Winter,Foggy,Festival,1,569,13.45,138,22,195,214
2029-02-17,Saturday,1,Winter,Sunny,No Occasion,0,499,14.03,187,68,63,181
2029-02-18,Sunday,1,Winter,Sunny,Local Event,1,669,18.38,210,127,103,229
2029-02-19,Monday,0,Winter,Sunny,Festival,1,501,11.75,105,94,124,178
2029-02-20,Tuesday,0,Winter,Cold,No Occasion,0,354,9.47,114,75,47,118
2029-02-21,Wednesday,0,Winter,Cold,Festival,1,580,16.41,86,59,83,352
2029-02-22,Thursday,0,Winter,Cold,No Occasion,0,302,8.64,79,54,81,88
2029-02-23,Friday,0,Winter,Sunny,Festival,1,628,15.98,112,129,152,235
2029-02-24,Saturday,1,Winter,Foggy,No Occasion,0,497,11.59,204,52,95,146
2029-02-25,Sunday,1,Winter,Sunny,No Occasion,0,366,8.64,115,73,87,91
2029-02-26,Monday,0,Winter,Rainy,No Occasion,0,306,8.24,73,86,85,62
2029-02-27,Tuesday,0,Winter,Foggy,No Occasion,0,278,7.57,89,76,52,61
2029-02-28,Wednesday,0,Winter,Cold,Festival,1,516,14.37,149,94,90,183
2029-03-01,Thursday,0,Summer,Rainy,No Occasion,0,285,8.06,68,101,47,69
2029-03-02,Friday,0,Summer,Sunny,Local Event,0,315,9.45,114,79,53,69
2029-03-03,Saturday,1,Summer,Cloudy,No Occasion,0,393,11.28,123,133,99,38
2029-03-04,Sunday,1,Summer,Sunny,No Occasion,0,411,11.58,72,145,117,77
2029-03-05,Monday,0,Summer,Sunny,No Occasion,0,399,11.2,88,135,60,116
2029-03-06,Tuesday,0,Summer,Sunny,No Occasion,0,326,6.62,96,112,68,50
2029-03-07,Wednesday,0,Summer,Sunny,No Occasion,0,353,8.23,88,123,76,66
2029-03-08,Thursday,0,Summer,Sunny,No Occasion,0,373,10.39,87,114,84,88
2029-03-09,Friday,0,Summer,Sunny,No Occasion,0,368,10.82,163,80,100,25
2029-03-10,Saturday,1,Summer,Sunny,Festival,1,621,15.63,208,137,57,219
2029-03-11,Sunday,1,Summer,Cloudy,No Occasion,0,432,10.79,147,116,89,80
2029-03-12,Monday,0,Summer,Sunny,No Occasion,0,217,4.96,48,86,36,47
2029-03-13,Tuesday,0,Summer,Sunny,Festival,0,479,10.7,106,139,119,115
2029-03-14,Wednesday,0,Summer,Sunny,No Occasion,0,277,5.85,38,81,123,35
2029-03-15,Thursday,0,Summer,Rainy,No Occasion,0,326,8.44,100,138,80,8
2029-03-16,Friday,0,Summer,Cloudy,No Occasion,0,345,7.88,68,154,56,67
2029-03-17,Saturday,1,Summer,Cloudy,No Occasion,0,386,10.33,97,155,79,55
2029-03-18,Sunday,1,Summer,Cloudy,No Occasion,0,295,7.22,109,85,56,45
2029-03-19,Monday,0,Summer,Sunny,No Occasion,0,333,8.1,104,143,11,75
2029-03-20,Tuesday,0,Summer,Sunny,No Occasion,0,330,6.68,123,104,45,58
2029-03-21,Wednesday,0,Summer,Rainy,Festival,1,370,10.51,74,148,68,80
2029-03-22,Thursday,0,Summer,Cloudy,No Occasion,0,295,7.43,93,101,43,58
2029-03-23,Friday,0,Summer,Rainy,Local Event,0,303,6.21,78,117,41,67
2029-03-24,Saturday,1,Summer,Sunny,No Occasion,0,337,7.92,111,102,80,44
2029-03-25,Sunday,1,Summer,Sunny,No Occasion,0,437,10.83,142,113,105,77
2029-03-26,Monday,0,Summer,Sunny,No Occasion,0,328,9.09,67,105,90,66
2029-03-27,Tuesday,0,Summer,Cloudy,No Occasion,0,351,10.49,158,74,93,26
2029-03-28,Wednesday,0,Summer,Cloudy,No Occasion,0,340,9.44,109,90,117,24
2029-03-29,Thursday,0,Summer,Sunny,No Occasion,0,353,9.84,128,139,50,36
2029-03-30,Friday,0,Summer,Cloudy,No Occasion,0,287,8.56,66,96,69,56
2029-03-31,Saturday,1,Summer,Rainy,No Occasion,0,269,7.12,118,75,52,24
2029-04-01,Sunday,1,Summer,Rainy,No Occasion,0,282,6.99,82,96,63,41
2029-04-02,Monday,0,Summer,Cloudy,No Occasion,0,263,7.0,63,97,60,43
2029-04-03,Tuesday,0,Summer,Sunny,Festival,1,580,12.27,98,138,149,195
2029-04-04,Wednesday,0,Summer,Cloudy,No Occasion,0,291,5.83,85,79,98,29
2029-04-05,Thursday,0,Summer,Sunny,No Occasion,0,226,4.54,75,45,45,61
2029-04-06,Friday,0,Summer,Sunny,No Occasion,0,294,6.38,113,112,34,35
2029-04-07,Saturday,1,Summer,Sunny,No Occasion,0,296,7.89,94,70,119,13
2029-04-08,Sunday,1,Summer,Sunny,No Occasion,0,335,9.74,142,50,65,78
2029-04-09,Monday,0,Summer,Sunny,No Occasion,0,296,6.44,49,139,56,52
2029-04-10,Tuesday,0,Summer,Sunny,No Occasion,0,307,7.1,100,75,50,82
2029-04-11,Wednesday,0,Summer,Sunny,No Occasion,1,408,10.91,127,94,104,83
2029-04-12,Thursday,0,Summer,Cloudy,No Occasion,0,345,10.07,97,123,67,58
2029-04-13,Friday,0,Summer,Cloudy,No Occasion,0,300,6.97,81,130,29,60
2029-04-14,Saturday,1,Summer,Rainy,Festival,1,486,11.5,111,160,100,115
2029-04-15,Sunday,1,Summer,Cloudy,No Occasion,0,403,8.81,121,99,144,39
2029-04-16,Monday,0,Summer,Sunny,No Occasion,0,374,10.14,136,131,60,47
2029-04-17,Tuesday,0,Summer,Sunny,Local Event,0,353,10.37,139,67,71,76
2029-04-18,Wednesday,0,Summer,Cloudy,No Occasion,0,442,12.95,94,163,114,71
2029-04-19,Thursday,0,Summer,Cloudy,No Occasion,0,253,5.14,68,87,45,53
2029-04-20,Friday,0,Summer,Cloudy,Festival,1,575,15.45,134,87,125,229
2029-04-21,Saturday,1,Summer,Sunny,No Occasion,0,443,12.95,154,120,88,81
2029-04-22,Sunday,1,Summer,Sunny,No Occasion,0,368,8.63,127,77,104,60
2029-04-23,Monday,0,Summer,Cloudy,No Occasion,0,351,7.44,92,103,101,55
2029-04-24,Tuesday,0,Summer,Sunny,No Occasion,0,293,6.71,118,111,56,8
2029-04-25,Wednesday,0,Summer,Rainy,No Occasion,0,260,5.73,73,93,34,60
2029-04-26,Thursday,0,Summer,Sunny,No Occasion,0,276,6.07,121,59,79,17
2029-04-27,Friday,0,Summer,Sunny,Festival,1,558,13.4,144,160,124,130
2029-04-28,Saturday,1,Summer,Sunny,No Occasion,0,397,8.59,179,116,57,45
2029-04-29,Sunday,1,Summer,Rainy,No Occasion,0,322,6.7,129,115,59,19
2029-04-30,Monday,0,Summer,Cloudy,No Occasion,0,314,7.81,130,85,74,25
2029-05-01,Tuesday,0,Summer,Sunny,No Occasion,0,272,6.89,58,96,46,72
2029-05-02,Wednesday,0,Summer,Sunny,No Occasion,0,344,8.07,121,104,31,88
2029-05-03,Thursday,0,Summer,Sunny,No Occasion,0,257,6.61,111,81,31,34
2029-05-04,Friday,0,Summer,Cloudy,No Occasion,1,455,9.34,118,155,89,93
2029-05-05,Saturday,1,Summer,Sunny,Local Event,1,600,12.99,185,204,123,88
2029-05-06,Sunday,1,Summer,Cloudy,No Occasion,0,395,8.22,107,130,74,84
2029-05-07,Monday,0,Summer,Sunny,Festival,1,598,13.61,150,145,150,153
2029-05-08,Tuesday,0,Summer,Cloudy,No Occasion,0,408,9.73,125,117,65,101
2029-05-09,Wednesday,0,Summer,Cloudy,No Occasion,0,298,6.85,94,91,50,63
2029-05-10,Thursday,0,Summer,Rainy,No Occasion,0,159,3.99,43,72,22,22
2029-05-11,Friday,0,Summer,Sunny,No Occasion,0,357,8.8,103,106,86,62
2029-05-12,Saturday,1,Summer,Sunny,Festival,0,663,16.18,129,156,211,167
2029-05-13,Sunday,1,Summer,Cloudy,No Occasion,0,414,8.31,164,117,63,70
2029-05-14,Monday,0,Summer,Rainy,No Occasion,0,291,7.82,84,124,46,37
2029-05-15,Tuesday,0,Summer,Sunny,Local Event,0,314,7.04,62,103,40,109
2029-05-16,Wednesday,0,Summer,Sunny,Festival,1,608,13.74,127,108,183,190
2029-05-17,Thursday,0,Summer,Sunny,Local Event,1,381,10.67,104,154,76,47
2029-05-18,Friday,0,Summer,Sunny,No Occasion,0,366,7.93,129,123,102,12
2029-05-19,Saturday,1,Summer,Sunny,No Occasion,0,514,12.16,150,116,149,99
2029-05-20,Sunday,1,Summer,Sunny,Festival,1,697,15.47,84,136,205,272
2029-05-21,Monday,0,Summer,Sunny,Local Event,1,408,11.13,114,130,74,90
2029-05-22,Tuesday,0,Summer,Cloudy,No Occasion,0,368,8.09,84,99,106,79
2029-05-23,Wednesday,0,Summer,Sunny,Festival,1,559,16.17,76,147,112,224
2029-05-24,Thursday,0,Summer,Sunny,No Occasion,0,347,7.69,148,85,79,35
2029-05-25,Friday,0,Summer,Sunny,Festival,1,512,14.07,96,123,135,158
2029-05-26,Saturday,1,Summer,Sunny,No Occasion,0,358,10.53,135,101,71,51
2029-05-27,Sunday,1,Summer,Cloudy,No Occasion,0,446,11.65,136,130,120,60
2029-05-28,Monday,0,Summer,Sunny,No Occasion,0,349,7.24,147,102,51,49
2029-05-29,Tuesday,0,Summer,Rainy,No Occasion,0,195,4.58,78,79,18,20
2029-05-30,Wednesday,0,Summer,Cloudy,No Occasion,0,369,7.78,99,156,67,47
2029-05-31,Thursday,0,Summer,Rainy,No Occasion,0,289,6.37,58,134,60,37
2029-06-01,Friday,0,Monsoon,Sunny,No Occasion,0,323,6.63,127,100,65,31
2029-06-02,Saturday,1,Monsoon,Sunny,No Occasion,0,435,13.02,182,117,63,73
2029-06-03,Sunday,1,Monsoon,Rainy,Local Event,1,300,6.76,91,110,50,49
2029-06-04,Monday,0,Monsoon,Rainy,No Occasion,0,194,4.24,88,70,19,17
2029-06-05,Tuesday,0,Monsoon,Heavy Rain,No Occasion,0,216,5.46,51,108,30,27
2029-06-06,Wednesday,0,Monsoon,Sunny,No Occasion,0,270,6.46,94,39,40,97
2029-06-07,Thursday,0,Monsoon,Rainy,No Occasion,0,156,4.54,41,60,46,9
2029-06-08,Friday,0,Monsoon,Heavy Rain,No Occasion,0,151,4.15,52,53,41,5
2029-06-09,Saturday,1,Monsoon,Sunny,Festival,1,710,16.47,223,95,187,205
2029-06-10,Sunday,1,Monsoon,Rainy,No Occasion,0,347,7.33,127,103,76,41
2029-06-11,Monday,0,Monsoon,Cloudy,No Occasion,0,267,6.44,68,70,60,69
2029-06-12,Tuesday,0,Monsoon,Heavy Rain,No Occasion,1,215,5.99,63,62,40,50
2029-06-13,Wednesday,0,Monsoon,Sunny,No Occasion,0,339,9.1,107,123,46,63
2029-06-14,Thursday,0,Monsoon,Heavy Rain,No Occasion,0,334,8.74,59,123,77,75
2029-06-15,Friday,0,Monsoon,Rainy,No Occasion,0,350,8.21,104,113,79,54
2029-06-16,Saturday,1,Monsoon,Rainy,Festival,0,514,14.42,164,128,97,125
2029-06-17,Sunday,1,Monsoon,Heavy Rain,No Occasion,1,205,4.22,59,58,60,28
2029-06-18,Monday,0,Monsoon,Cloudy,No Occasion,0,146,3.16,51,39,36,20
2029-06-19,Tuesday,0,Monsoon,Cloudy,No Occasion,0,255,5.59,107,89,22,37
2029-06-20,Wednesday,0,Monsoon,Heavy Rain,Festival,1,380,9.59,42,151,84,103
2029-06-21,Thursday,0,Monsoon,Sunny,No Occasion,0,354,7.73,133,103,50,68
2029-06-22,Friday,0,Monsoon,Cloudy,No Occasion,0,382,8.43,132,92,99,59
2029-06-23,Saturday,1,Monsoon,Cloudy,No Occasion,0,436,9.93,272,70,72,22
2029-06-24,Sunday,1,Monsoon,Cloudy,No Occasion,0,251,6.14,93,57,47,54
2029-06-25,Monday,0,Monsoon,Cloudy,No Occasion,0,256,6.24,61,86,59,50
2029-06-26,Tuesday,0,Monsoon,Cloudy,No Occasion,0,405,10.22,74,125,157,49
2029-06-27,Wednesday,0,Monsoon,Rainy,Local Event,0,189,5.33,47,67,29,46
2029-06-28,Thursday,0,Monsoon,Rainy,No Occasion,0,217,5.32,43,90,45,39
2029-06-29,Friday,0,Monsoon,Rainy,No Occasion,0,288,6.85,70,104,92,22
2029-06-30,Saturday,1,Monsoon,Cloudy,No Occasion,0,463,11.26,164,88,112,99
2029-07-01,Sunday,1,Monsoon,Rainy,Festival,1,453,9.59,113,86,130,124
2029-07-02,Monday,0,Monsoon,Heavy Rain,No Occasion,0,233,6.74,72,104,34,23
2029-07-03,Tuesday,0,Monsoon,Rainy,No Occasion,0,320,7.92,110,155,32,23
2029-07-04,Wednesday,0,Monsoon,Rainy,No Occasion,0,204,5.76,63,87,13,41
2029-07-05,Thursday,0,Monsoon,Heavy Rain,No Occasion,1,248,5.89,75,73,51,49
2029-07-06,Friday,0,Monsoon,Cloudy,No Occasion,0,317,6.78,141,59,63,54
2029-07-07,Saturday,1,Monsoon,Cloudy,Local Event,1,479,10.94,173,133,109,64
2029-07-08,Sunday,1,Monsoon,Cloudy,No Occasion,0,445,12.19,176,80,116,73
2029-07-09,Monday,0,Monsoon,Rainy,No Occasion,0,302,7.46,123,83,67,29
2029-07-10,Tuesday,0,Monsoon,Rainy,No Occasion,0,192,5.65,70,59,27,36
2029-07-11,Wednesday,0,Monsoon,Rainy,No Occasion,0,199,4.86,44,69,53,33
2029-07-12,Thursday,0,Monsoon,Cloudy,No Occasion,0,375,10.11,139,130,21,85
2029-07-13,Friday,0,Monsoon,Cloudy,No Occasion,0,295,6.0,83,51,80,81
2029-07-14,Saturday,1,Monsoon,Heavy Rain,No Occasion,1,289,8.51,98,70,49,72
2029-07-15,Sunday,1,Monsoon,Rainy,No Occasion,0,474,13.32,169,175,78,52
2029-07-16,Monday,0,Monsoon,Rainy,No Occasion,0,195,4.73,64,76,26,29
2029-07-17,Tuesday,0,Monsoon,Rainy,No Occasion,0,336,8.84,60,128,90,58
2029-07-18,Wednesday,0,Monsoon,Rainy,No Occasion,0,257,5.94,51,164,30,12
2029-07-19,Thursday,0,Monsoon,Heavy Rain,Festival,1,433,10.56,91,82,124,136
2029-07-20,Friday,0,Monsoon,Cloudy,No Occasion,0,232,4.7,96,67,50,19
2029-07-21,Saturday,1,Monsoon,Sunny,No Occasion,0,468,10.94,188,34,176,70
2029-07-22,Sunday,1,Monsoon,Cloudy,No Occasion,0,304,6.15,144,54,66,40
2029-07-23,Monday,0,Monsoon,Heavy Rain,No Occasion,1,100,2.55,22,38,20,20
2029-07-24,Tuesday,0,Monsoon,Sunny,Local Event,0,276,6.16,88,104,32,52
2029-07-25,Wednesday,0,Monsoon,Sunny,No Occasion,0,344,7.5,96,95,85,68
2029-07-26,Thursday,0,Monsoon,Sunny,No Occasion,0,361,10.63,104,95,95,67
2029-07-27,Friday,0,Monsoon,Rainy,Local Event,1,195,4.66,77,84,22,12
2029-07-28,Saturday,1,Monsoon,Rainy,No Occasion,0,376,9.91,140,108,104,24
2029-07-29,Sunday,1,Monsoon,Rainy,Local Event,1,315,7.33,106,94,56,59
2029-07-30,Monday,0,Monsoon,Rainy,Local Event,1,259,5.9,61,117,56,25
2029-07-31,Tuesday,0,Monsoon,Cloudy,Festival,1,530,15.85,150,103,76,201
2029-08-01,Wednesday,0,Monsoon,Cloudy,No Occasion,0,258,5.84,79,42,74,63
2029-08-02,Thursday,0,Monsoon,Rainy,No Occasion,0,195,5.55,68,93,30,4
2029-08-03,Friday,0,Monsoon,Rainy,No Occasion,0,294,6.71,94,99,69,32
2029-08-04,Saturday,1,Monsoon,Rainy,No Occasion,0,390,9.63,108,100,116,66
2029-08-05,Sunday,1,Monsoon,Rainy,Local Event,1,343,9.25,95,88,109,51
2029-08-06,Monday,0,Monsoon,Rainy,Festival,1,399,11.14,103,72,91,133
2029-08-07,Tuesday,0,Monsoon,Sunny,Local Event,1,412,10.91,164,47,57,144
2029-08-08,Wednesday,0,Monsoon,Cloudy,Festival,1,549,11.82,109,104,173,163
2029-08-09,Thursday,0,Monsoon,Sunny,No Occasion,0,380,7.62,100,130,68,82
2029-08-10,Friday,0,Monsoon,Rainy,Festival,1,390,8.18,54,98,138,100
2029-08-11,Saturday,1,Monsoon,Rainy,No Occasion,0,328,7.77,142,88,89,9
2029-08-12,Sunday,1,Monsoon,Sunny,Festival,0,499,10.56,130,99,194,76
2029-08-13,Monday,0,Monsoon,Cloudy,No Occasion,0,382,10.33,127,117,93,45
2029-08-14,Tuesday,0,Monsoon,Rainy,No Occasion,0,275,5.85,85,126,42,22
2029-08-15,Wednesday,0,Monsoon,Rainy,No Occasion,0,297,7.92,100,69,85,43
2029-08-16,Thursday,0,Monsoon,Cloudy,No Occasion,1,454,12.53,119,119,118,98
2029-08-17,Friday,0,Monsoon,Heavy Rain,No Occasion,0,184,4.09,72,54,34,24
2029-08-18,Saturday,1,Monsoon,Cloudy,No Occasion,0,480,14.2,158,157,120,45
2029-08-19,Sunday,1,Monsoon,Heavy Rain,Festival,1,399,9.47,133,81,85,100
2029-08-20,Monday,0,Monsoon,Heavy Rain,No Occasion,1,178,5.21,49,47,26,56
2029-08-21,Tuesday,0,Monsoon,Heavy Rain,No Occasion,1,178,4.38,33,76,36,33
2029-08-22,Wednesday,0,Monsoon,Rainy,No Occasion,0,213,4.77,81,79,46,7
2029-08-23,Thursday,0,Monsoon,Cloudy,Festival,1,500,14.07,91,31,197,181
2029-08-24,Friday,0,Monsoon,Cloudy,No Occasion,0,335,9.59,133,60,49,93
2029-08-25,Saturday,1,Monsoon,Rainy,No Occasion,0,436,12.76,134,133,83,86
2029-08-26,Sunday,1,Monsoon,Heavy Rain,No Occasion,1,362,9.11,95,125,88,54
2029-08-27,Monday,0,Monsoon,Cloudy,No Occasion,0,398,11.35,172,141,58,27
2029-08-28,Tuesday,0,Monsoon,Rainy,No Occasion,0,290,8.41,91,112,51,36
2029-08-29,Wednesday,0,Monsoon,Cloudy,No Occasion,0,265,5.33,37,81,65,82
2029-08-30,Thursday,0,Monsoon,Sunny,No Occasion,0,315,8.59,159,63,15,78
2029-08-31,Friday,0,Monsoon,Cloudy,Local Event,0,339,7.37,95,83,88,73
2029-09-01,Saturday,1,Monsoon,Sunny,No Occasion,0,384,9.47,110,52,112,110
2029-09-02,Sunday,1,Monsoon,Sunny,No Occasion,0,382,7.82,140,126,75,41
2029-09-03,Monday,0,Monsoon,Heavy Rain,No Occasion,1,209,4.37,79,65,39,26
2029-09-04,Tuesday,0,Monsoon,Rainy,No Occasion,0,253,6.11,57,92,64,40
2029-09-05,Wednesday,0,Monsoon,Cloudy,No Occasion,0,355,9.47,129,82,74,70
2029-09-06,Thursday,0,Monsoon,Rainy,Festival,1,295,7.85,86,75,55,79
2029-09-07,Friday,0,Monsoon,Rainy,No Occasion,0,214,4.6,66,65,51,32
2029-09-08,Saturday,1,Monsoon,Heavy Rain,Festival,1,422,9.67,109,119,105,89
2029-09-09,Sunday,1,Monsoon,Cloudy,No Occasion,0,431,10.95,151,103,98,79
2029-09-10,Monday,0,Monsoon,Cloudy,Festival,1,619,17.63,151,136,113,219
2029-09-11,Tuesday,0,Monsoon,Sunny,Festival,1,590,14.28,173,119,100,198
2029-09-12,Wednesday,0,Monsoon,Heavy Rain,No Occasion,0,240,7.05,69,100,55,16
2029-09-13,Thursday,0,Monsoon,Rainy,No Occasion,0,217,4.62,88,83,34,12
2029-09-14,Friday,0,Monsoon,Cloudy,No Occasion,0,365,10.57,109,114,52,90
2029-09-15,Saturday,1,Monsoon,Rainy,No Occasion,0,279,7.86,83,90,91,15
2029-09-16,Sunday,1,Monsoon,Sunny,No Occasion,0,333,7.69,116,108,85,24
2029-09-17,Monday,0,Monsoon,Rainy,No Occasion,0,227,5.47,86,85,44,12
2029-09-18,Tuesday,0,Monsoon,Rainy,No Occasion,0,280,8.27,104,123,18,35
2029-09-19,Wednesday,0,Monsoon,Heavy Rain,No Occasion,0,191,4.43,70,50,36,35
2029-09-20,Thursday,0,Monsoon,Heavy Rain,No Occasion,0,171,4.6,45,61,27,38
2029-09-21,Friday,0,Monsoon,Rainy,No Occasion,0,222,4.45,69,49,67,37
2029-09-22,Saturday,1,Monsoon,Rainy,Local Event,0,390,10.34,157,117,105,11
2029-09-23,Sunday,1,Monsoon,Rainy,No Occasion,1,305,6.51,82,84,72,67
2029-09-24,Monday,0,Monsoon,Rainy,No Occasion,0,152,3.69,69,35,38,10
2029-09-25,Tuesday,0,Monsoon,Rainy,No Occasion,0,342,8.86,59,125,115,43
2029-09-26,Wednesday,0,Monsoon,Heavy Rain,Festival,0,274,7.68,96,36,80,62
2029-09-27,Thursday,0,Monsoon,Sunny,No Occasion,0,329,8.56,135,88,91,15
2029-09-28,Friday,0,Monsoon,Cloudy,No Occasion,0,285,7.17,73,66,77,69
2029-09-29,Saturday,1,Monsoon,Cloudy,No Occasion,0,430,12.81,163,144,87,36
2029-09-30,Sunday,1,Monsoon,Cloudy,No Occasion,0,276,5.59,87,67,71,51
2029-10-01,Monday,0,Autumn,Cloudy,No Occasion,0,333,6.79,135,75,49,74
2029-10-02,Tuesday,0,Autumn,Cloudy,No Occasion,0,354,7.93,162,83,52,57
2029-10-03,Wednesday,0,Autumn,Sunny,No Occasion,0,294,8.44,124,38,84,48
2029-10-04,Thursday,0,Autumn,Cloudy,No Occasion,0,318,8.53,117,90,36,75
2029-10-05,Friday,0,Autumn,Cloudy,No Occasion,0,337,6.92,118,120,40,59
2029-10-06,Saturday,1,Autumn,Sunny,No Occasion,0,410,10.32,160,77,113,60
2029-10-07,Sunday,1,Autumn,Cloudy,No Occasion,0,470,10.8,204,145,103,18
2029-10-08,Monday,0,Autumn,Cloudy,No Occasion,0,325,8.84,120,83,63,59
2029-10-09,Tuesday,0,Autumn,Rainy,No Occasion,0,172,3.6,55,54,27,36
2029-10-10,Wednesday,0,Autumn,Cloudy,Local Event,0,349,7.18,152,108,18,71
2029-10-11,Thursday,0,Autumn,Sunny,No Occasion,0,254,5.29,82,66,55,51
2029-10-12,Friday,0,Autumn,Rainy,No Occasion,0,290,7.84,59,124,86,21
2029-10-13,Saturday,1,Autumn,Cloudy,Festival,1,687,16.28,196,122,147,222
2029-10-14,Sunday,1,Autumn,Rainy,No Occasion,0,370,8.12,122,125,57,66
2029-10-15,Monday,0,Autumn,Sunny,No Occasion,0,232,5.54,94,66,51,21
2029-10-16,Tuesday,0,Autumn,Sunny,No Occasion,0,416,10.03,136,138,115,27
2029-10-17,Wednesday,0,Autumn,Sunny,No Occasion,0,370,7.41,160,135,49,26
2029-10-18,Thursday,0,Autumn,Rainy,No Occasion,0,314,6.96,62,133,112,7
2029-10-19,Friday,0,Autumn,Cloudy,No Occasion,0,235,4.89,71,80,35,49
2029-10-20,Saturday,1,Autumn,Sunny,Local Event,1,526,12.54,204,72,155,95
2029-10-21,Sunday,1,Autumn,Cloudy,No Occasion,0,440,10.33,178,87,95,80
2029-10-22,Monday,0,Autumn,Sunny,No Occasion,0,340,7.63,82,100,97,61
2029-10-23,Tuesday,0,Autumn,Sunny,No Occasion,0,284,8.39,64,105,80,35
2029-10-24,Wednesday,0,Autumn,Sunny,No Occasion,0,292,6.51,66,99,107,20
2029-10-25,Thursday,0,Autumn,Cloudy,No Occasion,0,302,8.56,103,40,94,65
2029-10-26,Friday,0,Autumn,Sunny,No Occasion,0,251,5.13,108,53,59,31
2029-10-27,Saturday,1,Autumn,Rainy,No Occasion,1,360,9.28,154,109,73,24
2029-10-28,Sunday,1,Autumn,Cloudy,No Occasion,0,352,7.08,160,69,78,45
2029-10-29,Monday,0,Autumn,Sunny,Local Event,0,318,9.34,104,77,73,64
2029-10-30,Tuesday,0,Autumn,Sunny,No Occasion,0,357,9.98,132,110,54,61
2029-10-31,Wednesday,0,Autumn,Cloudy,Festival,0,422,10.16,128,129,88,77
2029-11-01,Thursday,0,Autumn,Sunny,No Occasion,0,358,9.72,92,110,73,83
2029-11-02,Friday,0,Autumn,Sunny,No Occasion,0,366,8.2,140,115,35,76
2029-11-03,Saturday,1,Autumn,Sunny,No Occasion,0,368,10.15,138,68,99,63
2029-11-04,Sunday,1,Autumn,Cloudy,No Occasion,0,480,10.49,134,132,78,136
2029-11-05,Monday,0,Autumn,Sunny,No Occasion,0,275,5.68,114,62,47,52
2029-11-06,Tuesday,0,Autumn,Cloudy,No Occasion,0,325,8.93,123,50,78,74
2029-11-07,Wednesday,0,Autumn,Cloudy,No Occasion,0,223,4.51,58,59,75,31
2029-11-08,Thursday,0,Autumn,Rainy,No Occasion,0,239,5.27,69,112,50,8
2029-11-09,Friday,0,Autumn,Sunny,No Occasion,0,329,8.31,114,104,73,38
2029-11-10,Saturday,1,Autumn,Sunny,No Occasion,1,524,11.4,149,154,136,85
2029-11-11,Sunday,1,Autumn,Rainy,No Occasion,0,406,10.88,118,115,136,37
2029-11-12,Monday,0,Autumn,Sunny,No Occasion,0,264,6.09,74,79,48,63
2029-11-13,Tuesday,0,Autumn,Sunny,No Occasion,0,346,7.04,180,77,41,48
2029-11-14,Wednesday,0,Autumn,Cloudy,Festival,0,449,12.07,149,60,125,115
2029-11-15,Thursday,0,Autumn,Cloudy,No Occasion,0,264,7.88,108,62,41,53
2029-11-16,Friday,0,Autumn,Sunny,No Occasion,0,347,8.76,153,75,83,36
2029-11-17,Saturday,1,Autumn,Sunny,Local Event,0,376,11.13,114,111,59,92
2029-11-18,Sunday,1,Autumn,Sunny,No Occasion,0,290,8.67,106,47,75,62
2029-11-19,Monday,0,Autumn,Sunny,No Occasion,0,372,10.76,147,111,105,9
2029-11-20,Tuesday,0,Autumn,Cloudy,No Occasion,0,308,8.15,98,69,95,46
2029-11-21,Wednesday,0,Autumn,Cloudy,No Occasion,0,424,12.5,112,73,128,111
2029-11-22,Thursday,0,Autumn,Cloudy,Local Event,1,405,9.95,105,122,73,105
2029-11-23,Friday,0,Autumn,Cloudy,No Occasion,0,318,7.66,124,83,77,34
2029-11-24,Saturday,1,Autumn,Cloudy,No Occasion,0,482,10.01,162,116,124,80
2029-11-25,Sunday,1,Autumn,Cloudy,Local Event,0,506,12.85,199,115,129,63
2029-11-26,Monday,0,Autumn,Cloudy,No Occasion,0,309,8.27,90,75,93,51
2029-11-27,Tuesday,0,Autumn,Rainy,No Occasion,0,265,5.68,94,92,38,41
2029-11-28,Wednesday,0,Autumn,Cloudy,No Occasion,0,254,6.82,99,33,46,76
2029-11-29,Thursday,0,Autumn,Sunny,No Occasion,0,256,7.09,77,83,68,28
2029-11-30,Friday,0,Autumn,Sunny,No Occasion,0,229,5.53,53,105,56,15
2029-12-01,Saturday,1,Winter,Sunny,No Occasion,0,349,7.32,159,85,56,49
2029-12-02,Sunday,1,Winter,Sunny,No Occasion,0,259,7.56,102,44,78,35
2029-12-03,Monday,0,Winter,Foggy,No Occasion,0,232,5.37,57,49,42,84
2029-12-04,Tuesday,0,Winter,Sunny,No Occasion,0,287,7.69,80,94,31,82
2029-12-05,Wednesday,0,Winter,Sunny,No Occasion,0,326,7.72,83,71,94,78
2029-12-06,Thursday,0,Winter,Cold,No Occasion,0,380,9.86,96,70,90,124
2029-12-07,Friday,0,Winter,Foggy,No Occasion,0,283,8.34,74,54,82,73
2029-12-08,Saturday,1,Winter,Sunny,No Occasion,0,432,9.83,130,124,66,112
2029-12-09,Sunday,1,Winter,Cold,No Occasion,0,468,9.57,134,131,94,109
2029-12-10,Monday,0,Winter,Cold,No Occasion,0,255,5.96,67,47,59,82
2029-12-11,Tuesday,0,Winter,Foggy,No Occasion,0,185,4.65,53,25,57,50
2029-12-12,Wednesday,0,Winter,Cold,No Occasion,0,313,8.43,102,63,48,100
2029-12-13,Thursday,0,Winter,Sunny,No Occasion,0,281,6.92,74,48,61,98
2029-12-14,Friday,0,Winter,Foggy,No Occasion,0,311,8.89,92,112,71,36
2029-12-15,Saturday,1,Winter,Cold,No Occasion,0,374,9.49,136,66,72,100
2029-12-16,Sunday,1,Winter,Foggy,No Occasion,0,321,8.64,123,60,38,100
2029-12-17,Monday,0,Winter,Sunny,No Occasion,0,327,9.62,87,65,73,102
2029-12-18,Tuesday,0,Winter,Cold,No Occasion,1,458,9.88,80,196,37,145
2029-12-19,Wednesday,0,Winter,Foggy,No Occasion,0,367,9.02,84,21,168,94
2029-12-20,Thursday,0,Winter,Sunny,No Occasion,0,270,7.87,64,61,45,100
2029-12-21,Friday,0,Winter,Foggy,Festival,1,567,14.98,96,97,137,237
2029-12-22,Saturday,1,Winter,Sunny,Local Event,0,421,8.83,169,119,72,61
2029-12-23,Sunday,1,Winter,Cold,Local Event,1,566,12.87,211,88,68,199
2029-12-24,Monday,0,Winter,Cold,No Occasion,0,360,8.86,91,70,110,89
2029-12-25,Tuesday,0,Winter,Sunny,No Occasion,0,346,10.06,104,84,77,81
2029-12-26,Wednesday,0,Winter,Sunny,No Occasion,0,301,8.03,100,67,65,69
2029-12-27,Thursday,0,Winter,Foggy,No Occasion,0,362,9.76,119,75,64,104
2029-12-28,Friday,0,Winter,Cold,No Occasion,0,405,10.06,125,64,106,110
2029-12-29,Saturday,1,Winter,Sunny,No Occasion,0,349,7.86,85,112,90,62
2029-12-30,Sunday,1,Winter,Cold,Local Event,1,524,12.62,132,80,117,195
2029-12-31,Monday,0,Winter,Foggy,Festival,1,597,14.74,138,77,163,219
2030-01-01,Tuesday,0,Winter,Cold,No Occasion,1,314,9.3,47,53,56,158
2030-01-02,Wednesday,0,Winter,Cold,No Occasion,0,389,7.81,117,111,43,118
2030-01-03,Thursday,0,Winter,Cold,No Occasion,0,340,8.6,106,76,85,73
2030-01-04,Friday,0,Winter,Sunny,Local Event,1,448,10.62,166,51,69,162
2030-01-05,Saturday,1,Winter,Cold,No Occasion,0,473,10.14,158,91,87,137
2030-01-06,Sunday,1,Winter,Cold,Festival,1,712,16.06,171,121,145,275
2030-01-07,Monday,0,Winter,Sunny,No Occasion,0,248,6.77,61,50,57,80
2030-01-08,Tuesday,0,Winter,Cold,No Occasion,0,323,7.11,122,79,28,94
2030-01-09,Wednesday,0,Winter,Sunny,No Occasion,0,371,10.16,117,92,70,92
2030-01-10,Thursday,0,Winter,Rainy,No Occasion,0,228,5.81,59,87,51,31
2030-01-11,Friday,0,Winter,Sunny,No Occasion,0,391,10.61,156,119,23,93
2030-01-12,Saturday,1,Winter,Cold,No Occasion,0,418,8.52,124,87,94,113
2030-01-13,Sunday,1,Winter,Foggy,No Occasion,0,316,8.14,131,72,49,64
2030-01-14,Monday,0,Winter,Cold,No Occasion,0,248,7.42,50,62,50,86
2030-01-15,Tuesday,0,Winter,Foggy,Festival,1,466,12.01,100,92,102,172
2030-01-16,Wednesday,0,Winter,Sunny,No Occasion,0,284,6.55,51,97,58,78
2030-01-17,Thursday,0,Winter,Sunny,No Occasion,0,288,7.67,66,71,73,78
2030-01-18,Friday,0,Winter,Cold,No Occasion,0,348,8.73,97,90,62,99
2030-01-19,Saturday,1,Winter,Rainy,No Occasion,0,348,6.97,136,107,80,25
2030-01-20,Sunday,1,Winter,Cold,No Occasion,0,439,10.41,97,90,100,152
2030-01-21,Monday,0,Winter,Cold,No Occasion,0,327,7.54,92,82,57,96
2030-01-22,Tuesday,0,Winter,Rainy,No Occasion,0,318,7.95,110,84,48,76
2030-01-23,Wednesday,0,Winter,Cold,No Occasion,0,249,7.37,43,64,47,95
2030-01-24,Thursday,0,Winter,Cold,No Occasion,1,358,7.91,62,87,91,118
2030-01-25,Friday,0,Winter,Rainy,No Occasion,0,278,6.11,76,64,96,42
2030-01-26,Saturday,1,Winter,Cold,Festival,1,644,15.02,129,113,145,257
2030-01-27,Sunday,1,Winter,Foggy,No Occasion,0,272,7.37,131,69,34,38
2030-01-28,Monday,0,Winter,Cold,No Occasion,0,366,7.93,99,141,45,81
2030-01-29,Tuesday,0,Winter,Sunny,No Occasion,0,328,8.1,114,92,73,49
2030-01-30,Wednesday,0,Winter,Cold,Festival,1,439,12.19,113,122,56,148
2030-01-31,Thursday,0,Winter,Foggy,No Occasion,0,247,7.12,143,74,5,25
2030-02-01,Friday,0,Winter,Sunny,No Occasion,0,287,7.63,45,93,60,89
2030-02-02,Saturday,1,Winter,Cold,No Occasion,0,423,10.68,103,84,71,165
2030-02-03,Sunday,1,Winter,Foggy,No Occasion,0,451,9.97,201,114,65,71
2030-02-04,Monday,0,Winter,Cold,No Occasion,0,373,7.46,96,66,69,142
2030-02-05,Tuesday,0,Winter,Cold,No Occasion,0,317,9.38,91,49,80,97
2030-02-06,Wednesday,0,Winter,Cold,No Occasion,0,359,8.9,107,72,88,92
2030-02-07,Thursday,0,Winter,Cold,No Occasion,0,272,6.13,74,72,57,69
2030-02-08,Friday,0,Winter,Foggy,No Occasion,0,340,8.53,89,87,52,112
2030-02-09,Saturday,1,Winter,Sunny,No Occasion,0,314,9.05,97,38,100,79
2030-02-10,Sunday,1,Winter,Foggy,No Occasion,0,393,8.6,143,57,91,102
2030-02-11,Monday,0,Winter,Cold,No Occasion,1,445,9.77,87,109,20,229
2030-02-12,Tuesday,0,Winter,Cold,No Occasion,0,233,5.23,92,47,27,67
2030-02-13,Wednesday,0,Winter,Rainy,Local Event,0,185,4.04,50,95,30,10
2030-02-14,Thursday,0,Winter,Cold,No Occasion,0,322,9.31,84,96,49,93
2030-02-15,Friday,0,Winter,Cold,No Occasion,0,290,6.3,101,40,66,83
2030-02-16,Saturday,1,Winter,Cold,No Occasion,0,415,8.94,161,60,100,94
2030-02-17,Sunday,1,Winter,Sunny,No Occasion,0,431,11.18,104,133,81,113
2030-02-18,Monday,0,Winter,Rainy,No Occasion,0,360,9.45,57,79,84,140
2030-02-19,Tuesday,0,Winter,Rainy,No Occasion,0,227,4.83,72,71,38,46
2030-02-20,Wednesday,0,Winter,Cold,No Occasion,0,304,8.46,89,76,52,87
2030-02-21,Thursday,0,Winter,Rainy,No Occasion,0,273,6.84,64,82,70,57
2030-02-22,Friday,0,Winter,Sunny,No Occasion,0,273,8.19,101,61,58,53
2030-02-23,Saturday,1,Winter,Sunny,No Occasion,0,408,10.75,143,100,79,86
2030-02-24,Sunday,1,Winter,Cold,No Occasion,0,494,13.49,144,119,63,168
2030-02-25,Monday,0,Winter,Rainy,No Occasion,0,264,6.67,89,102,41,32
2030-02-26,Tuesday,0,Winter,Cold,Local Event,0,319,9.0,55,77,59,128
2030-02-27,Wednesday,0,Winter,Rainy,No Occasion,0,201,4.69,42,69,48,42
2030-02-28,Thursday,0,Winter,Cold,No Occasion,0,268,7.0,64,121,19,64
2030-03-01,Friday,0,Summer,Sunny,No Occasion,0,378,7.92,97,124,64,93
2030-03-02,Saturday,1,Summer,Cloudy,No Occasion,0,458,11.03,203,118,75,62
2030-03-03,Sunday,1,Summer,Sunny,Local Event,0,195,5.5,64,67,33,31
2030-03-04,Monday,0,Summer,Sunny,Local Event,0,300,7.49,98,108,69,25
2030-03-05,Tuesday,0,Summer,Cloudy,No Occasion,0,296,8.62,82,106,58,50
2030-03-06,Wednesday,0,Summer,Cloudy,No Occasion,0,343,9.29,130,75,54,84
2030-03-07,Thursday,0,Summer,Sunny,No Occasion,0,334,7.95,132,110,18,74
2030-03-08,Friday,0,Summer,Sunny,No Occasion,0,398,8.52,109,178,50,61
2030-03-09,Saturday,1,Summer,Cloudy,No Occasion,0,374,10.62,165,103,56,50
2030-03-10,Sunday,1,Summer,Cloudy,No Occasion,0,327,9.09,107,86,77,57
2030-03-11,Monday,0,Summer,Cloudy,No Occasion,0,207,6.05,77,88,39,3
2030-03-12,Tuesday,0,Summer,Sunny,No Occasion,0,238,5.46,71,71,53,43
2030-03-13,Wednesday,0,Summer,Sunny,Festival,1,610,15.85,118,104,135,253
2030-03-14,Thursday,0,Summer,Sunny,No Occasion,0,328,9.17,82,87,83,76
2030-03-15,Friday,0,Summer,Cloudy,No Occasion,0,291,8.19,73,77,62,79
2030-03-16,Saturday,1,Summer,Sunny,Festival,1,703,15.87,174,112,170,247
2030-03-17,Sunday,1,Summer,Sunny,No Occasion,0,468,11.25,121,139,150,58
2030-03-18,Monday,0,Summer,Sunny,No Occasion,0,326,7.48,113,89,64,60
2030-03-19,Tuesday,0,Summer,Cloudy,No Occasion,0,286,6.12,80,90,68,48
2030-03-20,Wednesday,0,Summer,Sunny,No Occasion,0,308,8.54,117,107,54,30
2030-03-21,Thursday,0,Summer,Cloudy,No Occasion,0,269,6.47,81,84,55,49
2030-03-22,Friday,0,Summer,Cloudy,Festival,0,495,11.63,117,144,107,127
2030-03-23,Saturday,1,Summer,Cloudy,No Occasion,0,484,11.34,179,129,113,63
2030-03-24,Sunday,1,Summer,Sunny,No Occasion,0,409,10.66,117,96,112,84
2030-03-25,Monday,0,Summer,Sunny,No Occasion,0,239,7.0,68,58,70,43
2030-03-26,Tuesday,0,Summer,Cloudy,No Occasion,0,333,8.31,95,72,80,86
2030-03-27,Wednesday,0,Summer,Sunny,No Occasion,0,231,6.48,61,75,69,26
2030-03-28,Thursday,0,Summer,Cloudy,No Occasion,0,263,5.43,76,128,31,28
2030-03-29,Friday,0,Summer,Cloudy,No Occasion,0,290,7.68,78,120,34,58
2030-03-30,Saturday,1,Summer,Rainy,No Occasion,0,354,10.16,97,103,94,60
2030-03-31,Sunday,1,Summer,Sunny,No Occasion,1,542,11.67,138,158,126,120
2030-04-01,Monday,0,Summer,Sunny,Festival,1,573,16.69,117,115,127,214
2030-04-02,Tuesday,0,Summer,Cloudy,No Occasion,0,292,7.5,103,94,56,39
2030-04-03,Wednesday,0,Summer,Sunny,No Occasion,0,283,7.99,87,91,46,59
2030-04-04,Thursday,0,Summer,Cloudy,No Occasion,1,418,8.91,197,157,18,46
2030-04-05,Friday,0,Summer,Sunny,No Occasion,0,286,7.31,112,138,29,7
2030-04-06,Saturday,1,Summer,Cloudy,No Occasion,0,409,8.64,163,143,42,61
2030-04-07,Sunday,1,Summer,Sunny,No Occasion,0,363,10.62,113,125,65,60
2030-04-08,Monday,0,Summer,Sunny,No Occasion,0,277,7.85,81,60,48,88
2030-04-09,Tuesday,0,Summer,Rainy,No Occasion,0,289,7.97,61,141,79,8
2030-04-10,Wednesday,0,Summer,Rainy,No Occasion,0,291,8.31,83,101,47,60
2030-04-11,Thursday,0,Summer,Cloudy,Local Event,1,484,14.27,140,129,103,112
2030-04-12,Friday,0,Summer,Sunny,No Occasion,0,370,8.61,146,98,50,76
2030-04-13,Saturday,1,Summer,Sunny,Festival,1,813,23.32,150,141,253,269
2030-04-14,Sunday,1,Summer,Sunny,No Occasion,0,412,8.58,133,152,78,49
2030-04-15,Monday,0,Summer,Sunny,Festival,1,498,11.44,123,162,58,155
2030-04-16,Tuesday,0,Summer,Sunny,No Occasion,0,149,4.39,56,46,13,34
2030-04-17,Wednesday,0,Summer,Cloudy,No Occasion,0,253,6.42,51,90,69,43
2030-04-18,Thursday,0,Summer,Sunny,No Occasion,0,325,6.98,95,93,79,58
2030-04-19,Friday,0,Summer,Rainy,No Occasion,0,291,7.84,55,121,83,32
2030-04-20,Saturday,1,Summer,Sunny,No Occasion,0,398,10.1,99,142,100,57
2030-04-21,Sunday,1,Summer,Sunny,Local Event,0,255,7.02,100,63,58,34
2030-04-22,Monday,0,Summer,Sunny,No Occasion,0,306,6.19,101,102,41,62
2030-04-23,Tuesday,0,Summer,Cloudy,No Occasion,0,274,7.68,57,83,55,79
2030-04-24,Wednesday,0,Summer,Sunny,No Occasion,0,358,7.43,132,87,85,54
2030-04-25,Thursday,0,Summer,Sunny,No Occasion,0,254,7.6,91,76,54,33
2030-04-26,Friday,0,Summer,Cloudy,No Occasion,0,314,8.7,70,117,83,44
2030-04-27,Saturday,1,Summer,Rainy,No Occasion,0,393,9.95,168,105,66,54
2030-04-28,Sunday,1,Summer,Sunny,Local Event,1,539,16.16,139,111,177,112
2030-04-29,Monday,0,Summer,Cloudy,No Occasion,0,272,6.24,67,91,66,48
2030-04-30,Tuesday,0,Summer,Cloudy,Festival,1,738,14.93,76,214,217,231
2030-05-01,Wednesday,0,Summer,Cloudy,Local Event,0,336,9.01,135,57,51,93
2030-05-02,Thursday,0,Summer,Sunny,Local Event,0,319,7.23,79,66,90,84
2030-05-03,Friday,0,Summer,Sunny,Local Event,1,417,11.38,134,115,27,141
2030-05-04,Saturday,1,Summer,Cloudy,No Occasion,1,559,15.21,221,165,33,140
2030-05-05,Sunday,1,Summer,Sunny,No Occasion,0,386,9.7,118,94,104,70
2030-05-06,Monday,0,Summer,Cloudy,Local Event,0,246,5.91,68,60,73,45
2030-05-07,Tuesday,0,Summer,Cloudy,No Occasion,0,339,9.58,150,161,16,12
2030-05-08,Wednesday,0,Summer,Sunny,No Occasion,0,307,7.29,133,101,62,11
2030-05-09,Thursday,0,Summer,Sunny,No Occasion,0,341,9.3,134,84,83,40
2030-05-10,Friday,0,Summer,Sunny,No Occasion,0,258,5.95,64,65,75,54
2030-05-11,Saturday,1,Summer,Cloudy,No Occasion,0,455,10.03,169,131,91,64
2030-05-12,Sunday,1,Summer,Cloudy,No Occasion,0,435,12.7,141,124,100,70
2030-05-13,Monday,0,Summer,Cloudy,No Occasion,0,325,8.47,75,110,33,107
2030-05-14,Tuesday,0,Summer,Cloudy,Festival,1,469,11.36,157,151,76,85
2030-05-15,Wednesday,0,Summer,Sunny,No Occasion,0,374,8.66,91,124,89,70
2030-05-16,Thursday,0,Summer,Cloudy,No Occasion,0,306,8.85,82,116,54,54
2030-05-17,Friday,0,Summer,Sunny,Local Event,0,377,9.19,92,126,74,85
2030-05-18,Saturday,1,Summer,Cloudy,No Occasion,0,422,11.96,139,117,133,33
2030-05-19,Sunday,1,Summer,Sunny,No Occasion,0,371,10.31,82,143,93,53
2030-05-20,Monday,0,Summer,Cloudy,No Occasion,0,300,8.34,59,95,81,65
2030-05-21,Tuesday,0,Summer,Sunny,Festival,0,525,11.78,119,127,135,144
2030-05-22,Wednesday,0,Summer,Sunny,Local Event,1,462,13.01,183,138,60,81
2030-05-23,Thursday,0,Summer,Sunny,No Occasion,0,368,10.31,104,132,82,50
2030-05-24,Friday,0,Summer,Sunny,No Occasion,0,292,6.06,130,72,41,49
2030-05-25,Saturday,1,Summer,Sunny,No Occasion,0,471,12.69,141,118,155,57
2030-05-26,Sunday,1,Summer,Sunny,Festival,1,725,20.54,153,165,179,228
2030-05-27,Monday,0,Summer,Cloudy,No Occasion,0,305,8.4,82,70,91,62
2030-05-28,Tuesday,0,Summer,Cloudy,No Occasion,0,366,10.54,127,125,49,65
2030-05-29,Wednesday,0,Summer,Cloudy,No Occasion,0,307,9.16,52,101,91,63
2030-05-30,Thursday,0,Summer,Sunny,No Occasion,0,274,8.05,107,65,43,59
2030-05-31,Friday,0,Summer,Cloudy,No Occasion,0,321,8.89,107,122,35,57
2030-06-01,Saturday,1,Monsoon,Sunny,No Occasion,0,388,8.29,134,159,62,33
2030-06-02,Sunday,1,Monsoon,Rainy,No Occasion,0,357,7.5,144,103,47,63
2030-06-03,Monday,0,Monsoon,Rainy,Local Event,1,279,6.63,79,84,67,49
2030-06-04,Tuesday,0,Monsoon,Heavy Rain,No Occasion,0,223,6.26,53,89,46,35
2030-06-05,Wednesday,0,Monsoon,Rainy,Festival,1,451,13.25,79,113,99,160
2030-06-06,Thursday,0,Monsoon,Rainy,No Occasion,0,271,5.51,77,103,56,35
2030-06-07,Friday,0,Monsoon,Rainy,No Occasion,0,206,5.04,52,76,46,32
2030-06-08,Saturday,1,Monsoon,Cloudy,No Occasion,0,425,9.17,174,76,87,88
2030-06-09,Sunday,1,Monsoon,Heavy Rain,No Occasion,0,308,9.17,100,131,38,39
2030-06-10,Monday,0,Monsoon,Rainy,No Occasion,0,340,9.24,127,129,69,15
2030-06-11,Tuesday,0,Monsoon,Rainy,No Occasion,0,219,4.59,94,60,41,24
2030-06-12,Wednesday,0,Monsoon,Rainy,No Occasion,0,208,6.06,80,65,37,26
2030-06-13,Thursday,0,Monsoon,Rainy,No Occasion,0,194,4.37,79,61,34,20
2030-06-14,Friday,0,Monsoon,Rainy,No Occasion,0,239,5.42,92,67,32,48
2030-06-15,Saturday,1,Monsoon,Heavy Rain,No Occasion,0,315,7.95,80,115,90,30
2030-06-16,Sunday,1,Monsoon,Sunny,No Occasion,0,448,11.5,186,83,111,68
2030-06-17,Monday,0,Monsoon,Heavy Rain,No Occasion,1,143,3.57,48,23,32,40
2030-06-18,Tuesday,0,Monsoon,Cloudy,No Occasion,0,233,6.67,80,113,34,6
2030-06-19,Wednesday,0,Monsoon,Sunny,No Occasion,0,347,9.57,157,50,45,95
2030-06-20,Thursday,0,Monsoon,Cloudy,No Occasion,0,365,7.75,125,120,48,72
2030-06-21,Friday,0,Monsoon,Cloudy,No Occasion,0,290,6.99,100,89,66,35
2030-06-22,Saturday,1,Monsoon,Cloudy,No Occasion,0,395,8.57,141,96,101,57
2030-06-23,Sunday,1,Monsoon,Rainy,No Occasion,0,304,7.04,138,108,50,8
2030-06-24,Monday,0,Monsoon,Rainy,No Occasion,0,216,4.67,98,73,12,33
2030-06-25,Tuesday,0,Monsoon,Rainy,Festival,1,308,7.34,72,71,59,106
2030-06-26,Wednesday,0,Monsoon,Rainy,No Occasion,0,326,9.27,122,105,35,64
2030-06-27,Thursday,0,Monsoon,Sunny,No Occasion,0,318,8.68,97,58,93,70
2030-06-28,Friday,0,Monsoon,Rainy,No Occasion,0,372,8.21,145,128,65,34
2030-06-29,Saturday,1,Monsoon,Rainy,No Occasion,0,299,8.39,105,91,45,58
2030-06-30,Sunday,1,Monsoon,Sunny,Local Event,1,468,9.88,122,149,111,86
2030-07-01,Monday,0,Monsoon,Rainy,No Occasion,0,279,6.19,77,98,71,33
2030-07-02,Tuesday,0,Monsoon,Rainy,No Occasion,0,273,6.11,106,127,33,7
2030-07-03,Wednesday,0,Monsoon,Rainy,Local Event,0,277,7.95,71,92,83,31
2030-07-04,Thursday,0,Monsoon,Rainy,No Occasion,0,240,4.99,60,112,34,34
2030-07-05,Friday,0,Monsoon,Sunny,No Occasion,1,401,10.2,115,85,45,156
2030-07-06,Saturday,1,Monsoon,Cloudy,No Occasion,0,495,10.82,220,100,97,78
2030-07-07,Sunday,1,Monsoon,Rainy,Local Event,0,341,7.55,118,146,35,42
2030-07-08,Monday,0,Monsoon,Rainy,Festival,1,398,11.09,88,77,86,147
2030-07-09,Tuesday,0,Monsoon,Rainy,No Occasion,0,328,7.35,139,128,40,21
2030-07-10,Wednesday,0,Monsoon,Cloudy,Local Event,1,496,10.18,78,175,98,145
2030-07-11,Thursday,0,Monsoon,Rainy,No Occasion,0,202,5.61,96,92,7,7
2030-07-12,Friday,0,Monsoon,Cloudy,No Occasion,0,320,8.04,112,112,69,27
2030-07-13,Saturday,1,Monsoon,Rainy,No Occasion,0,282,7.37,98,52,82,50
2030-07-14,Sunday,1,Monsoon,Sunny,No Occasion,0,437,12.26,112,152,106,67
2030-07-15,Monday,0,Monsoon,Rainy,No Occasion,0,250,7.36,91,67,50,42
2030-07-16,Tuesday,0,Monsoon,Cloudy,No Occasion,0,238,5.06,95,87,28,28
2030-07-17,Wednesday,0,Monsoon,Cloudy,No Occasion,0,292,6.31,68,67,81,76
2030-07-18,Thursday,0,Monsoon,Heavy Rain,No Occasion,0,176,5.04,50,55,31,40
2030-07-19,Friday,0,Monsoon,Cloudy,Local Event,0,401,10.35,70,150,65,116
2030-07-20,Saturday,1,Monsoon,Sunny,No Occasion,0,470,13.76,231,164,55,20
2030-07-21,Sunday,1,Monsoon,Rainy,No Occasion,0,301,7.36,109,104,79,9
2030-07-22,Monday,0,Monsoon,Cloudy,No Occasion,0,337,7.41,131,139,12,55
2030-07-23,Tuesday,0,Monsoon,Rainy,No Occasion,0,252,6.62,68,88,67,29
2030-07-24,Wednesday,0,Monsoon,Rainy,No Occasion,0,201,5.48,53,82,59,7
2030-07-25,Thursday,0,Monsoon,Rainy,No Occasion,0,333,8.0,87,107,87,52
2030-07-26,Friday,0,Monsoon,Rainy,No Occasion,0,257,7.0,63,101,33,60
2030-07-27,Saturday,1,Monsoon,Rainy,No Occasion,0,326,9.46,123,71,79,53
2030-07-28,Sunday,1,Monsoon,Cloudy,No Occasion,1,569,14.74,225,149,108,87
2030-07-29,Monday,0,Monsoon,Heavy Rain,No Occasion,1,230,6.74,65,68,38,59
2030-07-30,Tuesday,0,Monsoon,Rainy,Local Event,1,197,5.61,51,56,41,49
2030-07-31,Wednesday,0,Monsoon,Rainy,Festival,1,331,8.93,58,103,62,108
2030-08-01,Thursday,0,Monsoon,Rainy,No Occasion,0,201,4.93,71,69,45,16
2030-08-02,Friday,0,Monsoon,Heavy Rain,Local Event,0,192,4.64,78,93,18,3
2030-08-03,Saturday,1,Monsoon,Rainy,Festival,1,516,12.91,164,132,112,108
2030-08-04,Sunday,1,Monsoon,Rainy,No Occasion,0,303,7.4,75,101,115,12
2030-08-05,Monday,0,Monsoon,Rainy,No Occasion,0,247,5.58,74,96,39,38
2030-08-06,Tuesday,0,Monsoon,Cloudy,No Occasion,0,383,9.08,153,94,28,108
2030-08-07,Wednesday,0,Monsoon,Cloudy,Festival,1,608,16.59,171,92,149,196
2030-08-08,Thursday,0,Monsoon,Rainy,No Occasion,0,264,7.9,88,96,56,24
2030-08-09,Friday,0,Monsoon,Rainy,No Occasion,0,230,6.85,59,113,44,14
2030-08-10,Saturday,1,Monsoon,Cloudy,Local Event,0,456,9.41,139,144,140,33
2030-08-11,Sunday,1,Monsoon,Rainy,No Occasion,0,409,10.09,190,110,100,9
2030-08-12,Monday,0,Monsoon,Sunny,No Occasion,0,278,7.83,121,35,41,81
2030-08-13,Tuesday,0,Monsoon,Cloudy,No Occasion,0,339,8.74,143,83,95,18
2030-08-14,Wednesday,0,Monsoon,Cloudy,Festival,0,485,10.68,119,83,165,118
2030-08-15,Thursday,0,Monsoon,Heavy Rain,No Occasion,1,255,5.46,48,85,66,56
2030-08-16,Friday,0,Monsoon,Rainy,No Occasion,0,319,6.65,82,137,64,36
2030-08-17,Saturday,1,Monsoon,Rainy,No Occasion,0,320,8.01,95,92,92,41
2030-08-18,Sunday,1,Monsoon,Rainy,No Occasion,0,380,8.5,140,102,61,77
2030-08-19,Monday,0,Monsoon,Rainy,No Occasion,0,301,7.3,71,119,63,48
2030-08-20,Tuesday,0,Monsoon,Rainy,Local Event,1,224,5.11,72,74,47,31
2030-08-21,Wednesday,0,Monsoon,Cloudy,No Occasion,0,240,5.38,94,76,46,24
2030-08-22,Thursday,0,Monsoon,Sunny,Festival,1,530,14.42,146,99,67,218
2030-08-23,Friday,0,Monsoon,Cloudy,No Occasion,0,280,6.06,75,120,44,41
2030-08-24,Saturday,1,Monsoon,Rainy,No Occasion,0,314,6.67,105,48,102,59
2030-08-25,Sunday,1,Monsoon,Sunny,No Occasion,0,399,11.65,109,68,140,82
2030-08-26,Monday,0,Monsoon,Sunny,No Occasion,0,317,6.47,87,101,57,72
2030-08-27,Tuesday,0,Monsoon,Rainy,No Occasion,0,280,6.55,97,158,14,11
2030-08-28,Wednesday,0,Monsoon,Rainy,No Occasion,0,297,8.18,107,90,69,31
2030-08-29,Thursday,0,Monsoon,Rainy,No Occasion,0,294,8.69,75,112,91,16
2030-08-30,Friday,0,Monsoon,Rainy,No Occasion,0,244,6.44,103,71,49,21
2030-08-31,Saturday,1,Monsoon,Heavy Rain,No Occasion,0,249,6.35,78,74,44,53
2030-09-01,Sunday,1,Monsoon,Cloudy,No Occasion,0,403,8.44,148,90,105,60
2030-09-02,Monday,0,Monsoon,Sunny,No Occasion,1,395,10.35,117,102,80,96
2030-09-03,Tuesday,0,Monsoon,Heavy Rain,No Occasion,0,118,3.28,43,47,21,7
2030-09-04,Wednesday,0,Monsoon,Rainy,No Occasion,0,210,4.39,63,114,10,23
2030-09-05,Thursday,0,Monsoon,Rainy,No Occasion,0,257,6.66,72,112,49,24
2030-09-06,Friday,0,Monsoon,Cloudy,No Occasion,0,395,8.5,142,94,119,40
2030-09-07,Saturday,1,Monsoon,Rainy,No Occasion,0,295,7.28,99,114,57,25
2030-09-08,Sunday,1,Monsoon,Heavy Rain,Local Event,0,226,6.15,80,77,41,28
2030-09-09,Monday,0,Monsoon,Rainy,No Occasion,0,264,6.22,119,101,34,10
2030-09-10,Tuesday,0,Monsoon,Sunny,Local Event,0,338,7.51,124,59,82,73
2030-09-11,Wednesday,0,Monsoon,Rainy,Festival,1,358,9.34,94,107,82,75
2030-09-12,Thursday,0,Monsoon,Sunny,No Occasion,0,309,6.49,99,109,41,60
2030-09-13,Friday,0,Monsoon,Heavy Rain,No Occasion,1,162,4.56,53,57,30,22
2030-09-14,Saturday,1,Monsoon,Sunny,No Occasion,0,399,11.9,192,93,62,52
2030-09-15,Sunday,1,Monsoon,Rainy,No Occasion,0,325,8.41,121,105,58,41
2030-09-16,Monday,0,Monsoon,Cloudy,Festival,1,579,16.92,161,133,125,160
2030-09-17,Tuesday,0,Monsoon,Sunny,No Occasion,0,247,5.12,56,71,45,75
2030-09-18,Wednesday,0,Monsoon,Sunny,No Occasion,0,209,4.68,59,57,39,54
2030-09-19,Thursday,0,Monsoon,Rainy,No Occasion,0,221,4.83,63,87,27,44
2030-09-20,Friday,0,Monsoon,Heavy Rain,Festival,1,360,7.58,69,81,94,116
2030-09-21,Saturday,1,Monsoon,Heavy Rain,No Occasion,1,334,7.31,119,77,75,63
2030-09-22,Sunday,1,Monsoon,Rainy,No Occasion,0,359,9.28,132,77,118,32
2030-09-23,Monday,0,Monsoon,Heavy Rain,No Occasion,0,99,2.53,28,29,18,24
2030-09-24,Tuesday,0,Monsoon,Rainy,No Occasion,0,238,5.63,52,103,58,25
2030-09-25,Wednesday,0,Monsoon,Rainy,No Occasion,0,259,7.12,50,97,70,42
2030-09-26,Thursday,0,Monsoon,Cloudy,No Occasion,0,295,7.35,121,38,78,58
2030-09-27,Friday,0,Monsoon,Heavy Rain,No Occasion,0,242,5.62,83,91,32,36
2030-09-28,Saturday,1,Monsoon,Rainy,No Occasion,0,391,10.98,160,113,70,48
2030-09-29,Sunday,1,Monsoon,Rainy,No Occasion,0,396,8.27,120,161,76,39
2030-09-30,Monday,0,Monsoon,Heavy Rain,No Occasion,1,128,2.58,44,46,21,17
2030-10-01,Tuesday,0,Autumn,Sunny,No Occasion,0,369,7.94,80,120,123,46
2030-10-02,Wednesday,0,Autumn,Sunny,Festival,1,590,14.32,167,113,138,172
2030-10-03,Thursday,0,Autumn,Cloudy,No Occasion,0,233,5.16,64,58,53,58
2030-10-04,Friday,0,Autumn,Cloudy,No Occasion,0,274,6.85,107,28,58,81
2030-10-05,Saturday,1,Autumn,Rainy,Local Event,1,301,6.79,91,58,83,69
2030-10-06,Sunday,1,Autumn,Cloudy,Festival,1,740,17.77,209,157,176,198
2030-10-07,Monday,0,Autumn,Sunny,No Occasion,0,410,10.1,143,123,84,60
2030-10-08,Tuesday,0,Autumn,Cloudy,No Occasion,1,473,11.11,118,127,91,137
2030-10-09,Wednesday,0,Autumn,Cloudy,No Occasion,0,311,8.03,108,94,16,93
2030-10-10,Thursday,0,Autumn,Cloudy,No Occasion,0,332,8.96,96,62,92,82
2030-10-11,Friday,0,Autumn,Rainy,No Occasion,0,243,6.06,63,126,47,7
2030-10-12,Saturday,1,Autumn,Sunny,No Occasion,0,398,8.39,159,97,57,85
2030-10-13,Sunday,1,Autumn,Cloudy,No Occasion,0,492,11.24,172,117,140,63
2030-10-14,Monday,0,Autumn,Cloudy,No Occasion,0,230,4.64,65,42,50,73
2030-10-15,Tuesday,0,Autumn,Rainy,Festival,1,411,9.17,53,107,128,123
2030-10-16,Wednesday,0,Autumn,Cloudy,No Occasion,0,372,8.65,105,111,100,56
2030-10-17,Thursday,0,Autumn,Cloudy,No Occasion,0,236,4.96,87,56,47,46
2030-10-18,Friday,0,Autumn,Rainy,No Occasion,0,271,6.85,115,111,40,5
2030-10-19,Saturday,1,Autumn,Sunny,Festival,1,790,20.05,208,108,210,264
2030-10-20,Sunday,1,Autumn,Cloudy,Festival,1,672,17.31,194,168,159,151
2030-10-21,Monday,0,Autumn,Cloudy,No Occasion,0,287,6.88,111,90,51,35
2030-10-22,Tuesday,0,Autumn,Cloudy,No Occasion,0,387,11.37,59,195,64,69
2030-10-23,Wednesday,0,Autumn,Cloudy,Local Event,1,523,13.17,127,108,153,135
2030-10-24,Thursday,0,Autumn,Cloudy,No Occasion,0,345,8.78,154,83,55,53
2030-10-25,Friday,0,Autumn,Sunny,No Occasion,0,319,7.89,95,119,74,31
2030-10-26,Saturday,1,Autumn,Rainy,No Occasion,0,257,6.89,74,82,65,36
2030-10-27,Sunday,1,Autumn,Cloudy,No Occasion,0,377,8.36,119,129,80,49
2030-10-28,Monday,0,Autumn,Sunny,Festival,1,594,12.0,86,160,145,203
2030-10-29,Tuesday,0,Autumn,Sunny,No Occasion,0,312,9.28,57,82,127,46
2030-10-30,Wednesday,0,Autumn,Cloudy,No Occasion,0,300,7.72,76,91,82,51
2030-10-31,Thursday,0,Autumn,Rainy,No Occasion,0,284,6.86,116,84,52,32
2030-11-01,Friday,0,Autumn,Sunny,No Occasion,0,347,9.78,108,64,121,54
2030-11-02,Saturday,1,Autumn,Sunny,Festival,1,721,19.1,221,121,141,238
2030-11-03,Sunday,1,Autumn,Cloudy,No Occasion,0,447,11.15,187,74,81,105
2030-11-04,Monday,0,Autumn,Sunny,No Occasion,0,223,6.3,87,41,29,66
2030-11-05,Tuesday,0,Autumn,Sunny,Local Event,1,460,9.74,130,127,55,148
2030-11-06,Wednesday,0,Autumn,Sunny,No Occasion,0,260,7.12,107,77,52,24
2030-11-07,Thursday,0,Autumn,Sunny,No Occasion,0,316,7.8,139,68,42,67
2030-11-08,Friday,0,Autumn,Cloudy,No Occasion,0,316,6.95,92,80,86,58
2030-11-09,Saturday,1,Autumn,Sunny,No Occasion,0,390,11.49,129,140,61,60
2030-11-10,Sunday,1,Autumn,Sunny,Festival,1,666,13.41,185,104,196,181
2030-11-11,Monday,0,Autumn,Sunny,No Occasion,0,278,6.12,98,83,75,22
2030-11-12,Tuesday,0,Autumn,Sunny,No Occasion,0,307,8.33,91,131,58,27
2030-11-13,Wednesday,0,Autumn,Sunny,Festival,1,626,16.22,145,77,132,272
2030-11-14,Thursday,0,Autumn,Sunny,No Occasion,0,355,9.25,137,77,92,49
2030-11-15,Friday,0,Autumn,Sunny,No Occasion,0,283,5.97,134,80,21,48
2030-11-16,Saturday,1,Autumn,Sunny,No Occasion,0,393,11.54,155,78,82,78
2030-11-17,Sunday,1,Autumn,Cloudy,No Occasion,0,438,12.21,189,104,89,56
2030-11-18,Monday,0,Autumn,Rainy,No Occasion,0,228,6.67,36,77,95,20
2030-11-19,Tuesday,0,Autumn,Cloudy,Festival,1,684,13.75,110,119,160,295
2030-11-20,Wednesday,0,Autumn,Cloudy,No Occasion,0,370,8.12,123,169,64,14
2030-11-21,Thursday,0,Autumn,Sunny,No Occasion,0,302,8.36,91,99,82,30
2030-11-22,Friday,0,Autumn,Sunny,No Occasion,0,365,8.31,141,57,96,71
2030-11-23,Saturday,1,Autumn,Sunny,No Occasion,0,400,10.63,120,132,117,31
2030-11-24,Sunday,1,Autumn,Rainy,No Occasion,0,280,8.26,69,129,54,28
2030-11-25,Monday,0,Autumn,Sunny,No Occasion,0,325,9.3,130,79,86,30
2030-11-26,Tuesday,0,Autumn,Cloudy,No Occasion,0,243,6.5,95,60,34,54
2030-11-27,Wednesday,0,Autumn,Rainy,Festival,1,386,10.15,96,108,96,86
2030-11-28,Thursday,0,Autumn,Sunny,No Occasion,0,287,6.86,89,83,23,92
2030-11-29,Friday,0,Autumn,Cloudy,No Occasion,0,299,6.1,111,86,73,29
2030-11-30,Saturday,1,Autumn,Sunny,No Occasion,0,420,10.21,188,50,96,86
2030-12-01,Sunday,1,Winter,Rainy,No Occasion,0,369,9.99,92,90,77,110
2030-12-02,Monday,0,Winter,Rainy,No Occasion,0,251,7.53,67,83,26,75
2030-12-03,Tuesday,0,Winter,Sunny,Local Event,0,228,6.1,69,69,31,59
2030-12-04,Wednesday,0,Winter,Sunny,Festival,1,530,11.07,89,110,125,206
2030-12-05,Thursday,0,Winter,Cold,No Occasion,0,383,9.11,104,99,63,117
2030-12-06,Friday,0,Winter,Sunny,No Occasion,0,348,9.48,64,116,98,70
2030-12-07,Saturday,1,Winter,Foggy,No Occasion,0,389,9.49,139,82,85,83
2030-12-08,Sunday,1,Winter,Foggy,Local Event,0,400,8.5,146,109,66,79
2030-12-09,Monday,0,Winter,Sunny,No Occasion,0,323,6.91,127,107,27,62
2030-12-10,Tuesday,0,Winter,Sunny,No Occasion,0,306,6.85,59,87,47,113
2030-12-11,Wednesday,0,Winter,Cold,No Occasion,0,310,8.94,113,39,39,119
2030-12-12,Thursday,0,Winter,Foggy,No Occasion,0,222,6.2,75,55,39,53
2030-12-13,Friday,0,Winter,Cold,No Occasion,0,379,10.87,119,83,61,116
2030-12-14,Saturday,1,Winter,Foggy,No Occasion,0,435,9.95,135,85,98,117
2030-12-15,Sunday,1,Winter,Cold,No Occasion,0,342,7.44,97,79,84,82
2030-12-16,Monday,0,Winter,Rainy,No Occasion,0,252,5.37,58,100,42,52
2030-12-17,Tuesday,0,Winter,Foggy,Festival,1,542,12.19,176,82,84,200
2030-12-18,Wednesday,0,Winter,Rainy,No Occasion,1,283,7.51,104,83,53,43
2030-12-19,Thursday,0,Winter,Cold,No Occasion,0,328,7.57,89,92,38,109
2030-12-20,Friday,0,Winter,Cold,No Occasion,0,310,9.0,60,129,34,87
2030-12-21,Saturday,1,Winter,Foggy,No Occasion,0,372,8.97,149,42,85,96
2030-12-22,Sunday,1,Winter,Sunny,No Occasion,0,395,10.86,139,93,100,63
2030-12-23,Monday,0,Winter,Foggy,Festival,1,611,17.36,94,123,97,297
2030-12-24,Tuesday,0,Winter,Sunny,No Occasion,0,363,9.83,140,74,74,75
2030-12-25,Wednesday,0,Winter,Cold,No Occasion,0,319,7.66,71,82,66,100
2030-12-26,Thursday,0,Winter,Foggy,No Occasion,0,323,9.04,137,55,63,68
2030-12-27,Friday,0,Winter,Cold,Festival,1,688,14.13,93,167,132,296
2030-12-28,Saturday,1,Winter,Cold,No Occasion,0,385,11.14,99,112,82,92
2030-12-29,Sunday,1,Winter,Sunny,Local Event,1,633,13.1,243,147,92,151
2030-12-30,Monday,0,Winter,Cold,No Occasion,0,238,6.45,119,13,9,97
2030-12-31,Tuesday,0,Winter,Foggy,No Occasion,0,244,5.49,42,62,84,56
2031-01-01,Wednesday,0,Winter,Sunny,No Occasion,0,325,9.52,70,121,53,81
2031-01-02,Thursday,0,Winter,Sunny,No Occasion,0,317,6.54,120,66,73,58
2031-01-03,Friday,0,Winter,Cold,No Occasion,0,286,6.39,71,92,59,64
2031-01-04,Saturday,1,Winter,Sunny,No Occasion,0,374,9.68,109,89,98,78
2031-01-05,Sunday,1,Winter,Cold,Festival,1,628,17.04,156,121,108,243
2031-01-06,Monday,0,Winter,Sunny,No Occasion,0,337,8.78,164,66,56,51
2031-01-07,Tuesday,0,Winter,Cold,No Occasion,0,371,9.74,88,50,103,130
2031-01-08,Wednesday,0,Winter,Cold,No Occasion,0,298,8.88,110,64,48,76
2031-01-09,Thursday,0,Winter,Cold,No Occasion,0,264,6.78,34,74,63,93
2031-01-10,Friday,0,Winter,Sunny,No Occasion,0,354,7.85,86,94,79,95
2031-01-11,Saturday,1,Winter,Cold,No Occasion,1,453,12.86,134,85,74,160
2031-01-12,Sunday,1,Winter,Foggy,No Occasion,0,430,8.76,148,125,51,106
2031-01-13,Monday,0,Winter,Foggy,No Occasion,0,298,8.69,78,93,52,75
2031-01-14,Tuesday,0,Winter,Cold,No Occasion,0,276,6.24,79,63,31,103
2031-01-15,Wednesday,0,Winter,Foggy,No Occasion,0,263,7.41,109,45,51,58
2031-01-16,Thursday,0,Winter,Foggy,No Occasion,0,220,6.41,85,28,28,79
2031-01-17,Friday,0,Winter,Sunny,No Occasion,0,348,7.51,76,96,67,109
2031-01-18,Saturday,1,Winter,Cold,No Occasion,0,418,10.34,133,82,101,102
2031-01-19,Sunday,1,Winter,Rainy,No Occasion,0,433,8.94,129,131,46,127
2031-01-20,Monday,0,Winter,Cold,No Occasion,0,319,9.33,74,88,45,112
2031-01-21,Tuesday,0,Winter,Sunny,No Occasion,0,206,4.17,66,23,45,72
2031-01-22,Wednesday,0,Winter,Cold,No Occasion,0,297,8.27,91,30,69,107
2031-01-23,Thursday,0,Winter,Foggy,No Occasion,0,368,10.39,135,54,62,117
2031-01-24,Friday,0,Winter,Cold,No Occasion,0,282,6.98,70,59,35,118
2031-01-25,Saturday,1,Winter,Cold,No Occasion,0,423,9.82,109,121,83,110
2031-01-26,Sunday,1,Winter,Foggy,No Occasion,0,286,8.17,104,70,82,30
2031-01-27,Monday,0,Winter,Cold,No Occasion,0,250,5.95,107,56,15,72
2031-01-28,Tuesday,0,Winter,Cold,No Occasion,0,245,4.94,69,47,25,104
2031-01-29,Wednesday,0,Winter,Sunny,No Occasion,0,297,7.82,50,62,62,123
2031-01-30,Thursday,0,Winter,Cold,No Occasion,0,370,9.59,133,79,55,103
2031-01-31,Friday,0,Winter,Sunny,No Occasion,0,301,8.67,114,70,74,43
2031-02-01,Saturday,1,Winter,Cold,No Occasion,0,385,9.77,85,131,96,73
2031-02-02,Sunday,1,Winter,Rainy,No Occasion,0,336,8.74,121,83,70,62
2031-02-03,Monday,0,Winter,Cold,No Occasion,1,548,15.21,135,137,102,174
2031-02-04,Tuesday,0,Winter,Sunny,No Occasion,0,316,7.4,79,99,30,108
2031-02-05,Wednesday,0,Winter,Sunny,No Occasion,0,281,5.8,105,99,46,31
2031-02-06,Thursday,0,Winter,Sunny,No Occasion,0,284,6.13,114,57,21,92
2031-02-07,Friday,0,Winter,Sunny,No Occasion,0,403,8.35,117,123,52,111
2031-02-08,Saturday,1,Winter,Cold,No Occasion,0,497,13.9,144,142,60,151
2031-02-09,Sunday,1,Winter,Rainy,No Occasion,0,350,8.54,111,109,66,64
2031-02-10,Monday,0,Winter,Cold,No Occasion,0,315,8.1,109,89,17,100
2031-02-11,Tuesday,0,Winter,Foggy,No Occasion,0,273,7.57,62,89,45,77
2031-02-12,Wednesday,0,Winter,Rainy,No Occasion,0,182,3.94,50,44,54,34
2031-02-13,Thursday,0,Winter,Cold,No Occasion,0,289,8.49,93,51,33,112
2031-02-14,Friday,0,Winter,Foggy,No Occasion,0,216,5.09,124,37,51,4
2031-02-15,Saturday,1,Winter,Foggy,No Occasion,0,343,7.61,149,62,84,48
2031-02-16,Sunday,1,Winter,Cold,No Occasion,0,477,12.64,167,108,65,137
2031-02-17,Monday,0,Winter,Foggy,No Occasion,0,293,5.92,116,39,58,80
2031-02-18,Tuesday,0,Winter,Rainy,No Occasion,0,231,6.28,52,105,44,30
2031-02-19,Wednesday,0,Winter,Rainy,Festival,1,344,8.55,49,91,119,85
2031-02-20,Thursday,0,Winter,Sunny,Local Event,1,398,9.3,132,148,63,55
2031-02-21,Friday,0,Winter,Sunny,Festival,0,397,11.59,99,87,108,103
2031-02-22,Saturday,1,Winter,Sunny,No Occasion,0,424,12.56,140,107,112,65
2031-02-23,Sunday,1,Winter,Sunny,No Occasion,0,247,6.17,87,63,57,40
2031-02-24,Monday,0,Winter,Sunny,No Occasion,0,360,7.69,119,96,79,66
2031-02-25,Tuesday,0,Winter,Sunny,No Occasion,0,416,10.81,163,51,109,93
2031-02-26,Wednesday,0,Winter,Foggy,Local Event,0,234,5.4,70,67,46,51
2031-02-27,Thursday,0,Winter,Cold,No Occasion,0,329,9.5,80,48,93,108
2031-02-28,Friday,0,Winter,Cold,No Occasion,0,205,5.58,36,53,40,76
2031-03-01,Saturday,1,Summer,Cloudy,No Occasion,0,397,8.81,170,98,65,64
2031-03-02,Sunday,1,Summer,Rainy,No Occasion,0,306,8.44,99,111,74,22
2031-03-03,Monday,0,Summer,Cloudy,No Occasion,0,339,9.15,147,68,31,93
2031-03-04,Tuesday,0,Summer,Cloudy,No Occasion,0,279,8.36,99,53,60,67
2031-03-05,Wednesday,0,Summer,Sunny,No Occasion,0,261,6.56,61,100,64,36
2031-03-06,Thursday,0,Summer,Sunny,No Occasion,0,336,7.4,157,77,86,16
2031-03-07,Friday,0,Summer,Cloudy,No Occasion,0,239,4.93,101,51,66,21
2031-03-08,Saturday,1,Summer,Cloudy,No Occasion,0,458,10.22,184,168,49,57
2031-03-09,Sunday,1,Summer,Cloudy,No Occasion,0,349,6.99,110,95,76,68
2031-03-10,Monday,0,Summer,Rainy,No Occasion,0,240,6.27,75,130,30,5
2031-03-11,Tuesday,0,Summer,Cloudy,No Occasion,0,230,6.72,67,85,12,66
2031-03-12,Wednesday,0,Summer,Cloudy,No Occasion,1,439,10.74,133,104,71,131
2031-03-13,Thursday,0,Summer,Cloudy,No Occasion,0,100,2.69,41,27,15,17
2031-03-14,Friday,0,Summer,Cloudy,No Occasion,0,315,6.71,103,108,48,56
2031-03-15,Saturday,1,Summer,Sunny,No Occasion,0,396,11.41,200,135,47,14
2031-03-16,Sunday,1,Summer,Sunny,No Occasion,0,510,10.36,198,119,114,79
2031-03-17,Monday,0,Summer,Sunny,No Occasion,0,235,6.77,50,94,40,51
2031-03-18,Tuesday,0,Summer,Sunny,No Occasion,0,341,7.41,85,89,89,78
2031-03-19,Wednesday,0,Summer,Sunny,No Occasion,0,272,7.09,49,95,52,76
2031-03-20,Thursday,0,Summer,Rainy,No Occasion,0,240,5.74,97,70,42,31
2031-03-21,Friday,0,Summer,Sunny,No Occasion,0,302,7.62,94,112,59,37
2031-03-22,Saturday,1,Summer,Sunny,No Occasion,0,430,11.99,154,104,104,68
2031-03-23,Sunday,1,Summer,Cloudy,No Occasion,0,388,10.27,118,139,97,34
2031-03-24,Monday,0,Summer,Cloudy,No Occasion,0,278,7.83,155,62,10,51
2031-03-25,Tuesday,0,Summer,Sunny,No Occasion,0,321,6.79,125,124,54,18
2031-03-26,Wednesday,0,Summer,Cloudy,No Occasion,0,239,4.87,75,69,39,56
2031-03-27,Thursday,0,Summer,Sunny,No Occasion,0,286,6.16,87,70,72,57
2031-03-28,Friday,0,Summer,Sunny,No Occasion,0,327,7.36,73,154,23,77
2031-03-29,Saturday,1,Summer,Sunny,No Occasion,0,387,8.44,121,126,85,55
2031-03-30,Sunday,1,Summer,Sunny,No Occasion,0,376,10.26,108,91,77,100
2031-03-31,Monday,0,Summer,Sunny,No Occasion,0,440,10.12,136,203,68,33
2031-04-01,Tuesday,0,Summer,Sunny,Festival,0,453,12.81,114,84,132,123
2031-04-02,Wednesday,0,Summer,Cloudy,Local Event,0,282,7.42,67,83,72,60
2031-04-03,Thursday,0,Summer,Sunny,No Occasion,0,250,6.62,78,119,31,22
2031-04-04,Friday,0,Summer,Cloudy,Festival,1,628,17.78,121,149,154,204
2031-04-05,Saturday,1,Summer,Sunny,Festival,0,527,10.97,136,114,175,102
2031-04-06,Sunday,1,Summer,Cloudy,Festival,1,646,16.84,149,129,176,192
2031-04-07,Monday,0,Summer,Sunny,No Occasion,0,344,8.78,167,85,72,20
2031-04-08,Tuesday,0,Summer,Rainy,No Occasion,0,295,7.56,119,111,23,42
2031-04-09,Wednesday,0,Summer,Cloudy,Festival,1,546,14.8,175,84,127,160
2031-04-10,Thursday,0,Summer,Cloudy,Festival,1,669,17.05,60,149,169,291
2031-04-11,Friday,0,Summer,Sunny,Local Event,0,432,10.65,147,167,58,60
2031-04-12,Saturday,1,Summer,Cloudy,No Occasion,0,418,12.25,140,153,76,49
2031-04-13,Sunday,1,Summer,Sunny,No Occasion,0,344,7.85,95,113,84,52
2031-04-14,Monday,0,Summer,Cloudy,No Occasion,0,278,7.97,102,76,46,54
2031-04-15,Tuesday,0,Summer,Cloudy,No Occasion,0,279,7.64,84,81,66,48
2031-04-16,Wednesday,0,Summer,Sunny,No Occasion,0,288,6.2,143,76,58,11
2031-04-17,Thursday,0,Summer,Cloudy,No Occasion,0,333,7.22,118,148,35,32
2031-04-18,Friday,0,Summer,Sunny,Festival,1,597,13.59,127,175,121,174
2031-04-19,Saturday,1,Summer,Sunny,No Occasion,0,292,6.76,93,77,66,56
2031-04-20,Sunday,1,Summer,Sunny,No Occasion,0,372,10.28,133,109,69,61
2031-04-21,Monday,0,Summer,Sunny,Festival,1,567,13.4,124,134,133,176
2031-04-22,Tuesday,0,Summer,Sunny,No Occasion,0,278,7.02,79,58,82,59
2031-04-23,Wednesday,0,Summer,Cloudy,No Occasion,0,211,5.08,52,51,45,63
2031-04-24,Thursday,0,Summer,Rainy,No Occasion,0,371,8.9,104,127,93,47
2031-04-25,Friday,0,Summer,Sunny,No Occasion,0,337,8.93,60,144,70,63
2031-04-26,Saturday,1,Summer,Sunny,Festival,1,653,19.04,203,131,103,216
2031-04-27,Sunday,1,Summer,Sunny,No Occasion,0,465,13.14,158,101,129,77
2031-04-28,Monday,0,Summer,Sunny,No Occasion,0,374,8.43,98,117,133,26
2031-04-29,Tuesday,0,Summer,Cloudy,Local Event,1,503,12.19,109,177,78,139
2031-04-30,Wednesday,0,Summer,Sunny,No Occasion,0,318,8.36,87,128,8,95
2031-05-01,Thursday,0,Summer,Sunny,No Occasion,0,279,7.81,96,107,22,54
2031-05-02,Friday,0,Summer,Sunny,No Occasion,0,119,3.05,41,41,23,14
2031-05-03,Saturday,1,Summer,Cloudy,No Occasion,0,353,9.85,133,90,70,60
2031-05-04,Sunday,1,Summer,Cloudy,No Occasion,0,350,9.97,128,119,62,41
2031-05-05,Monday,0,Summer,Sunny,No Occasion,0,335,9.3,92,135,59,49
2031-05-06,Tuesday,0,Summer,Cloudy,No Occasion,0,265,6.67,63,58,50,94
2031-05-07,Wednesday,0,Summer,Sunny,No Occasion,0,321,8.08,76,98,93,54
2031-05-08,Thursday,0,Summer,Sunny,Festival,0,463,9.41,102,110,112,139
2031-05-09,Friday,0,Summer,Sunny,No Occasion,0,199,5.11,54,61,43,41
2031-05-10,Saturday,1,Summer,Sunny,No Occasion,0,416,11.04,118,142,93,63
2031-05-11,Sunday,1,Summer,Sunny,Festival,1,645,13.57,159,154,153,179
2031-05-12,Monday,0,Summer,Sunny,No Occasion,0,316,7.67,101,113,53,49
2031-05-13,Tuesday,0,Summer,Sunny,No Occasion,0,368,8.18,113,146,99,10
2031-05-14,Wednesday,0,Summer,Sunny,No Occasion,0,349,7.83,103,154,47,45
2031-05-15,Thursday,0,Summer,Sunny,No Occasion,0,349,9.51,102,131,56,60
2031-05-16,Friday,0,Summer,Rainy,No Occasion,0,223,5.77,61,93,21,48
2031-05-17,Saturday,1,Summer,Sunny,Festival,1,641,16.74,127,117,220,177
2031-05-18,Sunday,1,Summer,Sunny,Festival,1,691,16.65,190,124,160,217
2031-05-19,Monday,0,Summer,Sunny,Festival,1,586,14.37,135,80,187,184
2031-05-20,Tuesday,0,Summer,Sunny,No Occasion,0,347,7.1,115,98,76,58
2031-05-21,Wednesday,0,Summer,Rainy,Festival,1,453,11.52,80,166,123,84
2031-05-22,Thursday,0,Summer,Cloudy,No Occasion,0,257,6.83,92,95,31,39
2031-05-23,Friday,0,Summer,Sunny,No Occasion,0,298,6.85,97,83,58,60
2031-05-24,Saturday,1,Summer,Sunny,No Occasion,0,461,11.59,164,159,124,14
2031-05-25,Sunday,1,Summer,Cloudy,No Occasion,0,416,10.79,112,152,74,78
2031-05-26,Monday,0,Summer,Sunny,Local Event,0,328,7.0,79,135,81,33
2031-05-27,Tuesday,0,Summer,Sunny,Festival,1,522,11.47,114,106,118,184
2031-05-28,Wednesday,0,Summer,Sunny,Local Event,1,382,9.73,109,104,82,87
2031-05-29,Thursday,0,Summer,Rainy,Festival,1,379,7.72,75,137,83,84
2031-05-30,Friday,0,Summer,Sunny,Local Event,0,335,7.25,77,80,111,67
2031-05-31,Saturday,1,Summer,Cloudy,No Occasion,0,476,12.75,162,167,103,44
2031-06-01,Sunday,1,Monsoon,Cloudy,No Occasion,0,409,9.11,144,72,124,69
2031-06-02,Monday,0,Monsoon,Rainy,No Occasion,0,350,9.75,119,108,72,51
2031-06-03,Tuesday,0,Monsoon,Cloudy,No Occasion,0,325,9.31,107,108,52,58
2031-06-04,Wednesday,0,Monsoon,Rainy,Festival,1,341,8.48,48,116,63,114
2031-06-05,Thursday,0,Monsoon,Cloudy,Local Event,0,379,10.23,129,135,72,43
2031-06-06,Friday,0,Monsoon,Rainy,No Occasion,0,271,5.49,83,116,23,49
2031-06-07,Saturday,1,Monsoon,Cloudy,No Occasion,0,338,8.71,94,93,68,83
2031-06-08,Sunday,1,Monsoon,Rainy,No Occasion,0,328,9.26,96,97,79,56
2031-06-09,Monday,0,Monsoon,Sunny,No Occasion,0,265,6.8,91,110,34,30
2031-06-10,Tuesday,0,Monsoon,Rainy,Festival,0,385,9.48,113,95,77,100
2031-06-11,Wednesday,0,Monsoon,Cloudy,No Occasion,1,395,11.63,177,79,52,87
2031-06-12,Thursday,0,Monsoon,Sunny,No Occasion,0,306,6.17,53,54,96,103
2031-06-13,Friday,0,Monsoon,Rainy,No Occasion,0,300,8.47,95,133,32,40
2031-06-14,Saturday,1,Monsoon,Rainy,No Occasion,0,363,7.48,85,148,110,20
2031-06-15,Sunday,1,Monsoon,Rainy,No Occasion,0,376,8.97,146,138,71,21
2031-06-16,Monday,0,Monsoon,Heavy Rain,No Occasion,0,156,3.68,34,72,32,18
2031-06-17,Tuesday,0,Monsoon,Rainy,No Occasion,0,306,6.99,107,129,13,57
2031-06-18,Wednesday,0,Monsoon,Cloudy,Local Event,1,489,11.56,116,74,106,193
2031-06-19,Thursday,0,Monsoon,Rainy,No Occasion,0,275,6.84,123,90,59,3
2031-06-20,Friday,0,Monsoon,Rainy,Festival,1,412,10.0,77,140,102,93
2031-06-21,Saturday,1,Monsoon,Cloudy,Festival,1,630,17.86,194,135,103,198
2031-06-22,Sunday,1,Monsoon,Rainy,No Occasion,0,247,6.34,76,95,55,21
2031-06-23,Monday,0,Monsoon,Rainy,No Occasion,0,272,8.09,94,105,47,26
2031-06-24,Tuesday,0,Monsoon,Cloudy,Festival,1,672,17.57,74,148,153,297
2031-06-25,Wednesday,0,Monsoon,Heavy Rain,No Occasion,1,167,4.77,84,46,14,23
2031-06-26,Thursday,0,Monsoon,Cloudy,No Occasion,0,333,9.93,81,133,31,88
2031-06-27,Friday,0,Monsoon,Rainy,No Occasion,0,295,6.2,107,111,48,29
2031-06-28,Saturday,1,Monsoon,Rainy,No Occasion,0,361,8.58,134,136,78,13
2031-06-29,Sunday,1,Monsoon,Rainy,No Occasion,0,317,8.81,102,114,70,31
2031-06-30,Monday,0,Monsoon,Rainy,No Occasion,0,269,6.26,94,112,32,31
2031-07-01,Tuesday,0,Monsoon,Cloudy,No Occasion,0,289,6.22,91,89,46,63
2031-07-02,Wednesday,0,Monsoon,Rainy,No Occasion,0,262,7.38,80,105,37,40
2031-07-03,Thursday,0,Monsoon,Sunny,No Occasion,0,380,8.89,177,113,70,20
2031-07-04,Friday,0,Monsoon,Cloudy,No Occasion,0,342,9.34,91,104,98,49
2031-07-05,Saturday,1,Monsoon,Heavy Rain,No Occasion,0,197,5.41,80,66,47,4
2031-07-06,Sunday,1,Monsoon,Rainy,No Occasion,0,442,13.18,94,161,115,72
2031-07-07,Monday,0,Monsoon,Cloudy,No Occasion,1,489,11.42,133,100,97,159
2031-07-08,Tuesday,0,Monsoon,Rainy,No Occasion,0,300,7.81,110,89,41,60
2031-07-09,Wednesday,0,Monsoon,Heavy Rain,No Occasion,0,182,5.16,39,71,46,26
2031-07-10,Thursday,0,Monsoon,Cloudy,Festival,1,458,11.07,121,59,125,153
2031-07-11,Friday,0,Monsoon,Rainy,Festival,1,371,8.09,86,132,64,89
2031-07-12,Saturday,1,Monsoon,Cloudy,Festival,1,766,18.19,171,93,210,292
2031-07-13,Sunday,1,Monsoon,Heavy Rain,No Occasion,1,262,5.75,75,58,57,72
2031-07-14,Monday,0,Monsoon,Rainy,No Occasion,0,264,7.34,81,111,46,26
2031-07-15,Tuesday,0,Monsoon,Cloudy,No Occasion,0,266,6.14,102,51,60,53
2031-07-16,Wednesday,0,Monsoon,Rainy,No Occasion,0,306,9.12,40,164,35,67
2031-07-17,Thursday,0,Monsoon,Cloudy,No Occasion,0,244,5.77,95,47,58,44
2031-07-18,Friday,0,Monsoon,Heavy Rain,No Occasion,0,164,4.52,53,43,39,29
2031-07-19,Saturday,1,Monsoon,Cloudy,No Occasion,0,401,11.31,186,96,60,59
2031-07-20,Sunday,1,Monsoon,Rainy,No Occasion,1,310,7.27,47,93,77,93
2031-07-21,Monday,0,Monsoon,Sunny,No Occasion,0,221,5.18,110,45,31,35
2031-07-22,Tuesday,0,Monsoon,Sunny,No Occasion,0,354,9.16,181,66,22,85
2031-07-23,Wednesday,0,Monsoon,Rainy,No Occasion,0,229,5.56,101,68,37,23
2031-07-24,Thursday,0,Monsoon,Rainy,No Occasion,0,339,9.31,139,89,77,34
2031-07-25,Friday,0,Monsoon,Rainy,No Occasion,0,223,6.6,78,71,43,31
2031-07-26,Saturday,1,Monsoon,Rainy,Local Event,1,273,6.74,79,89,54,51
2031-07-27,Sunday,1,Monsoon,Rainy,No Occasion,0,400,10.38,157,158,73,12
2031-07-28,Monday,0,Monsoon,Rainy,No Occasion,0,226,6.78,45,94,43,44
2031-07-29,Tuesday,0,Monsoon,Rainy,No Occasion,0,230,4.77,83,83,39,25
2031-07-30,Wednesday,0,Monsoon,Cloudy,No Occasion,0,220,5.15,52,103,37,28
2031-07-31,Thursday,0,Monsoon,Cloudy,No Occasion,0,265,5.91,58,46,98,63
2031-08-01,Friday,0,Monsoon,Sunny,No Occasion,0,372,9.99,67,84,103,118
2031-08-02,Saturday,1,Monsoon,Rainy,No Occasion,0,378,10.16,132,117,74,55
2031-08-03,Sunday,1,Monsoon,Rainy,Festival,1,432,9.44,111,110,141,70
2031-08-04,Monday,0,Monsoon,Cloudy,No Occasion,0,289,8.03,83,92,65,49
2031-08-05,Tuesday,0,Monsoon,Heavy Rain,No Occasion,0,125,2.74,31,35,33,26
2031-08-06,Wednesday,0,Monsoon,Rainy,Festival,1,374,11.01,93,87,61,133
2031-08-07,Thursday,0,Monsoon,Heavy Rain,Local Event,1,220,5.16,90,33,58,39
2031-08-08,Friday,0,Monsoon,Heavy Rain,No Occasion,0,222,6.3,71,85,11,55
2031-08-09,Saturday,1,Monsoon,Rainy,No Occasion,0,344,8.77,118,76,108,42
2031-08-10,Sunday,1,Monsoon,Cloudy,No Occasion,0,379,7.71,175,76,83,45
2031-08-11,Monday,0,Monsoon,Cloudy,No Occasion,0,344,8.27,129,88,26,101
2031-08-12,Tuesday,0,Monsoon,Rainy,No Occasion,0,237,5.68,61,108,53,15
2031-08-13,Wednesday,0,Monsoon,Heavy Rain,No Occasion,0,199,4.32,72,71,51,5
2031-08-14,Thursday,0,Monsoon,Heavy Rain,No Occasion,0,113,2.65,47,44,10,12
2031-08-15,Friday,0,Monsoon,Rainy,No Occasion,0,265,5.88,87,94,77,7
2031-08-16,Saturday,1,Monsoon,Rainy,Festival,1,502,11.81,117,137,128,120
2031-08-17,Sunday,1,Monsoon,Rainy,No Occasion,0,425,11.96,143,158,87,37
2031-08-18,Monday,0,Monsoon,Cloudy,No Occasion,0,285,8.12,100,72,66,47
2031-08-19,Tuesday,0,Monsoon,Rainy,No Occasion,0,294,8.17,103,115,52,24
2031-08-20,Wednesday,0,Monsoon,Cloudy,No Occasion,0,371,9.48,128,106,72,65
2031-08-21,Thursday,0,Monsoon,Heavy Rain,No Occasion,1,190,4.79,50,73,29,38
2031-08-22,Friday,0,Monsoon,Rainy,No Occasion,0,236,6.97,113,84,38,1
2031-08-23,Saturday,1,Monsoon,Rainy,No Occasion,0,344,7.25,126,111,88,19
2031-08-24,Sunday,1,Monsoon,Heavy Rain,Festival,1,338,9.76,77,120,67,74
2031-08-25,Monday,0,Monsoon,Rainy,No Occasion,0,253,6.74,105,75,36,37
2031-08-26,Tuesday,0,Monsoon,Heavy Rain,No Occasion,1,161,3.46,53,58,24,26
2031-08-27,Wednesday,0,Monsoon,Cloudy,No Occasion,0,274,6.85,24,71,105,74
2031-08-28,Thursday,0,Monsoon,Rainy,No Occasion,0,246,6.41,95,85,32,34
2031-08-29,Friday,0,Monsoon,Cloudy,No Occasion,0,238,4.89,91,63,62,22
2031-08-30,Saturday,1,Monsoon,Cloudy,No Occasion,0,492,12.78,140,175,98,79
2031-08-31,Sunday,1,Monsoon,Rainy,No Occasion,0,316,6.73,67,125,99,25
2031-09-01,Monday,0,Monsoon,Rainy,No Occasion,0,250,5.72,74,121,29,26
2031-09-02,Tuesday,0,Monsoon,Sunny,Local Event,0,326,7.02,103,49,104,70
2031-09-03,Wednesday,0,Monsoon,Rainy,No Occasion,0,263,7.68,54,81,78,50
2031-09-04,Thursday,0,Monsoon,Sunny,Festival,1,571,14.49,113,144,121,193
2031-09-05,Friday,0,Monsoon,Rainy,No Occasion,0,229,5.58,50,90,60,29
2031-09-06,Saturday,1,Monsoon,Cloudy,No Occasion,0,470,9.48,171,123,120,56
2031-09-07,Sunday,1,Monsoon,Rainy,No Occasion,0,323,8.65,104,84,61,74
2031-09-08,Monday,0,Monsoon,Sunny,No Occasion,0,311,7.38,122,51,51,87
2031-09-09,Tuesday,0,Monsoon,Rainy,Local Event,0,327,8.69,85,99,112,31
2031-09-10,Wednesday,0,Monsoon,Sunny,No Occasion,0,266,5.52,68,94,55,49
2031-09-11,Thursday,0,Monsoon,Heavy Rain,No Occasion,0,166,3.87,41,59,33,33
2031-09-12,Friday,0,Monsoon,Heavy Rain,No Occasion,0,110,2.61,38,28,14,30
2031-09-13,Saturday,1,Monsoon,Rainy,No Occasion,0,372,10.8,155,74,78,65
2031-09-14,Sunday,1,Monsoon,Heavy Rain,Festival,1,240,6.95,86,45,48,61
2031-09-15,Monday,0,Monsoon,Cloudy,Festival,1,643,16.86,179,92,174,198
2031-09-16,Tuesday,0,Monsoon,Rainy,No Occasion,0,188,4.22,60,71,16,41
2031-09-17,Wednesday,0,Monsoon,Rainy,Local Event,0,250,6.21,103,105,31,11
2031-09-18,Thursday,0,Monsoon,Rainy,Local Event,1,282,6.15,72,116,32,62
2031-09-19,Friday,0,Monsoon,Rainy,No Occasion,0,269,7.39,72,87,58,52
2031-09-20,Saturday,1,Monsoon,Cloudy,No Occasion,0,341,8.35,183,40,66,52
2031-09-21,Sunday,1,Monsoon,Heavy Rain,Festival,1,506,10.48,124,121,129,132
2031-09-22,Monday,0,Monsoon,Rainy,No Occasion,0,241,6.36,94,79,49,19
2031-09-23,Tuesday,0,Monsoon,Rainy,Local Event,1,342,7.1,91,142,48,61
2031-09-24,Wednesday,0,Monsoon,Cloudy,Festival,1,551,15.56,141,59,111,240
2031-09-25,Thursday,0,Monsoon,Cloudy,Festival,0,352,10.53,76,54,126,96
2031-09-26,Friday,0,Monsoon,Heavy Rain,No Occasion,0,111,3.24,26,46,36,3
2031-09-27,Saturday,1,Monsoon,Sunny,No Occasion,0,350,9.98,76,104,138,32
2031-09-28,Sunday,1,Monsoon,Cloudy,No Occasion,0,358,8.1,125,81,91,61
2031-09-29,Monday,0,Monsoon,Rainy,No Occasion,0,191,5.5,46,79,57,9
2031-09-30,Tuesday,0,Monsoon,Rainy,No Occasion,0,239,6.88,86,83,50,20
2031-10-01,Wednesday,0,Autumn,Cloudy,No Occasion,0,296,7.88,100,80,81,35
2031-10-02,Thursday,0,Autumn,Rainy,No Occasion,0,201,4.33,90,55,33,23
2031-10-03,Friday,0,Autumn,Sunny,No Occasion,0,318,8.49,86,69,115,48
2031-10-04,Saturday,1,Autumn,Cloudy,Local Event,0,437,10.08,159,83,103,92
2031-10-05,Sunday,1,Autumn,Sunny,No Occasion,0,373,8.82,133,53,108,79
2031-10-06,Monday,0,Autumn,Rainy,No Occasion,0,253,6.87,111,99,28,15
2031-10-07,Tuesday,0,Autumn,Cloudy,No Occasion,0,237,6.46,88,70,47,32
2031-10-08,Wednesday,0,Autumn,Sunny,Festival,1,648,14.05,159,120,162,207
2031-10-09,Thursday,0,Autumn,Cloudy,No Occasion,0,253,7.58,51,92,47,63
2031-10-10,Friday,0,Autumn,Sunny,No Occasion,0,395,8.17,76,92,126,101
2031-10-11,Saturday,1,Autumn,Rainy,No Occasion,0,353,8.83,97,134,79,43
2031-10-12,Sunday,1,Autumn,Rainy,No Occasion,0,369,7.76,130,102,92,45
2031-10-13,Monday,0,Autumn,Cloudy,No Occasion,1,421,11.32,128,122,49,122
2031-10-14,Tuesday,0,Autumn,Sunny,No Occasion,0,286,7.24,109,107,36,34
2031-10-15,Wednesday,0,Autumn,Sunny,No Occasion,0,258,6.34,100,87,20,51
2031-10-16,Thursday,0,Autumn,Cloudy,No Occasion,0,341,9.63,97,106,95,43
2031-10-17,Friday,0,Autumn,Sunny,No Occasion,0,318,7.56,89,86,41,102
2031-10-18,Saturday,1,Autumn,Sunny,No Occasion,0,400,8.02,129,94,109,68
2031-10-19,Sunday,1,Autumn,Cloudy,Local Event,0,358,8.0,95,93,97,73
2031-10-20,Monday,0,Autumn,Cloudy,No Occasion,0,288,8.52,138,103,28,19
2031-10-21,Tuesday,0,Autumn,Sunny,No Occasion,0,428,8.86,128,135,151,14
2031-10-22,Wednesday,0,Autumn,Rainy,Festival,1,354,8.23,73,71,93,117
2031-10-23,Thursday,0,Autumn,Sunny,No Occasion,0,229,4.84,59,65,60,45
2031-10-24,Friday,0,Autumn,Rainy,No Occasion,0,312,6.63,78,116,40,78
2031-10-25,Saturday,1,Autumn,Sunny,Local Event,1,481,13.89,208,90,120,63
2031-10-26,Sunday,1,Autumn,Sunny,No Occasion,0,404,8.18,183,63,111,47
2031-10-27,Monday,0,Autumn,Cloudy,No Occasion,0,335,7.41,105,88,91,51
2031-10-28,Tuesday,0,Autumn,Sunny,No Occasion,0,350,10.16,158,88,81,23
2031-10-29,Wednesday,0,Autumn,Rainy,No Occasion,0,205,4.45,53,70,45,37
2031-10-30,Thursday,0,Autumn,Cloudy,No Occasion,0,219,4.82,67,61,82,9
2031-10-31,Friday,0,Autumn,Sunny,Local Event,1,458,10.13,156,119,93,90
2031-11-01,Saturday,1,Autumn,Sunny,No Occasion,0,414,9.41,141,108,66,99
2031-11-02,Sunday,1,Autumn,Rainy,Festival,1,406,10.08,117,92,93,104
2031-11-03,Monday,0,Autumn,Rainy,No Occasion,0,243,6.16,72,86,51,34
2031-11-04,Tuesday,0,Autumn,Rainy,No Occasion,0,211,4.35,70,76,44,21
2031-11-05,Wednesday,0,Autumn,Cloudy,No Occasion,0,363,8.76,137,92,76,58
2031-11-06,Thursday,0,Autumn,Sunny,Festival,1,530,14.28,141,90,127,172
2031-11-07,Friday,0,Autumn,Sunny,No Occasion,0,258,7.43,120,51,65,22
2031-11-08,Saturday,1,Autumn,Sunny,No Occasion,0,424,8.59,110,134,137,43
2031-11-09,Sunday,1,Autumn,Rainy,No Occasion,0,456,13.12,143,110,174,29
2031-11-10,Monday,0,Autumn,Cloudy,No Occasion,0,310,6.35,103,102,42,63
2031-11-11,Tuesday,0,Autumn,Sunny,No Occasion,0,276,7.47,120,35,70,51
2031-11-12,Wednesday,0,Autumn,Sunny,Festival,1,628,14.37,161,111,87,269
2031-11-13,Thursday,0,Autumn,Cloudy,No Occasion,0,321,9.53,137,83,47,54
2031-11-14,Friday,0,Autumn,Rainy,Festival,0,432,9.64,124,64,119,125
2031-11-15,Saturday,1,Autumn,Rainy,No Occasion,0,437,10.55,123,166,92,56
2031-11-16,Sunday,1,Autumn,Sunny,No Occasion,0,291,5.95,124,79,50,38
2031-11-17,Monday,0,Autumn,Cloudy,Local Event,0,301,6.13,115,84,69,33
2031-11-18,Tuesday,0,Autumn,Cloudy,Local Event,0,345,9.45,112,70,75,88
2031-11-19,Wednesday,0,Autumn,Sunny,Festival,1,581,16.62,135,132,117,197
2031-11-20,Thursday,0,Autumn,Sunny,No Occasion,0,366,9.88,105,91,74,96
2031-11-21,Friday,0,Autumn,Rainy,No Occasion,0,221,4.65,91,84,39,7
2031-11-22,Saturday,1,Autumn,Sunny,Festival,1,597,15.6,167,109,174,147
2031-11-23,Sunday,1,Autumn,Cloudy,No Occasion,0,454,11.89,157,123,97,77
2031-11-24,Monday,0,Autumn,Cloudy,No Occasion,0,255,6.86,108,61,60,26
2031-11-25,Tuesday,0,Autumn,Cloudy,No Occasion,0,304,7.0,91,102,71,40
2031-11-26,Wednesday,0,Autumn,Cloudy,Local Event,1,410,9.78,176,82,23,129
2031-11-27,Thursday,0,Autumn,Sunny,No Occasion,0,293,7.49,25,99,46,123
2031-11-28,Friday,0,Autumn,Sunny,No Occasion,0,364,10.23,108,67,102,87
2031-11-29,Saturday,1,Autumn,Cloudy,No Occasion,0,310,8.56,136,74,51,49
2031-11-30,Sunday,1,Autumn,Sunny,Local Event,1,468,12.69,184,51,108,125
2031-12-01,Monday,0,Winter,Sunny,No Occasion,0,268,7.2,78,76,55,59
2031-12-02,Tuesday,0,Winter,Cold,Festival,0,377,9.66,86,73,79,139
2031-12-03,Wednesday,0,Winter,Foggy,No Occasion,0,342,7.21,148,77,97,20
2031-12-04,Thursday,0,Winter,Foggy,No Occasion,0,273,6.17,73,94,58,48
2031-12-05,Friday,0,Winter,Foggy,No Occasion,0,251,5.45,128,21,42,60
2031-12-06,Saturday,1,Winter,Foggy,No Occasion,0,336,7.29,142,84,74,36
2031-12-07,Sunday,1,Winter,Cold,No Occasion,1,601,12.44,207,103,106,185
2031-12-08,Monday,0,Winter,Cold,No Occasion,0,391,9.28,121,59,70,141
2031-12-09,Tuesday,0,Winter,Rainy,No Occasion,0,203,4.32,79,51,30,43
2031-12-10,Wednesday,0,Winter,Sunny,No Occasion,0,368,8.58,114,124,51,79
2031-12-11,Thursday,0,Winter,Cold,Festival,1,511,10.91,107,74,94,236
2031-12-12,Friday,0,Winter,Cold,No Occasion,0,412,11.82,105,67,123,117
2031-12-13,Saturday,1,Winter,Sunny,No Occasion,0,460,10.02,183,120,134,23
2031-12-14,Sunday,1,Winter,Foggy,No Occasion,0,338,8.5,91,62,85,100
2031-12-15,Monday,0,Winter,Foggy,Festival,1,562,12.5,167,110,107,178
2031-12-16,Tuesday,0,Winter,Sunny,No Occasion,0,304,6.54,129,65,23,87
2031-12-17,Wednesday,0,Winter,Foggy,No Occasion,0,315,9.34,71,107,66,71
2031-12-18,Thursday,0,Winter,Cold,No Occasion,0,327,8.64,48,74,67,138
2031-12-19,Friday,0,Winter,Foggy,No Occasion,0,175,4.48,36,68,29,42
2031-12-20,Saturday,1,Winter,Foggy,No Occasion,0,386,11.47,108,67,90,121
2031-12-21,Sunday,1,Winter,Sunny,No Occasion,0,381,10.98,135,82,102,62
2031-12-22,Monday,0,Winter,Sunny,No Occasion,0,258,7.06,88,71,37,62
2031-12-23,Tuesday,0,Winter,Sunny,No Occasion,0,397,8.02,130,101,74,92
2031-12-24,Wednesday,0,Winter,Rainy,No Occasion,0,147,4.08,50,63,20,14
2031-12-25,Thursday,0,Winter,Cold,No Occasion,0,358,8.42,80,58,81,139
2031-12-26,Friday,0,Winter,Foggy,No Occasion,0,278,8.23,83,72,58,65
2031-12-27,Saturday,1,Winter,Foggy,Local Event,0,321,7.05,94,79,80,68
2031-12-28,Sunday,1,Winter,Sunny,Festival,1,755,21.05,224,92,202,237
2031-12-29,Monday,0,Winter,Foggy,No Occasion,0,313,7.42,98,79,35,101
2031-12-30,Tuesday,0,Winter,Sunny,Local Event,0,240,5.38,89,57,24,70
2031-12-31,Wednesday,0,Winter,Cold,No Occasion,0,277,7.18,98,84,29,66
2032-01-01,Thursday,0,Winter,Foggy,No Occasion,0,254,7.06,112,44,64,34
2032-01-02,Friday,0,Winter,Foggy,No Occasion,0,367,10.64,142,31,134,60
2032-01-03,Saturday,1,Winter,Cold,Local Event,1,453,11.68,139,77,91,146
2032-01-04,Sunday,1,Winter,Cold,Festival,0,565,14.9,94,116,162,193
2032-01-05,Monday,0,Winter,Sunny,Festival,1,629,15.35,131,146,162,190
2032-01-06,Tuesday,0,Winter,Sunny,No Occasion,0,332,6.74,120,22,92,98
2032-01-07,Wednesday,0,Winter,Rainy,No Occasion,0,227,6.74,57,67,66,37
2032-01-08,Thursday,0,Winter,Cold,No Occasion,0,392,8.89,89,81,86,136
2032-01-09,Friday,0,Winter,Sunny,No Occasion,0,254,6.92,91,73,48,42
2032-01-10,Saturday,1,Winter,Cold,No Occasion,0,318,6.77,105,50,75,88
2032-01-11,Sunday,1,Winter,Cold,No Occasion,0,421,10.91,102,91,103,125
2032-01-12,Monday,0,Winter,Cold,No Occasion,0,238,5.64,56,63,40,79
2032-01-13,Tuesday,0,Winter,Cold,No Occasion,0,276,7.7,64,58,40,114
2032-01-14,Wednesday,0,Winter,Sunny,Local Event,1,361,7.99,101,78,15,167
2032-01-15,Thursday,0,Winter,Cold,No Occasion,0,445,10.71,145,102,55,143
2032-01-16,Friday,0,Winter,Foggy,No Occasion,0,254,6.81,74,79,56,45
2032-01-17,Saturday,1,Winter,Cold,No Occasion,0,491,11.08,133,146,127,85
2032-01-18,Sunday,1,Winter,Sunny,No Occasion,0,402,10.62,163,81,45,113
2032-01-19,Monday,0,Winter,Foggy,No Occasion,0,282,6.29,92,78,30,82
2032-01-20,Tuesday,0,Winter,Cold,Local Event,1,390,8.62,85,109,72,124
2032-01-21,Wednesday,0,Winter,Sunny,Festival,0,575,14.99,184,97,129,165
2032-01-22,Thursday,0,Winter,Foggy,No Occasion,0,302,7.91,77,58,93,74
2032-01-23,Friday,0,Winter,Cold,Local Event,0,326,7.07,65,102,25,134
2032-01-24,Saturday,1,Winter,Foggy,Local Event,1,491,12.88,173,50,143,125
2032-01-25,Sunday,1,Winter,Cold,No Occasion,0,468,11.75,194,119,30,125
2032-01-26,Monday,0,Winter,Foggy,Local Event,0,349,7.85,87,86,77,99
2032-01-27,Tuesday,0,Winter,Sunny,No Occasion,0,377,10.75,95,107,91,84
2032-01-28,Wednesday,0,Winter,Cold,No Occasion,0,287,5.98,73,44,106,64
2032-01-29,Thursday,0,Winter,Sunny,No Occasion,0,288,6.07,106,66,56,60
2032-01-30,Friday,0,Winter,Cold,No Occasion,0,359,8.52,127,93,33,106
2032-01-31,Saturday,1,Winter,Rainy,Local Event,1,313,7.04,91,89,64,69
2032-02-01,Sunday,1,Winter,Foggy,No Occasion,0,326,9.6,124,97,31,74
2032-02-02,Monday,0,Winter,Sunny,Festival,1,598,12.61,116,141,112,229
2032-02-03,Tuesday,0,Winter,Foggy,No Occasion,0,308,8.82,82,107,57,62
2032-02-04,Wednesday,0,Winter,Rainy,No Occasion,0,261,6.94,80,42,50,89
2032-02-05,Thursday,0,Winter,Cold,No Occasion,0,266,6.98,98,80,21,67
2032-02-06,Friday,0,Winter,Cold,No Occasion,0,376,9.11,90,118,20,148
2032-02-07,Saturday,1,Winter,Foggy,No Occasion,0,482,12.22,199,93,72,118
2032-02-08,Sunday,1,Winter,Foggy,No Occasion,0,370,9.75,134,55,90,91
2032-02-09,Monday,0,Winter,Cold,Local Event,0,281,5.71,117,65,15,84
2032-02-10,Tuesday,0,Winter,Cold,Festival,1,586,12.71,81,113,83,309
2032-02-11,Wednesday,0,Winter,Foggy,No Occasion,0,284,7.53,116,81,39,48
2032-02-12,Thursday,0,Winter,Cold,No Occasion,0,183,4.16,64,49,39,31
2032-02-13,Friday,0,Winter,Rainy,No Occasion,0,233,5.47,77,59,49,48
2032-02-14,Saturday,1,Winter,Foggy,No Occasion,0,366,8.77,144,112,67,43
2032-02-15,Sunday,1,Winter,Foggy,No Occasion,0,299,7.47,125,74,34,66
2032-02-16,Monday,0,Winter,Foggy,Festival,1,524,13.43,124,74,132,194
2032-02-17,Tuesday,0,Winter,Foggy,No Occasion,0,170,4.71,53,23,40,54
2032-02-18,Wednesday,0,Winter,Sunny,No Occasion,0,375,10.79,108,93,70,104
2032-02-19,Thursday,0,Winter,Sunny,No Occasion,0,256,6.94,104,65,43,44
2032-02-20,Friday,0,Winter,Foggy,No Occasion,0,216,5.79,90,21,50,55
2032-02-21,Saturday,1,Winter,Cold,No Occasion,0,338,8.99,139,69,27,103
2032-02-22,Sunday,1,Winter,Foggy,No Occasion,0,397,9.12,171,77,76,73
2032-02-23,Monday,0,Winter,Cold,No Occasion,0,255,5.95,68,50,56,81
2032-02-24,Tuesday,0,Winter,Foggy,No Occasion,0,389,9.03,116,101,71,101
2032-02-25,Wednesday,0,Winter,Rainy,No Occasion,0,218,6.15,67,50,54,47
2032-02-26,Thursday,0,Winter,Foggy,No Occasion,0,219,6.42,63,72,53,31
2032-02-27,Friday,0,Winter,Cold,No Occasion,0,398,11.42,109,63,91,135
2032-02-28,Saturday,1,Winter,Sunny,No Occasion,0,441,12.49,164,94,53,130
2032-02-29,Sunday,1,Winter,Cold,No Occasion,0,418,11.33,135,63,79,141
2032-03-01,Monday,0,Summer,Cloudy,No Occasion,0,310,7.32,91,96,76,47
2032-03-02,Tuesday,0,Summer,Sunny,Festival,1,560,14.58,80,176,138,166
2032-03-03,Wednesday,0,Summer,Cloudy,No Occasion,0,310,7.87,113,92,23,82
2032-03-04,Thursday,0,Summer,Sunny,Festival,0,505,12.33,100,111,171,123
2032-03-05,Friday,0,Summer,Sunny,No Occasion,0,297,8.57,104,75,82,36
2032-03-06,Saturday,1,Summer,Cloudy,No Occasion,0,356,10.36,159,80,56,61
2032-03-07,Sunday,1,Summer,Cloudy,No Occasion,0,428,9.46,154,104,127,43
2032-03-08,Monday,0,Summer,Rainy,No Occasion,0,241,6.01,80,87,51,23
2032-03-09,Tuesday,0,Summer,Sunny,No Occasion,0,360,9.67,168,102,32,58
2032-03-10,Wednesday,0,Summer,Cloudy,Festival,1,556,12.68,159,143,113,141
2032-03-11,Thursday,0,Summer,Cloudy,No Occasion,0,300,6.83,77,103,43,77
2032-03-12,Friday,0,Summer,Sunny,No Occasion,0,377,7.74,96,104,83,94
2032-03-13,Saturday,1,Summer,Sunny,No Occasion,0,375,8.42,115,141,82,37
2032-03-14,Sunday,1,Summer,Sunny,No Occasion,0,457,10.36,203,101,84,69
2032-03-15,Monday,0,Summer,Cloudy,No Occasion,0,361,10.58,129,124,8,100
2032-03-16,Tuesday,0,Summer,Cloudy,No Occasion,0,352,9.05,124,128,69,31
2032-03-17,Wednesday,0,Summer,Cloudy,No Occasion,0,236,6.88,66,88,70,12
2032-03-18,Thursday,0,Summer,Cloudy,No Occasion,0,333,6.87,111,78,79,65
2032-03-19,Friday,0,Summer,Cloudy,No Occasion,0,209,5.12,61,86,37,25
2032-03-20,Saturday,1,Summer,Sunny,No Occasion,0,363,7.69,132,116,63,52
2032-03-21,Sunday,1,Summer,Sunny,No Occasion,0,357,10.0,109,76,112,60
2032-03-22,Monday,0,Summer,Sunny,No Occasion,0,228,5.53,24,80,59,65
2032-03-23,Tuesday,0,Summer,Cloudy,No Occasion,0,318,9.11,82,88,73,75
2032-03-24,Wednesday,0,Summer,Sunny,No Occasion,0,273,7.53,106,60,66,41
2032-03-25,Thursday,0,Summer,Sunny,No Occasion,0,206,5.73,76,45,63,22
2032-03-26,Friday,0,Summer,Sunny,No Occasion,0,206,5.97,46,91,45,24
2032-03-27,Saturday,1,Summer,Sunny,No Occasion,0,415,10.77,139,101,89,86
2032-03-28,Sunday,1,Summer,Sunny,Festival,1,615,14.82,103,177,168,167
2032-03-29,Monday,0,Summer,Sunny,No Occasion,0,260,6.61,56,84,72,48
2032-03-30,Tuesday,0,Summer,Sunny,No Occasion,0,345,10.13,82,158,72,33
2032-03-31,Wednesday,0,Summer,Cloudy,No Occasion,0,302,8.21,101,103,52,46
2032-04-01,Thursday,0,Summer,Cloudy,Local Event,1,341,9.36,113,75,64,89
2032-04-02,Friday,0,Summer,Cloudy,No Occasion,0,284,7.26,64,122,26,72
2032-04-03,Saturday,1,Summer,Cloudy,No Occasion,0,446,11.59,151,120,94,81
2032-04-04,Sunday,1,Summer,Cloudy,Local Event,0,472,10.4,159,139,91,83
2032-04-05,Monday,0,Summer,Sunny,No Occasion,0,307,6.18,90,90,57,70
2032-04-06,Tuesday,0,Summer,Cloudy,Festival,1,605,15.76,202,90,75,238
2032-04-07,Wednesday,0,Summer,Sunny,No Occasion,0,304,8.63,95,93,34,82
2032-04-08,Thursday,0,Summer,Sunny,No Occasion,0,297,7.49,108,110,29,50
2032-04-09,Friday,0,Summer,Sunny,No Occasion,0,280,7.02,69,108,37,66
2032-04-10,Saturday,1,Summer,Rainy,No Occasion,0,358,9.53,133,148,72,5
2032-04-11,Sunday,1,Summer,Sunny,No Occasion,0,463,11.44,167,141,52,103
2032-04-12,Monday,0,Summer,Sunny,No Occasion,0,358,8.77,123,124,58,53
2032-04-13,Tuesday,0,Summer,Cloudy,No Occasion,0,272,6.57,76,106,57,33
2032-04-14,Wednesday,0,Summer,Cloudy,Local Event,1,406,8.63,108,98,100,100
2032-04-15,Thursday,0,Summer,Cloudy,No Occasion,0,281,8.43,69,89,67,56
2032-04-16,Friday,0,Summer,Sunny,No Occasion,0,314,9.01,106,113,81,14
2032-04-17,Saturday,1,Summer,Cloudy,No Occasion,0,415,8.6,166,84,87,78
2032-04-18,Sunday,1,Summer,Sunny,No Occasion,0,422,11.0,154,105,96,67
2032-04-19,Monday,0,Summer,Sunny,No Occasion,0,388,11.56,85,163,58,82
2032-04-20,Tuesday,0,Summer,Rainy,No Occasion,0,222,5.34,52,88,76,6
2032-04-21,Wednesday,0,Summer,Cloudy,No Occasion,0,366,9.45,140,124,76,26
2032-04-22,Thursday,0,Summer,Sunny,Local Event,0,352,9.93,127,129,54,42
2032-04-23,Friday,0,Summer,Cloudy,No Occasion,0,255,7.48,78,112,50,15
2032-04-24,Saturday,1,Summer,Rainy,No Occasion,0,255,6.91,85,87,40,43
2032-04-25,Sunday,1,Summer,Rainy,No Occasion,0,349,7.0,105,158,76,10
2032-04-26,Monday,0,Summer,Cloudy,No Occasion,0,276,7.9,95,113,32,36
2032-04-27,Tuesday,0,Summer,Sunny,No Occasion,0,266,6.45,89,101,41,35
2032-04-28,Wednesday,0,Summer,Cloudy,Local Event,0,327,7.92,82,112,75,58
2032-04-29,Thursday,0,Summer,Sunny,No Occasion,0,222,5.83,46,78,47,51
2032-04-30,Friday,0,Summer,Sunny,No Occasion,0,332,8.39,132,125,6,69
2032-05-01,Saturday,1,Summer,Sunny,Festival,1,508,13.79,147,87,114,160
2032-05-02,Sunday,1,Summer,Sunny,No Occasion,0,407,10.75,142,78,144,43
2032-05-03,Monday,0,Summer,Sunny,Festival,1,582,17.18,100,167,165,150
2032-05-04,Tuesday,0,Summer,Sunny,No Occasion,0,394,8.91,133,121,58,82
2032-05-05,Wednesday,0,Summer,Sunny,No Occasion,0,296,8.25,91,128,48,29
2032-05-06,Thursday,0,Summer,Cloudy,No Occasion,0,309,6.74,65,120,117,7
2032-05-07,Friday,0,Summer,Sunny,No Occasion,0,313,9.3,127,140,40,6
2032-05-08,Saturday,1,Summer,Sunny,Festival,1,776,19.87,199,145,174,258
2032-05-09,Sunday,1,Summer,Sunny,No Occasion,0,368,7.62,131,120,84,33
2032-05-10,Monday,0,Summer,Sunny,Festival,1,586,15.88,140,104,156,186
2032-05-11,Tuesday,0,Summer,Cloudy,No Occasion,0,221,5.82,48,68,69,36
2032-05-12,Wednesday,0,Summer,Cloudy,No Occasion,0,306,7.03,80,138,63,25
2032-05-13,Thursday,0,Summer,Sunny,Festival,1,683,19.81,162,106,165,250
2032-05-14,Friday,0,Summer,Sunny,No Occasion,0,317,7.15,111,118,27,61
2032-05-15,Saturday,1,Summer,Sunny,No Occasion,0,405,11.98,160,105,53,87
2032-05-16,Sunday,1,Summer,Sunny,No Occasion,0,489,10.05,151,128,135,75
2032-05-17,Monday,0,Summer,Sunny,Festival,0,501,13.29,90,115,151,145
2032-05-18,Tuesday,0,Summer,Sunny,No Occasion,1,483,11.95,131,171,93,88
2032-05-19,Wednesday,0,Summer,Sunny,No Occasion,0,172,3.84,80,52,32,8
2032-05-20,Thursday,0,Summer,Cloudy,No Occasion,0,358,8.02,70,139,126,23
2032-05-21,Friday,0,Summer,Sunny,No Occasion,0,220,5.17,72,72,56,20
2032-05-22,Saturday,1,Summer,Sunny,No Occasion,0,377,9.04,139,117,23,98
2032-05-23,Sunday,1,Summer,Cloudy,No Occasion,1,499,14.25,120,172,97,110
2032-05-24,Monday,0,Summer,Sunny,No Occasion,0,356,10.58,137,101,92,26
2032-05-25,Tuesday,0,Summer,Sunny,No Occasion,0,344,8.69,103,117,63,61
2032-05-26,Wednesday,0,Summer,Sunny,No Occasion,0,286,8.03,73,95,70,48
2032-05-27,Thursday,0,Summer,Cloudy,Festival,1,653,15.09,152,230,107,164
2032-05-28,Friday,0,Summer,Sunny,No Occasion,0,326,8.98,109,81,75,61
2032-05-29,Saturday,1,Summer,Cloudy,Local Event,1,542,14.45,209,94,120,119
2032-05-30,Sunday,1,Summer,Rainy,No Occasion,0,394,9.61,111,138,114,31
2032-05-31,Monday,0,Summer,Sunny,No Occasion,0,392,8.72,130,111,87,64
2032-06-01,Tuesday,0,Monsoon,Cloudy,Local Event,0,261,5.55,92,47,79,43
2032-06-02,Wednesday,0,Monsoon,Rainy,No Occasion,0,342,7.14,128,107,35,72
2032-06-03,Thursday,0,Monsoon,Cloudy,No Occasion,0,333,7.31,121,106,67,39
2032-06-04,Friday,0,Monsoon,Cloudy,No Occasion,0,381,10.14,156,98,39,88
2032-06-05,Saturday,1,Monsoon,Cloudy,No Occasion,0,428,10.26,158,79,110,81
2032-06-06,Sunday,1,Monsoon,Rainy,No Occasion,0,349,8.35,96,172,43,38
2032-06-07,Monday,0,Monsoon,Heavy Rain,No Occasion,0,221,4.66,92,76,10,43
2032-06-08,Tuesday,0,Monsoon,Rainy,No Occasion,0,177,3.76,70,68,28,11
2032-06-09,Wednesday,0,Monsoon,Rainy,No Occasion,0,211,5.45,61,64,38,48
2032-06-10,Thursday,0,Monsoon,Cloudy,Festival,1,571,14.69,93,118,176,184
2032-06-11,Friday,0,Monsoon,Rainy,No Occasion,0,228,5.83,79,87,56,6
2032-06-12,Saturday,1,Monsoon,Cloudy,No Occasion,0,421,10.46,141,90,100,90
2032-06-13,Sunday,1,Monsoon,Rainy,No Occasion,0,442,11.61,135,125,160,22
2032-06-14,Monday,0,Monsoon,Cloudy,No Occasion,0,321,8.45,115,58,92,56
2032-06-15,Tuesday,0,Monsoon,Rainy,No Occasion,0,336,8.63,72,142,76,46
2032-06-16,Wednesday,0,Monsoon,Cloudy,No Occasion,0,323,8.07,93,88,89,53
2032-06-17,Thursday,0,Monsoon,Cloudy,Local Event,0,321,8.25,81,88,75,77
2032-06-18,Friday,0,Monsoon,Rainy,No Occasion,0,177,3.82,60,59,43,15
2032-06-19,Saturday,1,Monsoon,Rainy,No Occasion,0,260,5.52,73,110,46,31
2032-06-20,Sunday,1,Monsoon,Sunny,No Occasion,0,332,6.64,103,83,81,65
2032-06-21,Monday,0,Monsoon,Cloudy,Festival,1,611,12.77,131,56,212,212
2032-06-22,Tuesday,0,Monsoon,Rainy,No Occasion,0,217,6.26,76,107,19,15
2032-06-23,Wednesday,0,Monsoon,Rainy,No Occasion,0,243,5.68,50,83,84,26
2032-06-24,Thursday,0,Monsoon,Rainy,No Occasion,0,295,8.36,101,94,71,29
2032-06-25,Friday,0,Monsoon,Rainy,No Occasion,0,260,6.84,51,80,78,51
2032-06-26,Saturday,1,Monsoon,Cloudy,No Occasion,0,430,12.34,194,85,79,72
2032-06-27,Sunday,1,Monsoon,Rainy,Local Event,0,298,7.04,111,96,59,32
2032-06-28,Monday,0,Monsoon,Rainy,No Occasion,0,119,2.99,31,51,17,20
2032-06-29,Tuesday,0,Monsoon,Rainy,No Occasion,0,139,2.79,60,49,20,10
2032-06-30,Wednesday,0,Monsoon,Rainy,Local Event,0,213,5.77,62,66,37,48
2032-07-01,Thursday,0,Monsoon,Heavy Rain,No Occasion,0,262,6.19,96,98,37,31
2032-07-02,Friday,0,Monsoon,Rainy,No Occasion,0,234,6.2,53,85,63,33
2032-07-03,Saturday,1,Monsoon,Rainy,Festival,1,454,11.11,121,104,129,100
2032-07-04,Sunday,1,Monsoon,Rainy,No Occasion,0,407,8.22,190,118,78,21
2032-07-05,Monday,0,Monsoon,Heavy Rain,No Occasion,0,171,3.54,45,77,34,15
2032-07-06,Tuesday,0,Monsoon,Cloudy,No Occasion,1,388,9.15,135,109,40,104
2032-07-07,Wednesday,0,Monsoon,Sunny,No Occasion,0,373,9.69,142,137,67,27
2032-07-08,Thursday,0,Monsoon,Sunny,No Occasion,0,283,7.92,100,94,65,24
2032-07-09,Friday,0,Monsoon,Rainy,No Occasion,0,288,6.71,91,105,51,41
2032-07-10,Saturday,1,Monsoon,Rainy,Local Event,0,371,7.71,127,122,64,58
2032-07-11,Sunday,1,Monsoon,Rainy,No Occasion,0,376,7.85,113,144,102,17
2032-07-12,Monday,0,Monsoon,Rainy,Local Event,0,202,5.57,40,84,40,38
2032-07-13,Tuesday,0,Monsoon,Heavy Rain,No Occasion,0,135,3.05,37,52,29,17
2032-07-14,Wednesday,0,Monsoon,Heavy Rain,Festival,1,320,6.96,53,94,79,94
2032-07-15,Thursday,0,Monsoon,Rainy,Local Event,0,274,6.49,79,54,83,58
2032-07-16,Friday,0,Monsoon,Rainy,No Occasion,0,182,4.04,49,63,31,39
2032-07-17,Saturday,1,Monsoon,Rainy,No Occasion,0,259,7.15,103,83,72,1
2032-07-18,Sunday,1,Monsoon,Cloudy,No Occasion,0,479,13.45,171,53,140,115
2032-07-19,Monday,0,Monsoon,Rainy,No Occasion,0,278,8.22,101,96,61,20
2032-07-20,Tuesday,0,Monsoon,Sunny,No Occasion,0,325,6.8,98,72,101,54
2032-07-21,Wednesday,0,Monsoon,Cloudy,No Occasion,0,311,7.35,83,86,116,26
2032-07-22,Thursday,0,Monsoon,Rainy,No Occasion,0,363,7.34,119,129,99,16
2032-07-23,Friday,0,Monsoon,Rainy,No Occasion,0,268,6.56,54,112,59,43
2032-07-24,Saturday,1,Monsoon,Heavy Rain,No Occasion,1,360,8.49,101,118,89,52
2032-07-25,Sunday,1,Monsoon,Sunny,No Occasion,0,373,9.34,91,125,133,24
2032-07-26,Monday,0,Monsoon,Sunny,No Occasion,0,265,6.76,76,68,43,78
2032-07-27,Tuesday,0,Monsoon,Rainy,No Occasion,0,177,4.17,65,49,57,6
2032-07-28,Wednesday,0,Monsoon,Cloudy,No Occasion,0,218,6.19,75,52,48,43
2032-07-29,Thursday,0,Monsoon,Rainy,No Occasion,0,323,6.85,142,147,18,16
2032-07-30,Friday,0,Monsoon,Cloudy,No Occasion,0,344,7.97,86,71,127,60
2032-07-31,Saturday,1,Monsoon,Rainy,No Occasion,0,435,10.35,152,103,114,66
2032-08-01,Sunday,1,Monsoon,Rainy,Festival,1,360,10.66,108,81,103,68
2032-08-02,Monday,0,Monsoon,Cloudy,Festival,1,303,6.52,110,50,60,83
2032-08-03,Tuesday,0,Monsoon,Cloudy,No Occasion,0,326,8.36,88,91,65,82
2032-08-04,Wednesday,0,Monsoon,Rainy,No Occasion,0,264,5.81,78,82,96,8
2032-08-05,Thursday,0,Monsoon,Sunny,No Occasion,0,273,8.13,93,48,78,54
2032-08-06,Friday,0,Monsoon,Rainy,No Occasion,0,229,6.03,90,66,57,16
2032-08-07,Saturday,1,Monsoon,Rainy,No Occasion,0,347,7.44,100,120,77,50
2032-08-08,Sunday,1,Monsoon,Rainy,No Occasion,0,447,11.04,161,126,104,56
2032-08-09,Monday,0,Monsoon,Cloudy,No Occasion,0,363,10.05,113,96,96,58
2032-08-10,Tuesday,0,Monsoon,Rainy,No Occasion,0,277,7.24,63,96,82,36
2032-08-11,Wednesday,0,Monsoon,Rainy,No Occasion,0,283,7.82,91,90,67,35
2032-08-12,Thursday,0,Monsoon,Cloudy,No Occasion,0,316,6.69,79,71,65,101
2032-08-13,Friday,0,Monsoon,Rainy,No Occasion,0,212,6.27,61,54,66,31
2032-08-14,Saturday,1,Monsoon,Rainy,No Occasion,0,298,8.03,103,107,82,6
2032-08-15,Sunday,1,Monsoon,Heavy Rain,Festival,1,391,9.5,112,111,61,107
2032-08-16,Monday,0,Monsoon,Rainy,No Occasion,0,248,7.37,76,77,63,32
2032-08-17,Tuesday,0,Monsoon,Sunny,No Occasion,0,292,6.34,128,77,80,7
2032-08-18,Wednesday,0,Monsoon,Cloudy,Festival,1,515,14.75,151,74,97,193
2032-08-19,Thursday,0,Monsoon,Rainy,No Occasion,0,341,8.79,105,96,90,50
2032-08-20,Friday,0,Monsoon,Heavy Rain,Festival,0,290,6.91,89,63,71,67
2032-08-21,Saturday,1,Monsoon,Sunny,Festival,1,627,16.72,153,77,147,250
2032-08-22,Sunday,1,Monsoon,Rainy,No Occasion,0,286,8.08,109,88,84,5
2032-08-23,Monday,0,Monsoon,Cloudy,No Occasion,0,313,7.75,112,132,31,38
2032-08-24,Tuesday,0,Monsoon,Sunny,No Occasion,0,331,8.48,154,24,113,40
2032-08-25,Wednesday,0,Monsoon,Rainy,Festival,1,306,7.05,61,70,68,107
2032-08-26,Thursday,0,Monsoon,Rainy,No Occasion,0,196,4.11,82,53,26,35
2032-08-27,Friday,0,Monsoon,Rainy,Festival,1,256,5.41,54,64,69,69
2032-08-28,Saturday,1,Monsoon,Heavy Rain,No Occasion,1,271,6.1,89,86,54,42
2032-08-29,Sunday,1,Monsoon,Heavy Rain,Festival,1,346,7.86,99,103,84,60
2032-08-30,Monday,0,Monsoon,Rainy,No Occasion,0,328,6.71,99,129,57,43
2032-08-31,Tuesday,0,Monsoon,Sunny,Festival,1,511,11.45,101,117,130,163
2032-09-01,Wednesday,0,Monsoon,Rainy,No Occasion,0,230,4.6,75,54,39,62
2032-09-02,Thursday,0,Monsoon,Rainy,Local Event,1,294,6.01,84,111,59,40
2032-09-03,Friday,0,Monsoon,Heavy Rain,No Occasion,0,207,5.37,83,86,28,10
2032-09-04,Saturday,1,Monsoon,Heavy Rain,No Occasion,1,231,4.81,70,80,49,32
2032-09-05,Sunday,1,Monsoon,Cloudy,No Occasion,0,431,9.74,147,77,124,83
2032-09-06,Monday,0,Monsoon,Cloudy,No Occasion,0,224,5.98,99,41,41,43
2032-09-07,Tuesday,0,Monsoon,Rainy,No Occasion,0,241,5.33,34,76,71,60
2032-09-08,Wednesday,0,Monsoon,Rainy,No Occasion,0,196,5.05,63,73,51,9
2032-09-09,Thursday,0,Monsoon,Rainy,No Occasion,0,235,6.28,46,79,87,23
2032-09-10,Friday,0,Monsoon,Rainy,No Occasion,0,152,3.12,44,54,40,14
2032-09-11,Saturday,1,Monsoon,Sunny,No Occasion,0,393,7.91,130,91,111,61
2032-09-12,Sunday,1,Monsoon,Rainy,No Occasion,0,274,6.67,105,82,62,25
2032-09-13,Monday,0,Monsoon,Rainy,No Occasion,0,322,8.2,103,105,71,43
2032-09-14,Tuesday,0,Monsoon,Cloudy,No Occasion,0,332,9.88,129,38,107,58
2032-09-15,Wednesday,0,Monsoon,Rainy,No Occasion,0,228,5.33,90,57,38,43
2032-09-16,Thursday,0,Monsoon,Rainy,No Occasion,0,275,7.76,75,120,66,14
2032-09-17,Friday,0,Monsoon,Rainy,No Occasion,0,202,5.79,83,56,40,23
2032-09-18,Saturday,1,Monsoon,Heavy Rain,No Occasion,1,234,6.16,110,60,22,42
2032-09-19,Sunday,1,Monsoon,Cloudy,No Occasion,0,439,9.24,216,73,100,50
2032-09-20,Monday,0,Monsoon,Sunny,No Occasion,0,168,3.67,61,57,43,7
2032-09-21,Tuesday,0,Monsoon,Rainy,No Occasion,0,318,9.34,74,109,57,78
2032-09-22,Wednesday,0,Monsoon,Rainy,No Occasion,0,306,9.12,96,130,73,7
2032-09-23,Thursday,0,Monsoon,Rainy,No Occasion,0,204,5.27,72,81,46,5
2032-09-24,Friday,0,Monsoon,Sunny,No Occasion,0,371,9.95,84,87,136,64
2032-09-25,Saturday,1,Monsoon,Sunny,No Occasion,0,401,10.63,189,87,100,25
2032-09-26,Sunday,1,Monsoon,Rainy,No Occasion,0,320,8.24,80,127,95,18
2032-09-27,Monday,0,Monsoon,Cloudy,No Occasion,0,340,8.73,112,91,93,44
2032-09-28,Tuesday,0,Monsoon,Rainy,Festival,1,331,9.04,72,93,83,83
2032-09-29,Wednesday,0,Monsoon,Rainy,Festival,0,428,12.66,120,82,130,96
2032-09-30,Thursday,0,Monsoon,Cloudy,No Occasion,0,208,5.72,64,59,27,58
2032-10-01,Friday,0,Autumn,Sunny,No Occasion,0,315,7.58,56,109,77,73
2032-10-02,Saturday,1,Autumn,Sunny,Festival,0,455,11.23,114,118,129,94
2032-10-03,Sunday,1,Autumn,Cloudy,No Occasion,0,423,8.88,157,122,86,58
2032-10-04,Monday,0,Autumn,Sunny,No Occasion,0,216,4.42,62,58,67,29
2032-10-05,Tuesday,0,Autumn,Cloudy,No Occasion,0,407,11.61,166,95,97,49
2032-10-06,Wednesday,0,Autumn,Sunny,No Occasion,0,422,12.49,65,152,119,86
2032-10-07,Thursday,0,Autumn,Cloudy,No Occasion,0,379,9.25,124,57,133,65
2032-10-08,Friday,0,Autumn,Sunny,No Occasion,0,337,7.31,81,15,111,130
2032-10-09,Saturday,1,Autumn,Cloudy,No Occasion,0,432,10.21,116,129,151,36
2032-10-10,Sunday,1,Autumn,Sunny,No Occasion,0,331,7.46,108,71,86,66
2032-10-11,Monday,0,Autumn,Sunny,No Occasion,0,387,10.53,215,136,26,10
2032-10-12,Tuesday,0,Autumn,Sunny,No Occasion,0,403,8.64,106,168,54,75
2032-10-13,Wednesday,0,Autumn,Rainy,No Occasion,0,231,4.71,82,96,47,6
2032-10-14,Thursday,0,Autumn,Cloudy,No Occasion,0,315,6.83,107,94,80,34
2032-10-15,Friday,0,Autumn,Sunny,No Occasion,0,348,7.11,90,147,49,62
2032-10-16,Saturday,1,Autumn,Cloudy,No Occasion,0,305,6.82,103,99,86,17
2032-10-17,Sunday,1,Autumn,Cloudy,No Occasion,0,415,10.73,109,142,66,98
2032-10-18,Monday,0,Autumn,Cloudy,No Occasion,0,382,10.55,145,127,71,39
2032-10-19,Tuesday,0,Autumn,Sunny,Local Event,0,313,7.24,152,127,12,22
2032-10-20,Wednesday,0,Autumn,Rainy,Local Event,0,232,6.38,67,73,59,33
2032-10-21,Thursday,0,Autumn,Sunny,No Occasion,0,401,10.72,226,94,37,44
2032-10-22,Friday,0,Autumn,Sunny,No Occasion,0,393,7.88,113,68,69,143
2032-10-23,Saturday,1,Autumn,Sunny,No Occasion,0,487,10.73,181,79,161,66
2032-10-24,Sunday,1,Autumn,Sunny,No Occasion,0,382,9.67,97,116,111,58
2032-10-25,Monday,0,Autumn,Sunny,No Occasion,0,351,7.29,121,88,66,76
2032-10-26,Tuesday,0,Autumn,Cloudy,No Occasion,0,335,6.99,136,74,73,52
2032-10-27,Wednesday,0,Autumn,Sunny,No Occasion,0,351,7.23,108,36,80,127
2032-10-28,Thursday,0,Autumn,Cloudy,No Occasion,0,350,9.23,112,68,73,97
2032-10-29,Friday,0,Autumn,Cloudy,No Occasion,0,307,7.39,167,27,29,84
2032-10-30,Saturday,1,Autumn,Cloudy,No Occasion,0,437,13.03,206,78,82,71
2032-10-31,Sunday,1,Autumn,Cloudy,No Occasion,0,398,10.69,146,133,29,90
2032-11-01,Monday,0,Autumn,Rainy,Festival,1,281,8.14,57,95,65,64
2032-11-02,Tuesday,0,Autumn,Rainy,No Occasion,0,242,6.7,72,80,86,4
2032-11-03,Wednesday,0,Autumn,Sunny,No Occasion,0,367,10.63,141,118,26,82
2032-11-04,Thursday,0,Autumn,Sunny,Festival,1,586,16.87,136,83,123,244
2032-11-05,Friday,0,Autumn,Cloudy,No Occasion,0,292,7.04,107,71,72,42
2032-11-06,Saturday,1,Autumn,Rainy,No Occasion,0,370,8.09,148,83,130,9
2032-11-07,Sunday,1,Autumn,Sunny,No Occasion,0,336,9.03,110,93,102,31
2032-11-08,Monday,0,Autumn,Sunny,No Occasion,0,280,8.35,124,47,75,34
2032-11-09,Tuesday,0,Autumn,Cloudy,No Occasion,0,374,9.84,78,66,120,110
2032-11-10,Wednesday,0,Autumn,Sunny,No Occasion,0,286,6.01,94,83,64,45
2032-11-11,Thursday,0,Autumn,Sunny,No Occasion,0,366,9.07,106,128,59,73
2032-11-12,Friday,0,Autumn,Cloudy,Festival,1,566,11.34,122,93,126,225
2032-11-13,Saturday,1,Autumn,Cloudy,No Occasion,0,350,7.87,121,94,91,44
2032-11-14,Sunday,1,Autumn,Sunny,No Occasion,0,419,9.53,156,151,96,16
2032-11-15,Monday,0,Autumn,Sunny,No Occasion,0,283,7.39,88,89,79,27
2032-11-16,Tuesday,0,Autumn,Sunny,No Occasion,0,344,9.37,120,73,60,91
2032-11-17,Wednesday,0,Autumn,Cloudy,Local Event,1,487,10.81,199,83,112,93
2032-11-18,Thursday,0,Autumn,Cloudy,Festival,1,617,16.6,72,129,63,353
2032-11-19,Friday,0,Autumn,Rainy,No Occasion,0,248,5.0,95,82,33,38
2032-11-20,Saturday,1,Autumn,Sunny,No Occasion,0,408,11.08,92,97,140,79
2032-11-21,Sunday,1,Autumn,Sunny,Festival,1,645,16.62,175,125,163,182
2032-11-22,Monday,0,Autumn,Cloudy,Festival,1,605,16.6,176,100,108,221
2032-11-23,Tuesday,0,Autumn,Sunny,No Occasion,0,370,9.67,143,118,40,69
2032-11-24,Wednesday,0,Autumn,Cloudy,No Occasion,0,333,8.3,135,98,57,43
2032-11-25,Thursday,0,Autumn,Rainy,No Occasion,0,156,3.15,53,66,32,5
2032-11-26,Friday,0,Autumn,Sunny,No Occasion,0,277,6.61,82,93,57,45
2032-11-27,Saturday,1,Autumn,Cloudy,No Occasion,0,329,7.81,136,68,71,54
2032-11-28,Sunday,1,Autumn,Sunny,No Occasion,0,385,10.18,194,81,80,30
2032-11-29,Monday,0,Autumn,Sunny,Local Event,1,393,11.16,86,120,64,123
2032-11-30,Tuesday,0,Autumn,Cloudy,No Occasion,0,269,5.72,88,71,62,48
2032-12-01,Wednesday,0,Winter,Foggy,No Occasion,0,335,9.4,59,53,48,175
2032-12-02,Thursday,0,Winter,Cold,No Occasion,0,320,7.57,64,76,76,104
2032-12-03,Friday,0,Winter,Foggy,No Occasion,0,254,7.23,68,40,39,107
2032-12-04,Saturday,1,Winter,Foggy,No Occasion,0,433,12.43,103,99,64,167
2032-12-05,Sunday,1,Winter,Foggy,No Occasion,0,351,7.03,69,121,94,67
2032-12-06,Monday,0,Winter,Foggy,No Occasion,0,307,6.88,102,80,42,83
2032-12-07,Tuesday,0,Winter,Sunny,No Occasion,0,328,8.52,117,37,60,114
2032-12-08,Wednesday,0,Winter,Cold,No Occasion,0,389,10.17,140,96,49,104
2032-12-09,Thursday,0,Winter,Rainy,No Occasion,0,323,6.66,52,118,115,38
2032-12-10,Friday,0,Winter,Foggy,No Occasion,0,314,6.42,112,96,70,36
2032-12-11,Saturday,1,Winter,Foggy,No Occasion,0,426,12.7,152,105,66,103
2032-12-12,Sunday,1,Winter,Foggy,No Occasion,0,193,3.89,62,40,55,36
2032-12-13,Monday,0,Winter,Cold,No Occasion,0,318,7.51,70,102,33,113
2032-12-14,Tuesday,0,Winter,Rainy,No Occasion,0,284,7.25,62,103,64,55
2032-12-15,Wednesday,0,Winter,Cold,No Occasion,0,364,10.24,138,48,84,94
2032-12-16,Thursday,0,Winter,Cold,No Occasion,0,261,6.55,51,84,47,79
2032-12-17,Friday,0,Winter,Foggy,No Occasion,0,300,6.36,57,82,59,102
2032-12-18,Saturday,1,Winter,Cold,No Occasion,0,451,13.2,148,98,117,88
2032-12-19,Sunday,1,Winter,Sunny,No Occasion,0,371,7.88,90,118,68,95
2032-12-20,Monday,0,Winter,Foggy,No Occasion,0,353,10.51,81,108,73,91
2032-12-21,Tuesday,0,Winter,Cold,No Occasion,0,365,9.56,113,45,74,133
2032-12-22,Wednesday,0,Winter,Foggy,No Occasion,0,326,9.63,85,120,89,32
2032-12-23,Thursday,0,Winter,Cold,No Occasion,0,378,10.29,73,81,99,125
2032-12-24,Friday,0,Winter,Sunny,No Occasion,0,236,6.94,104,59,28,45
2032-12-25,Saturday,1,Winter,Foggy,No Occasion,0,413,12.12,138,91,94,90
2032-12-26,Sunday,1,Winter,Foggy,No Occasion,0,319,7.76,98,61,78,82
2032-12-27,Monday,0,Winter,Sunny,No Occasion,0,263,7.1,75,64,96,28
2032-12-28,Tuesday,0,Winter,Foggy,No Occasion,0,268,6.46,75,25,62,106
2032-12-29,Wednesday,0,Winter,Sunny,No Occasion,0,314,6.67,85,67,74,88
2032-12-30,Thursday,0,Winter,Foggy,No Occasion,0,289,8.59,98,71,56,64
2032-12-31,Friday,0,Winter,Rainy,No Occasion,0,312,9.09,93,98,51,70
2033-01-01,Saturday,1,Winter,Foggy,No Occasion,0,348,8.51,94,115,76,63
2033-01-02,Sunday,1,Winter,Cold,No Occasion,0,537,13.56,155,66,150,166
2033-01-03,Monday,0,Winter,Rainy,Local Event,0,247,7.16,85,66,31,65
2033-01-04,Tuesday,0,Winter,Sunny,Festival,0,527,12.33,98,157,119,153
2033-01-05,Wednesday,0,Winter,Sunny,No Occasion,1,420,10.21,120,103,87,110
2033-01-06,Thursday,0,Winter,Sunny,No Occasion,0,286,7.47,65,76,26,119
2033-01-07,Friday,0,Winter,Foggy,No Occasion,1,361,10.57,96,72,77,116
2033-01-08,Saturday,1,Winter,Cold,No Occasion,0,408,11.69,100,97,85,126
2033-01-09,Sunday,1,Winter,Cold,No Occasion,0,313,8.83,99,52,61,101
2033-01-10,Monday,0,Winter,Cold,No Occasion,0,346,9.2,96,91,41,118
2033-01-11,Tuesday,0,Winter,Sunny,No Occasion,0,387,8.16,73,78,71,165
2033-01-12,Wednesday,0,Winter,Rainy,No Occasion,0,217,6.29,71,76,31,39
2033-01-13,Thursday,0,Winter,Cold,Festival,1,612,12.76,187,70,99,256
2033-01-14,Friday,0,Winter,Foggy,No Occasion,0,313,8.98,85,59,100,69
2033-01-15,Saturday,1,Winter,Foggy,No Occasion,0,448,12.61,187,106,77,78
2033-01-16,Sunday,1,Winter,Sunny,Festival,1,682,16.3,137,136,151,258
2033-01-17,Monday,0,Winter,Cold,No Occasion,0,407,9.19,100,58,94,155
2033-01-18,Tuesday,0,Winter,Foggy,Festival,1,567,14.43,172,64,130,201
2033-01-19,Wednesday,0,Winter,Cold,No Occasion,0,369,10.5,140,37,87,105
2033-01-20,Thursday,0,Winter,Rainy,No Occasion,0,305,6.68,59,140,38,68
2033-01-21,Friday,0,Winter,Cold,No Occasion,0,296,8.71,67,52,65,112
2033-01-22,Saturday,1,Winter,Foggy,No Occasion,0,430,9.34,155,105,78,92
2033-01-23,Sunday,1,Winter,Cold,No Occasion,0,479,11.76,109,98,152,120
2033-01-24,Monday,0,Winter,Sunny,No Occasion,1,461,10.2,111,111,110,129
2033-01-25,Tuesday,0,Winter,Sunny,Local Event,0,336,9.51,59,119,64,94
2033-01-26,Wednesday,0,Winter,Sunny,No Occasion,0,399,11.69,125,99,84,91
2033-01-27,Thursday,0,Winter,Rainy,No Occasion,0,200,4.06,80,47,22,51
2033-01-28,Friday,0,Winter,Sunny,Festival,1,527,15.66,143,119,108,157
2033-01-29,Saturday,1,Winter,Cold,Local Event,1,499,14.03,125,130,92,152
2033-01-30,Sunday,1,Winter,Sunny,No Occasion,0,395,9.71,101,85,82,127
2033-01-31,Monday,0,Winter,Sunny,No Occasion,0,364,8.27,53,140,111,60
2033-02-01,Tuesday,0,Winter,Foggy,Local Event,1,451,10.69,126,136,71,118
2033-02-02,Wednesday,0,Winter,Cold,No Occasion,0,332,7.0,102,85,43,102
2033-02-03,Thursday,0,Winter,Foggy,No Occasion,0,358,10.49,107,107,61,83
2033-02-04,Friday,0,Winter,Cold,No Occasion,0,358,9.46,87,99,73,99
2033-02-05,Saturday,1,Winter,Sunny,No Occasion,0,480,11.3,122,143,87,128
2033-02-06,Sunday,1,Winter,Foggy,Festival,1,702,20.94,177,66,163,296
2033-02-07,Monday,0,Winter,Foggy,Festival,0,402,10.37,91,65,109,137
2033-02-08,Tuesday,0,Winter,Foggy,No Occasion,0,222,5.65,61,60,29,72
2033-02-09,Wednesday,0,Winter,Cold,No Occasion,0,178,3.94,42,48,47,41
2033-02-10,Thursday,0,Winter,Foggy,No Occasion,0,318,7.09,98,56,43,121
2033-02-11,Friday,0,Winter,Sunny,No Occasion,0,235,5.52,78,53,43,61
2033-02-12,Saturday,1,Winter,Sunny,No Occasion,0,430,10.96,125,99,98,108
2033-02-13,Sunday,1,Winter,Foggy,No Occasion,0,409,11.98,144,64,81,120
2033-02-14,Monday,0,Winter,Cold,Local Event,0,365,8.09,130,70,70,95
2033-02-15,Tuesday,0,Winter,Sunny,No Occasion,0,291,6.48,48,68,61,114
2033-02-16,Wednesday,0,Winter,Cold,No Occasion,0,297,8.22,120,56,45,76
2033-02-17,Thursday,0,Winter,Cold,No Occasion,0,258,6.39,85,27,37,109
2033-02-18,Friday,0,Winter,Sunny,No Occasion,0,283,7.13,110,48,57,68
2033-02-19,Saturday,1,Winter,Cold,Local Event,1,490,10.89,157,50,114,169
2033-02-20,Sunday,1,Winter,Sunny,No Occasion,0,341,8.55,142,98,51,50
2033-02-21,Monday,0,Winter,Cold,No Occasion,0,264,5.74,79,32,66,87
2033-02-22,Tuesday,0,Winter,Cold,No Occasion,0,298,7.95,80,69,47,102
2033-02-23,Wednesday,0,Winter,Foggy,Local Event,1,339,7.2,89,100,37,113
2033-02-24,Thursday,0,Winter,Sunny,No Occasion,0,316,7.4,91,44,64,117
2033-02-25,Friday,0,Winter,Cold,No Occasion,0,251,6.28,84,52,50,65
2033-02-26,Saturday,1,Winter,Foggy,No Occasion,0,329,7.58,90,43,106,90
2033-02-27,Sunday,1,Winter,Foggy,No Occasion,0,450,10.14,153,109,59,129
2033-02-28,Monday,0,Winter,Sunny,No Occasion,0,389,11.29,131,82,44,132
2033-03-01,Tuesday,0,Summer,Sunny,No Occasion,0,376,8.33,155,151,42,28
2033-03-02,Wednesday,0,Summer,Sunny,Festival,1,584,12.83,122,127,166,169
2033-03-03,Thursday,0,Summer,Rainy,No Occasion,0,242,5.39,50,76,50,66
2033-03-04,Friday,0,Summer,Rainy,No Occasion,0,317,8.26,128,88,68,33
2033-03-05,Saturday,1,Summer,Cloudy,Festival,1,737,21.37,131,202,170,234
2033-03-06,Sunday,1,Summer,Sunny,No Occasion,0,436,9.0,140,97,89,110
2033-03-07,Monday,0,Summer,Rainy,Local Event,0,222,5.42,88,71,12,51
2033-03-08,Tuesday,0,Summer,Sunny,No Occasion,0,331,7.4,104,69,82,76
2033-03-09,Wednesday,0,Summer,Sunny,No Occasion,0,289,8.55,65,84,58,82
2033-03-10,Thursday,0,Summer,Sunny,No Occasion,0,260,6.64,62,62,57,79
2033-03-11,Friday,0,Summer,Sunny,No Occasion,0,270,6.45,135,71,18,46
2033-03-12,Saturday,1,Summer,Sunny,No Occasion,0,443,10.7,179,52,163,49
2033-03-13,Sunday,1,Summer,Sunny,No Occasion,0,424,11.99,105,111,77,131
2033-03-14,Monday,0,Summer,Sunny,No Occasion,0,298,7.4,92,75,70,61
2033-03-15,Tuesday,0,Summer,Cloudy,Local Event,0,337,7.23,159,102,35,41
2033-03-16,Wednesday,0,Summer,Sunny,Local Event,0,310,7.52,86,98,34,92
2033-03-17,Thursday,0,Summer,Cloudy,No Occasion,0,328,6.74,89,107,92,40
2033-03-18,Friday,0,Summer,Cloudy,No Occasion,0,286,6.2,76,99,46,65
2033-03-19,Saturday,1,Summer,Rainy,Festival,1,471,12.21,115,99,118,139
2033-03-20,Sunday,1,Summer,Cloudy,Local Event,0,267,5.66,87,108,46,26
2033-03-21,Monday,0,Summer,Sunny,No Occasion,0,318,6.7,53,139,67,59
2033-03-22,Tuesday,0,Summer,Cloudy,No Occasion,0,335,8.71,96,73,94,72
2033-03-23,Wednesday,0,Summer,Cloudy,No Occasion,0,381,10.1,146,129,35,71
2033-03-24,Thursday,0,Summer,Sunny,No Occasion,0,266,6.87,84,67,64,51
2033-03-25,Friday,0,Summer,Sunny,No Occasion,0,358,7.81,131,89,97,41
2033-03-26,Saturday,1,Summer,Sunny,No Occasion,0,366,9.99,147,65,116,38
2033-03-27,Sunday,1,Summer,Cloudy,No Occasion,0,379,9.41,165,114,57,43
2033-03-28,Monday,0,Summer,Sunny,No Occasion,0,304,7.92,57,100,41,106
2033-03-29,Tuesday,0,Summer,Cloudy,No Occasion,0,391,9.07,114,160,50,67
2033-03-30,Wednesday,0,Summer,Cloudy,Festival,1,397,8.6,60,59,99,179
2033-03-31,Thursday,0,Summer,Sunny,Festival,1,638,13.5,132,166,122,218
2033-04-01,Friday,0,Summer,Cloudy,No Occasion,0,233,6.01,43,86,54,50
2033-04-02,Saturday,1,Summer,Sunny,No Occasion,0,490,13.33,150,209,116,15
2033-04-03,Sunday,1,Summer,Cloudy,No Occasion,1,533,14.91,146,127,146,114
2033-04-04,Monday,0,Summer,Cloudy,No Occasion,0,368,9.7,115,135,64,54
2033-04-05,Tuesday,0,Summer,Sunny,No Occasion,0,336,7.68,72,148,29,87
2033-04-06,Wednesday,0,Summer,Sunny,No Occasion,0,309,8.73,81,84,47,97
2033-04-07,Thursday,0,Summer,Cloudy,No Occasion,0,348,8.35,144,80,74,50
2033-04-08,Friday,0,Summer,Sunny,No Occasion,0,255,7.51,85,75,62,33
2033-04-09,Saturday,1,Summer,Sunny,No Occasion,0,431,8.81,146,111,121,53
2033-04-10,Sunday,1,Summer,Sunny,No Occasion,0,306,6.39,103,101,49,53
2033-04-11,Monday,0,Summer,Cloudy,Local Event,1,436,12.57,141,94,114,87
2033-04-12,Tuesday,0,Summer,Sunny,No Occasion,0,259,6.07,61,76,64,58
2033-04-13,Wednesday,0,Summer,Cloudy,No Occasion,0,296,6.39,118,74,65,39
2033-04-14,Thursday,0,Summer,Cloudy,No Occasion,0,281,8.03,87,81,53,60
2033-04-15,Friday,0,Summer,Sunny,No Occasion,0,417,10.52,133,117,64,103
2033-04-16,Saturday,1,Summer,Sunny,No Occasion,0,416,8.46,148,120,57,91
2033-04-17,Sunday,1,Summer,Sunny,No Occasion,0,399,9.35,118,115,70,96
2033-04-18,Monday,0,Summer,Sunny,Festival,1,558,14.73,127,75,164,192
2033-04-19,Tuesday,0,Summer,Rainy,No Occasion,0,277,8.27,80,114,24,59
2033-04-20,Wednesday,0,Summer,Sunny,No Occasion,0,357,7.9,128,103,64,62
2033-04-21,Thursday,0,Summer,Cloudy,Festival,1,588,17.36,106,174,142,166
2033-04-22,Friday,0,Summer,Cloudy,No Occasion,0,232,6.64,80,82,18,52
2033-04-23,Saturday,1,Summer,Cloudy,No Occasion,0,403,9.66,121,138,75,69
2033-04-24,Sunday,1,Summer,Sunny,No Occasion,1,534,13.77,152,180,97,105
2033-04-25,Monday,0,Summer,Sunny,Local Event,1,461,11.11,90,130,108,133
2033-04-26,Tuesday,0,Summer,Sunny,No Occasion,0,282,6.11,93,91,88,10
2033-04-27,Wednesday,0,Summer,Cloudy,Festival,0,476,9.69,109,128,137,102
2033-04-28,Thursday,0,Summer,Sunny,Festival,0,426,10.46,130,88,140,68
2033-04-29,Friday,0,Summer,Cloudy,No Occasion,0,329,8.47,94,131,61,43
2033-04-30,Saturday,1,Summer,Sunny,No Occasion,0,311,6.45,94,95,62,60
2033-05-01,Sunday,1,Summer,Cloudy,No Occasion,0,428,12.43,150,96,72,110
2033-05-02,Monday,0,Summer,Sunny,No Occasion,0,311,8.83,108,115,47,41
2033-05-03,Tuesday,0,Summer,Cloudy,No Occasion,0,337,9.95,75,138,63,61
2033-05-04,Wednesday,0,Summer,Sunny,No Occasion,0,369,9.77,142,171,8,48
2033-05-05,Thursday,0,Summer,Sunny,No Occasion,0,362,9.26,120,198,21,23
2033-05-06,Friday,0,Summer,Cloudy,No Occasion,0,289,8.09,57,136,71,25
2033-05-07,Saturday,1,Summer,Sunny,Festival,1,722,14.45,202,111,192,217
2033-05-08,Sunday,1,Summer,Sunny,Local Event,0,389,9.76,127,95,106,61
2033-05-09,Monday,0,Summer,Cloudy,No Occasion,0,296,8.48,88,102,57,49
2033-05-10,Tuesday,0,Summer,Cloudy,No Occasion,0,319,8.66,87,68,78,86
2033-05-11,Wednesday,0,Summer,Cloudy,No Occasion,1,524,13.3,159,161,106,98
2033-05-12,Thursday,0,Summer,Sunny,No Occasion,0,242,7.12,69,67,58,48
2033-05-13,Friday,0,Summer,Cloudy,Local Event,0,374,10.09,80,124,76,94
2033-05-14,Saturday,1,Summer,Cloudy,Festival,1,677,16.16,175,119,204,179
2033-05-15,Sunday,1,Summer,Cloudy,Festival,1,629,17.74,104,183,145,197
2033-05-16,Monday,0,Summer,Cloudy,No Occasion,0,422,8.99,145,141,101,35
2033-05-17,Tuesday,0,Summer,Sunny,Local Event,0,355,10.24,135,110,97,13
2033-05-18,Wednesday,0,Summer,Sunny,No Occasion,0,301,8.44,93,86,61,61
2033-05-19,Thursday,0,Summer,Sunny,No Occasion,0,355,8.05,79,116,92,68
2033-05-20,Friday,0,Summer,Cloudy,No Occasion,0,282,5.89,111,95,7,69
2033-05-21,Saturday,1,Summer,Sunny,No Occasion,0,429,9.39,152,140,91,46
2033-05-22,Sunday,1,Summer,Sunny,No Occasion,0,420,9.28,143,161,74,42
2033-05-23,Monday,0,Summer,Sunny,No Occasion,0,268,6.32,82,63,58,65
2033-05-24,Tuesday,0,Summer,Sunny,No Occasion,0,359,9.01,109,156,37,57
2033-05-25,Wednesday,0,Summer,Sunny,No Occasion,0,386,10.39,124,154,66,42
2033-05-26,Thursday,0,Summer,Cloudy,No Occasion,0,332,7.02,123,103,50,56
2033-05-27,Friday,0,Summer,Sunny,No Occasion,0,304,8.47,64,116,67,57
2033-05-28,Saturday,1,Summer,Sunny,No Occasion,0,338,7.66,117,106,78,37
2033-05-29,Sunday,1,Summer,Rainy,Local Event,1,352,8.01,101,90,84,77
2033-05-30,Monday,0,Summer,Sunny,No Occasion,0,323,8.06,72,106,47,98
2033-05-31,Tuesday,0,Summer,Rainy,No Occasion,0,302,7.98,101,128,46,27
2033-06-01,Wednesday,0,Monsoon,Rainy,No Occasion,0,187,3.86,46,89,46,6
2033-06-02,Thursday,0,Monsoon,Sunny,No Occasion,0,243,7.13,43,67,63,70
2033-06-03,Friday,0,Monsoon,Rainy,No Occasion,0,215,6.38,62,71,47,35
2033-06-04,Saturday,1,Monsoon,Cloudy,Local Event,1,582,12.27,186,165,124,107
2033-06-05,Sunday,1,Monsoon,Sunny,No Occasion,0,333,9.43,125,108,50,50
2033-06-06,Monday,0,Monsoon,Rainy,Local Event,1,320,9.21,88,126,41,65
2033-06-07,Tuesday,0,Monsoon,Cloudy,No Occasion,0,363,10.69,135,76,54,98
2033-06-08,Wednesday,0,Monsoon,Sunny,No Occasion,0,290,7.42,68,77,91,54
2033-06-09,Thursday,0,Monsoon,Heavy Rain,Local Event,0,80,2.32,27,37,3,13
2033-06-10,Friday,0,Monsoon,Heavy Rain,No Occasion,0,135,3.37,42,41,31,21
2033-06-11,Saturday,1,Monsoon,Heavy Rain,No Occasion,0,248,6.22,67,103,44,34
2033-06-12,Sunday,1,Monsoon,Cloudy,No Occasion,0,374,9.63,138,93,56,87
2033-06-13,Monday,0,Monsoon,Rainy,No Occasion,0,282,8.13,84,91,41,66
2033-06-14,Tuesday,0,Monsoon,Heavy Rain,No Occasion,0,125,2.56,48,42,11,24
2033-06-15,Wednesday,0,Monsoon,Rainy,No Occasion,0,288,6.91,86,110,49,43
2033-06-16,Thursday,0,Monsoon,Rainy,No Occasion,0,193,4.95,26,91,46,30
2033-06-17,Friday,0,Monsoon,Sunny,No Occasion,0,310,9.01,122,38,41,109
2033-06-18,Saturday,1,Monsoon,Rainy,No Occasion,0,306,8.38,63,111,96,36
2033-06-19,Sunday,1,Monsoon,Sunny,No Occasion,0,473,13.35,174,93,112,94
2033-06-20,Monday,0,Monsoon,Heavy Rain,No Occasion,0,196,4.76,46,94,36,20
2033-06-21,Tuesday,0,Monsoon,Sunny,Festival,1,673,17.5,131,81,241,220
2033-06-22,Wednesday,0,Monsoon,Rainy,No Occasion,0,253,6.94,80,134,31,8
2033-06-23,Thursday,0,Monsoon,Heavy Rain,No Occasion,1,102,2.43,27,47,23,5
2033-06-24,Friday,0,Monsoon,Heavy Rain,No Occasion,0,166,3.53,70,32,44,20
2033-06-25,Saturday,1,Monsoon,Rainy,No Occasion,0,447,10.94,134,134,141,38
2033-06-26,Sunday,1,Monsoon,Rainy,No Occasion,0,304,7.93,71,149,38,46
2033-06-27,Monday,0,Monsoon,Rainy,No Occasion,0,248,5.71,77,98,62,11
2033-06-28,Tuesday,0,Monsoon,Rainy,Festival,1,351,9.08,84,40,102,125
2033-06-29,Wednesday,0,Monsoon,Cloudy,Festival,1,599,12.73,139,130,110,220
2033-06-30,Thursday,0,Monsoon,Rainy,Festival,1,338,6.79,69,111,53,105
2033-07-01,Friday,0,Monsoon,Rainy,Festival,1,308,7.02,64,83,75,86
2033-07-02,Saturday,1,Monsoon,Cloudy,No Occasion,0,215,5.98,69,72,65,9
2033-07-03,Sunday,1,Monsoon,Sunny,Local Event,1,477,12.35,131,120,98,128
2033-07-04,Monday,0,Monsoon,Cloudy,No Occasion,0,291,7.63,112,73,47,59
2033-07-05,Tuesday,0,Monsoon,Heavy Rain,No Occasion,0,234,5.48,83,97,26,28
2033-07-06,Wednesday,0,Monsoon,Heavy Rain,No Occasion,1,168,3.79,33,37,57,41
2033-07-07,Thursday,0,Monsoon,Sunny,Festival,1,490,10.1,91,101,106,192
2033-07-08,Friday,0,Monsoon,Rainy,No Occasion,0,261,5.27,59,113,53,36
2033-07-09,Saturday,1,Monsoon,Sunny,No Occasion,0,440,9.43,180,69,154,37
2033-07-10,Sunday,1,Monsoon,Cloudy,No Occasion,0,361,8.96,106,107,117,31
2033-07-11,Monday,0,Monsoon,Rainy,No Occasion,0,259,7.64,60,109,29,61
2033-07-12,Tuesday,0,Monsoon,Rainy,No Occasion,0,314,8.33,64,152,66,32
2033-07-13,Wednesday,0,Monsoon,Sunny,No Occasion,0,243,6.05,112,79,21,31
2033-07-14,Thursday,0,Monsoon,Heavy Rain,No Occasion,0,131,2.95,39,57,18,17
2033-07-15,Friday,0,Monsoon,Cloudy,Local Event,0,260,5.24,83,45,57,75
2033-07-16,Saturday,1,Monsoon,Sunny,No Occasion,0,203,4.59,64,29,53,57
2033-07-17,Sunday,1,Monsoon,Cloudy,No Occasion,0,413,11.08,160,134,86,33
2033-07-18,Monday,0,Monsoon,Heavy Rain,No Occasion,0,200,4.05,33,61,57,49
2033-07-19,Tuesday,0,Monsoon,Sunny,No Occasion,0,249,6.27,89,51,49,60
2033-07-20,Wednesday,0,Monsoon,Cloudy,No Occasion,0,245,6.47,63,131,22,29
2033-07-21,Thursday,0,Monsoon,Rainy,Local Event,0,348,8.72,103,103,131,11
2033-07-22,Friday,0,Monsoon,Rainy,No Occasion,0,295,7.34,46,144,41,64
2033-07-23,Saturday,1,Monsoon,Rainy,Festival,1,440,12.9,71,129,116,124
2033-07-24,Sunday,1,Monsoon,Rainy,No Occasion,0,397,8.1,137,160,74,26
2033-07-25,Monday,0,Monsoon,Rainy,No Occasion,0,244,5.69,89,72,66,17
2033-07-26,Tuesday,0,Monsoon,Rainy,Local Event,0,166,3.95,57,44,34,31
2033-07-27,Wednesday,0,Monsoon,Sunny,No Occasion,0,354,9.5,117,26,118,93
2033-07-28,Thursday,0,Monsoon,Sunny,Local Event,0,409,11.03,92,84,114,119
2033-07-29,Friday,0,Monsoon,Heavy Rain,No Occasion,1,203,4.52,58,44,41,60
2033-07-30,Saturday,1,Monsoon,Sunny,No Occasion,0,459,10.89,107,153,121,78
2033-07-31,Sunday,1,Monsoon,Rainy,No Occasion,0,432,9.55,158,207,32,35
2033-08-01,Monday,0,Monsoon,Cloudy,No Occasion,0,389,7.92,135,93,82,79
2033-08-02,Tuesday,0,Monsoon,Cloudy,No Occasion,0,361,10.18,116,106,99,40
2033-08-03,Wednesday,0,Monsoon,Rainy,No Occasion,0,174,5.06,9,87,50,28
2033-08-04,Thursday,0,Monsoon,Rainy,No Occasion,0,264,5.86,98,114,21,31
2033-08-05,Friday,0,Monsoon,Rainy,No Occasion,0,266,5.82,101,73,62,30
2033-08-06,Saturday,1,Monsoon,Rainy,No Occasion,0,333,7.57,87,97,89,60
2033-08-07,Sunday,1,Monsoon,Rainy,No Occasion,0,348,7.38,131,101,54,62
2033-08-08,Monday,0,Monsoon,Sunny,No Occasion,0,304,6.45,125,87,75,17
2033-08-09,Tuesday,0,Monsoon,Rainy,No Occasion,0,235,4.74,76,75,54,30
2033-08-10,Wednesday,0,Monsoon,Heavy Rain,No Occasion,0,172,3.51,39,97,22,14
2033-08-11,Thursday,0,Monsoon,Rainy,Festival,1,297,6.75,64,53,65,115
2033-08-12,Friday,0,Monsoon,Heavy Rain,No Occasion,0,152,3.13,74,43,15,20
2033-08-13,Saturday,1,Monsoon,Rainy,No Occasion,0,296,8.86,106,63,90,37
2033-08-14,Sunday,1,Monsoon,Sunny,Festival,1,627,16.32,169,99,217,142
2033-08-15,Monday,0,Monsoon,Sunny,No Occasion,0,293,6.64,112,89,64,28
2033-08-16,Tuesday,0,Monsoon,Sunny,No Occasion,0,306,7.8,84,75,101,46
2033-08-17,Wednesday,0,Monsoon,Cloudy,No Occasion,0,354,8.77,118,79,144,13
2033-08-18,Thursday,0,Monsoon,Cloudy,No Occasion,0,304,7.95,105,67,46,86
2033-08-19,Friday,0,Monsoon,Rainy,No Occasion,0,344,8.47,66,134,99,45
2033-08-20,Saturday,1,Monsoon,Rainy,No Occasion,0,371,9.59,152,93,89,37
2033-08-21,Sunday,1,Monsoon,Sunny,No Occasion,0,462,13.25,120,93,122,127
2033-08-22,Monday,0,Monsoon,Rainy,No Occasion,0,290,6.58,80,114,92,4
2033-08-23,Tuesday,0,Monsoon,Rainy,No Occasion,1,294,6.29,80,84,60,70
2033-08-24,Wednesday,0,Monsoon,Rainy,No Occasion,0,191,4.23,69,58,33,31
2033-08-25,Thursday,0,Monsoon,Rainy,No Occasion,0,208,5.31,76,63,43,26
2033-08-26,Friday,0,Monsoon,Rainy,No Occasion,0,264,7.42,76,102,79,7
2033-08-27,Saturday,1,Monsoon,Rainy,No Occasion,0,352,9.62,111,105,88,48
2033-08-28,Sunday,1,Monsoon,Rainy,No Occasion,0,218,5.11,72,36,62,48
2033-08-29,Monday,0,Monsoon,Sunny,Festival,1,576,11.75,84,156,105,231
2033-08-30,Tuesday,0,Monsoon,Heavy Rain,Festival,1,161,4.33,49,43,17,52
2033-08-31,Wednesday,0,Monsoon,Rainy,Festival,1,414,10.53,135,94,53,132
2033-09-01,Thursday,0,Monsoon,Cloudy,No Occasion,0,231,4.73,53,65,71,42
2033-09-02,Friday,0,Monsoon,Rainy,No Occasion,0,189,5.52,74,72,37,6
2033-09-03,Saturday,1,Monsoon,Cloudy,No Occasion,0,381,9.53,97,91,105,88
2033-09-04,Sunday,1,Monsoon,Cloudy,No Occasion,0,327,8.41,116,121,61,29
2033-09-05,Monday,0,Monsoon,Rainy,Festival,1,353,9.56,98,102,108,45
2033-09-06,Tuesday,0,Monsoon,Sunny,Festival,0,456,11.96,154,67,135,100
2033-09-07,Wednesday,0,Monsoon,Rainy,No Occasion,0,262,6.76,108,88,50,16
2033-09-08,Thursday,0,Monsoon,Cloudy,No Occasion,0,327,8.63,96,81,108,42
2033-09-09,Friday,0,Monsoon,Cloudy,No Occasion,0,424,11.21,90,103,138,93
2033-09-10,Saturday,1,Monsoon,Rainy,No Occasion,0,360,9.65,133,182,36,9
2033-09-11,Sunday,1,Monsoon,Rainy,No Occasion,0,413,8.91,105,121,134,53
2033-09-12,Monday,0,Monsoon,Rainy,No Occasion,0,328,9.28,103,116,77,32
2033-09-13,Tuesday,0,Monsoon,Rainy,No Occasion,0,251,6.21,60,91,70,30
2033-09-14,Wednesday,0,Monsoon,Cloudy,Local Event,0,255,6.85,106,50,68,31
2033-09-15,Thursday,0,Monsoon,Cloudy,No Occasion,0,319,7.98,84,113,35,87
2033-09-16,Friday,0,Monsoon,Cloudy,No Occasion,0,262,6.67,75,76,64,47
2033-09-17,Saturday,1,Monsoon,Rainy,No Occasion,0,432,11.26,145,153,72,62
2033-09-18,Sunday,1,Monsoon,Heavy Rain,No Occasion,0,287,6.07,78,98,86,25
2033-09-19,Monday,0,Monsoon,Sunny,Local Event,0,297,8.23,111,73,79,34
2033-09-20,Tuesday,0,Monsoon,Sunny,No Occasion,0,352,7.46,116,79,69,88
2033-09-21,Wednesday,0,Monsoon,Cloudy,No Occasion,0,323,8.19,90,107,54,72
2033-09-22,Thursday,0,Monsoon,Rainy,No Occasion,0,259,5.83,95,83,69,12
2033-09-23,Friday,0,Monsoon,Rainy,No Occasion,0,258,5.96,104,81,62,11
2033-09-24,Saturday,1,Monsoon,Cloudy,No Occasion,0,423,11.32,80,154,83,106
2033-09-25,Sunday,1,Monsoon,Cloudy,No Occasion,0,364,9.53,140,70,85,69
2033-09-26,Monday,0,Monsoon,Sunny,No Occasion,0,305,8.69,121,60,99,25
2033-09-27,Tuesday,0,Monsoon,Rainy,No Occasion,0,282,6.12,103,88,79,12
2033-09-28,Wednesday,0,Monsoon,Cloudy,Festival,1,499,12.52,138,88,126,147
2033-09-29,Thursday,0,Monsoon,Sunny,No Occasion,0,284,7.04,106,76,61,41
2033-09-30,Friday,0,Monsoon,Rainy,No Occasion,0,242,5.59,95,70,49,28
2033-10-01,Saturday,1,Autumn,Cloudy,No Occasion,0,456,12.16,165,146,41,104
2033-10-02,Sunday,1,Autumn,Cloudy,No Occasion,0,486,10.17,172,153,116,45
2033-10-03,Monday,0,Autumn,Rainy,No Occasion,0,340,7.49,116,127,75,22
2033-10-04,Tuesday,0,Autumn,Cloudy,No Occasion,0,258,5.74,131,52,52,23
2033-10-05,Wednesday,0,Autumn,Sunny,No Occasion,0,278,6.16,132,43,59,44
2033-10-06,Thursday,0,Autumn,Cloudy,Festival,1,575,11.87,153,110,112,200
2033-10-07,Friday,0,Autumn,Rainy,No Occasion,0,292,7.79,75,152,49,16
2033-10-08,Saturday,1,Autumn,Rainy,Festival,1,407,9.47,103,100,115,89
2033-10-09,Sunday,1,Autumn,Sunny,No Occasion,0,449,10.29,251,69,43,86
2033-10-10,Monday,0,Autumn,Sunny,Local Event,1,495,13.52,151,107,79,158
2033-10-11,Tuesday,0,Autumn,Cloudy,No Occasion,0,316,9.42,105,102,62,47
2033-10-12,Wednesday,0,Autumn,Sunny,No Occasion,0,304,7.16,133,104,45,22
2033-10-13,Thursday,0,Autumn,Cloudy,No Occasion,0,315,9.34,133,64,65,53
2033-10-14,Friday,0,Autumn,Sunny,No Occasion,0,222,5.99,58,54,30,80
2033-10-15,Saturday,1,Autumn,Sunny,Local Event,0,347,9.6,90,90,98,69
2033-10-16,Sunday,1,Autumn,Rainy,No Occasion,0,349,7.45,81,95,135,38
2033-10-17,Monday,0,Autumn,Cloudy,No Occasion,0,245,7.35,58,44,70,73
2033-10-18,Tuesday,0,Autumn,Sunny,No Occasion,0,279,5.93,115,64,23,77
2033-10-19,Wednesday,0,Autumn,Sunny,Festival,1,525,11.22,98,99,139,189
2033-10-20,Thursday,0,Autumn,Cloudy,No Occasion,0,334,7.28,90,109,104,31
2033-10-21,Friday,0,Autumn,Cloudy,No Occasion,0,336,9.41,134,117,46,39
2033-10-22,Saturday,1,Autumn,Rainy,No Occasion,0,323,8.34,148,69,69,37
2033-10-23,Sunday,1,Autumn,Cloudy,No Occasion,0,382,11.03,146,64,93,79
2033-10-24,Monday,0,Autumn,Rainy,No Occasion,0,211,5.37,90,70,42,9
2033-10-25,Tuesday,0,Autumn,Rainy,Festival,1,374,8.7,74,137,76,87
2033-10-26,Wednesday,0,Autumn,Sunny,No Occasion,0,288,8.43,65,92,83,48
2033-10-27,Thursday,0,Autumn,Cloudy,No Occasion,0,273,6.04,83,55,76,59
2033-10-28,Friday,0,Autumn,Cloudy,No Occasion,0,291,6.15,105,58,64,64
2033-10-29,Saturday,1,Autumn,Sunny,No Occasion,0,381,8.14,103,89,113,76
2033-10-30,Sunday,1,Autumn,Rainy,No Occasion,0,281,6.17,84,92,62,43
2033-10-31,Monday,0,Autumn,Sunny,No Occasion,0,306,6.59,116,86,32,72
2033-11-01,Tuesday,0,Autumn,Cloudy,No Occasion,0,411,11.85,164,58,117,72
2033-11-02,Wednesday,0,Autumn,Cloudy,No Occasion,0,351,8.29,120,104,56,71
2033-11-03,Thursday,0,Autumn,Cloudy,No Occasion,0,268,7.87,90,66,46,66
2033-11-04,Friday,0,Autumn,Sunny,No Occasion,0,295,8.2,92,39,66,98
2033-11-05,Saturday,1,Autumn,Cloudy,No Occasion,0,429,12.26,162,133,61,73
2033-11-06,Sunday,1,Autumn,Sunny,No Occasion,0,374,9.47,120,130,64,60
2033-11-07,Monday,0,Autumn,Rainy,No Occasion,0,211,6.14,68,71,35,37
2033-11-08,Tuesday,0,Autumn,Sunny,No Occasion,0,312,8.8,124,97,83,8
2033-11-09,Wednesday,0,Autumn,Rainy,No Occasion,0,293,5.93,62,102,48,81
2033-11-10,Thursday,0,Autumn,Sunny,No Occasion,0,263,5.53,63,78,99,23
2033-11-11,Friday,0,Autumn,Sunny,Festival,0,540,12.5,129,62,183,166
2033-11-12,Saturday,1,Autumn,Cloudy,No Occasion,0,370,8.36,133,99,104,34
2033-11-13,Sunday,1,Autumn,Rainy,No Occasion,0,335,7.71,85,122,74,54
2033-11-14,Monday,0,Autumn,Cloudy,Festival,1,324,9.36,78,58,84,104
2033-11-15,Tuesday,0,Autumn,Sunny,No Occasion,0,380,11.16,134,80,153,13
2033-11-16,Wednesday,0,Autumn,Cloudy,Festival,1,632,18.35,114,134,121,263
2033-11-17,Thursday,0,Autumn,Sunny,No Occasion,0,293,7.23,75,74,56,88
2033-11-18,Friday,0,Autumn,Sunny,No Occasion,0,342,9.64,132,75,89,46
2033-11-19,Saturday,1,Autumn,Cloudy,Festival,1,581,14.16,186,64,152,179
2033-11-20,Sunday,1,Autumn,Sunny,No Occasion,0,423,12.52,228,86,74,35
2033-11-21,Monday,0,Autumn,Rainy,No Occasion,0,253,5.66,74,109,36,34
2033-11-22,Tuesday,0,Autumn,Cloudy,No Occasion,0,356,9.18,167,70,102,17
2033-11-23,Wednesday,0,Autumn,Sunny,No Occasion,0,331,8.36,149,42,87,53
2033-11-24,Thursday,0,Autumn,Cloudy,No Occasion,0,285,7.8,105,70,46,64
2033-11-25,Friday,0,Autumn,Sunny,No Occasion,0,357,10.65,112,103,132,10
2033-11-26,Saturday,1,Autumn,Sunny,No Occasion,0,438,12.94,169,106,90,73
2033-11-27,Sunday,1,Autumn,Sunny,No Occasion,0,457,10.18,95,100,155,107
2033-11-28,Monday,0,Autumn,Cloudy,No Occasion,0,295,7.9,77,119,43,56
2033-11-29,Tuesday,0,Autumn,Cloudy,No Occasion,0,220,6.26,114,24,13,69
2033-11-30,Wednesday,0,Autumn,Sunny,Festival,1,597,13.57,125,132,128,212
2033-12-01,Thursday,0,Winter,Sunny,No Occasion,0,284,7.3,69,58,79,78
2033-12-02,Friday,0,Winter,Cold,No Occasion,0,246,5.26,29,77,72,68
2033-12-03,Saturday,1,Winter,Sunny,No Occasion,0,404,9.23,145,62,116,81
2033-12-04,Sunday,1,Winter,Foggy,No Occasion,0,368,9.41,109,107,72,80
2033-12-05,Monday,0,Winter,Foggy,No Occasion,0,176,3.74,61,20,47,48
2033-12-06,Tuesday,0,Winter,Cold,No Occasion,0,326,7.37,60,91,70,105
2033-12-07,Wednesday,0,Winter,Cold,Festival,1,545,16.16,79,117,141,208
2033-12-08,Thursday,0,Winter,Cold,No Occasion,0,318,8.93,106,67,46,99
2033-12-09,Friday,0,Winter,Cold,No Occasion,0,273,5.98,93,72,39,69
2033-12-10,Saturday,1,Winter,Rainy,No Occasion,0,318,6.43,112,138,30,38
2033-12-11,Sunday,1,Winter,Sunny,No Occasion,0,328,7.14,94,79,106,49
2033-12-12,Monday,0,Winter,Sunny,No Occasion,0,281,7.92,103,132,23,23
2033-12-13,Tuesday,0,Winter,Rainy,No Occasion,0,210,5.6,72,64,44,30
2033-12-14,Wednesday,0,Winter,Foggy,No Occasion,0,276,6.11,113,63,36,64
2033-12-15,Thursday,0,Winter,Foggy,No Occasion,0,334,7.63,65,145,85,39
2033-12-16,Friday,0,Winter,Rainy,No Occasion,0,222,6.12,67,45,39,71
2033-12-17,Saturday,1,Winter,Cold,No Occasion,0,463,11.11,135,71,120,137
2033-12-18,Sunday,1,Winter,Foggy,No Occasion,0,450,10.19,166,75,80,129
2033-12-19,Monday,0,Winter,Cold,No Occasion,0,348,7.03,105,86,32,125
2033-12-20,Tuesday,0,Winter,Cold,Festival,0,467,11.79,83,74,112,198
2033-12-21,Wednesday,0,Winter,Cold,No Occasion,0,253,5.24,70,93,29,61
2033-12-22,Thursday,0,Winter,Cold,No Occasion,0,328,9.37,94,61,104,69
2033-12-23,Friday,0,Winter,Foggy,No Occasion,0,331,6.71,124,122,80,5
2033-12-24,Saturday,1,Winter,Rainy,Local Event,1,296,7.35,92,91,56,57
2033-12-25,Sunday,1,Winter,Cold,No Occasion,0,387,8.46,112,73,80,122
2033-12-26,Monday,0,Winter,Foggy,No Occasion,0,298,7.68,116,76,51,55
2033-12-27,Tuesday,0,Winter,Foggy,No Occasion,0,304,7.66,118,79,50,57
2033-12-28,Wednesday,0,Winter,Cold,No Occasion,0,346,7.71,79,101,52,114
2033-12-29,Thursday,0,Winter,Cold,No Occasion,0,335,10.03,119,87,56,73
2033-12-30,Friday,0,Winter,Foggy,Festival,1,552,13.71,85,111,151,205
2033-12-31,Saturday,1,Winter,Sunny,Festival,1,691,20.61,186,165,116,224
2034-01-01,Sunday,1,Winter,Sunny,Festival,0,514,11.84,165,30,166,153
2034-01-02,Monday,0,Winter,Rainy,No Occasion,0,223,5.63,82,59,40,42
2034-01-03,Tuesday,0,Winter,Foggy,No Occasion,0,347,10.39,72,97,92,86
2034-01-04,Wednesday,0,Winter,Sunny,Local Event,0,328,8.81,107,31,75,115
2034-01-05,Thursday,0,Winter,Sunny,No Occasion,0,320,7.24,103,51,99,67
2034-01-06,Friday,0,Winter,Rainy,No Occasion,0,190,4.17,60,94,24,12
2034-01-07,Saturday,1,Winter,Sunny,No Occasion,0,367,10.4,129,112,72,54
2034-01-08,Sunday,1,Winter,Foggy,No Occasion,0,374,9.94,74,58,128,114
2034-01-09,Monday,0,Winter,Foggy,Festival,1,581,11.73,144,105,104,228
2034-01-10,Tuesday,0,Winter,Sunny,No Occasion,0,243,7.19,56,76,67,44
2034-01-11,Wednesday,0,Winter,Foggy,No Occasion,0,312,8.3,73,59,78,102
2034-01-12,Thursday,0,Winter,Cold,Festival,0,505,14.53,96,102,111,196
2034-01-13,Friday,0,Winter,Sunny,No Occasion,0,320,6.59,110,119,30,61
2034-01-14,Saturday,1,Winter,Sunny,No Occasion,0,483,12.0,230,86,100,67
2034-01-15,Sunday,1,Winter,Foggy,No Occasion,0,372,8.2,126,71,91,84
2034-01-16,Monday,0,Winter,Cold,No Occasion,0,347,9.53,122,95,32,98
2034-01-17,Tuesday,0,Winter,Foggy,No Occasion,0,296,8.29,100,88,29,79
2034-01-18,Wednesday,0,Winter,Rainy,No Occasion,0,140,3.2,38,52,36,14
2034-01-19,Thursday,0,Winter,Cold,No Occasion,0,309,9.25,133,6,49,121
2034-01-20,Friday,0,Winter,Cold,No Occasion,0,327,8.36,75,92,54,106
2034-01-21,Saturday,1,Winter,Sunny,No Occasion,0,321,7.21,106,90,66,59
2034-01-22,Sunday,1,Winter,Sunny,Local Event,0,410,8.77,183,118,71,38
2034-01-23,Monday,0,Winter,Cold,No Occasion,0,217,5.46,79,40,37,61
2034-01-24,Tuesday,0,Winter,Sunny,No Occasion,0,367,8.5,165,52,84,66
2034-01-25,Wednesday,0,Winter,Cold,No Occasion,0,320,8.85,81,64,63,112
2034-01-26,Thursday,0,Winter,Foggy,Festival,1,553,12.33,138,84,146,185
2034-01-27,Friday,0,Winter,Foggy,No Occasion,0,333,8.95,105,114,64,50
2034-01-28,Saturday,1,Winter,Sunny,Festival,1,729,19.14,148,194,151,236
2034-01-29,Sunday,1,Winter,Cold,No Occasion,0,465,12.0,136,147,81,101
2034-01-30,Monday,0,Winter,Cold,No Occasion,0,353,9.13,91,81,71,110
2034-01-31,Tuesday,0,Winter,Cold,No Occasion,0,288,8.62,82,61,28,117
2034-02-01,Wednesday,0,Winter,Cold,Festival,1,574,13.12,100,134,90,250
2034-02-02,Thursday,0,Winter,Sunny,No Occasion,0,357,9.0,85,109,77,86
2034-02-03,Friday,0,Winter,Cold,No Occasion,0,276,8.19,75,142,14,45
2034-02-04,Saturday,1,Winter,Foggy,No Occasion,0,398,9.52,146,84,84,84
2034-02-05,Sunday,1,Winter,Foggy,No Occasion,0,278,7.7,89,83,60,46
2034-02-06,Monday,0,Winter,Foggy,No Occasion,0,350,7.45,134,92,56,68
2034-02-07,Tuesday,0,Winter,Rainy,No Occasion,0,235,6.61,35,101,36,63
2034-02-08,Wednesday,0,Winter,Foggy,No Occasion,0,210,4.45,39,89,31,51
2034-02-09,Thursday,0,Winter,Cold,No Occasion,0,308,7.45,97,81,34,96
2034-02-10,Friday,0,Winter,Sunny,No Occasion,0,324,9.14,99,71,82,72
2034-02-11,Saturday,1,Winter,Sunny,No Occasion,0,389,9.9,132,118,78,61
2034-02-12,Sunday,1,Winter,Cold,No Occasion,0,437,10.36,174,108,45,110
2034-02-13,Monday,0,Winter,Cold,No Occasion,0,337,10.04,57,89,67,124
2034-02-14,Tuesday,0,Winter,Foggy,Local Event,1,343,7.28,62,96,71,114
2034-02-15,Wednesday,0,Winter,Cold,Local Event,0,240,6.64,89,43,37,71
2034-02-16,Thursday,0,Winter,Sunny,No Occasion,0,332,9.66,142,40,67,83
2034-02-17,Friday,0,Winter,Foggy,No Occasion,0,249,5.6,87,70,58,34
2034-02-18,Saturday,1,Winter,Rainy,No Occasion,0,327,6.71,101,95,102,29
2034-02-19,Sunday,1,Winter,Cold,No Occasion,0,415,10.14,99,97,66,153
2034-02-20,Monday,0,Winter,Rainy,No Occasion,0,177,4.87,39,58,29,51
2034-02-21,Tuesday,0,Winter,Cold,No Occasion,0,331,7.22,101,76,79,75
2034-02-22,Wednesday,0,Winter,Sunny,Festival,0,464,13.02,74,75,130,185
2034-02-23,Thursday,0,Winter,Foggy,No Occasion,0,266,7.56,45,68,73,80
2034-02-24,Friday,0,Winter,Sunny,No Occasion,0,322,9.45,117,53,72,80
2034-02-25,Saturday,1,Winter,Cold,No Occasion,0,492,10.05,112,76,129,175
2034-02-26,Sunday,1,Winter,Foggy,No Occasion,0,374,8.8,147,55,45,127
2034-02-27,Monday,0,Winter,Cold,No Occasion,0,354,7.92,68,84,69,133
2034-02-28,Tuesday,0,Winter,Foggy,Local Event,0,336,9.25,127,60,86,63
2034-03-01,Wednesday,0,Summer,Sunny,No Occasion,0,285,8.0,82,87,74,42
2034-03-02,Thursday,0,Summer,Cloudy,No Occasion,0,281,8.17,89,84,72,36
2034-03-03,Friday,0,Summer,Sunny,No Occasion,0,350,10.18,131,128,25,66
2034-03-04,Saturday,1,Summer,Cloudy,No Occasion,0,424,12.08,126,95,71,132
2034-03-05,Sunday,1,Summer,Sunny,No Occasion,0,414,12.21,117,96,87,114
2034-03-06,Monday,0,Summer,Sunny,No Occasion,0,352,9.63,72,137,56,87
2034-03-07,Tuesday,0,Summer,Cloudy,No Occasion,0,227,4.76,56,73,44,54
2034-03-08,Wednesday,0,Summer,Cloudy,No Occasion,0,390,10.91,118,140,73,59
2034-03-09,Thursday,0,Summer,Sunny,No Occasion,0,457,10.16,161,146,60,90
2034-03-10,Friday,0,Summer,Sunny,No Occasion,0,349,10.35,101,124,74,50
2034-03-11,Saturday,1,Summer,Cloudy,Local Event,1,553,11.32,213,186,70,84
2034-03-12,Sunday,1,Summer,Rainy,No Occasion,0,298,8.63,99,108,78,13
2034-03-13,Monday,0,Summer,Sunny,No Occasion,0,299,7.89,92,70,80,57
2034-03-14,Tuesday,0,Summer,Sunny,No Occasion,0,331,7.65,88,132,60,51
2034-03-15,Wednesday,0,Summer,Sunny,No Occasion,0,261,6.41,75,87,62,37
2034-03-16,Thursday,0,Summer,Cloudy,Festival,1,473,13.57,107,84,129,153
2034-03-17,Friday,0,Summer,Sunny,No Occasion,0,298,7.82,81,104,69,44
2034-03-18,Saturday,1,Summer,Sunny,No Occasion,0,471,10.34,136,190,83,62
2034-03-19,Sunday,1,Summer,Cloudy,No Occasion,0,417,11.17,152,109,84,72
2034-03-20,Monday,0,Summer,Cloudy,No Occasion,0,294,7.93,97,94,63,40
2034-03-21,Tuesday,0,Summer,Sunny,Festival,1,589,14.14,72,132,138,247
2034-03-22,Wednesday,0,Summer,Sunny,Local Event,0,327,7.26,103,113,70,41
2034-03-23,Thursday,0,Summer,Sunny,No Occasion,0,349,10.35,123,161,45,20
2034-03-24,Friday,0,Summer,Cloudy,No Occasion,0,357,8.99,150,102,48,57
2034-03-25,Saturday,1,Summer,Sunny,No Occasion,0,365,9.42,115,98,95,57
2034-03-26,Sunday,1,Summer,Cloudy,No Occasion,0,379,7.72,135,96,106,42
2034-03-27,Monday,0,Summer,Rainy,No Occasion,0,239,6.68,81,102,51,5
2034-03-28,Tuesday,0,Summer,Sunny,No Occasion,0,274,8.03,84,68,62,60
2034-03-29,Wednesday,0,Summer,Sunny,No Occasion,0,221,5.57,59,98,15,49
2034-03-30,Thursday,0,Summer,Rainy,No Occasion,0,234,6.05,55,70,72,37
2034-03-31,Friday,0,Summer,Sunny,No Occasion,0,274,5.93,72,81,65,56
2034-04-01,Saturday,1,Summer,Cloudy,No Occasion,0,384,8.07,216,100,37,31
2034-04-02,Sunday,1,Summer,Cloudy,No Occasion,0,373,9.09,133,105,56,79
2034-04-03,Monday,0,Summer,Sunny,No Occasion,0,311,9.33,65,148,37,61
2034-04-04,Tuesday,0,Summer,Sunny,No Occasion,0,238,5.85,90,83,44,21
2034-04-05,Wednesday,0,Summer,Sunny,No Occasion,0,317,6.5,117,109,36,55
2034-04-06,Thursday,0,Summer,Sunny,No Occasion,0,342,8.27,141,129,41,31
2034-04-07,Friday,0,Summer,Cloudy,No Occasion,0,202,4.88,54,101,12,35
2034-04-08,Saturday,1,Summer,Cloudy,No Occasion,0,419,10.5,104,114,134,67
2034-04-09,Sunday,1,Summer,Rainy,No Occasion,0,371,9.09,127,95,112,37
2034-04-10,Monday,0,Summer,Sunny,No Occasion,0,351,9.96,128,111,102,10
2034-04-11,Tuesday,0,Summer,Cloudy,No Occasion,0,232,6.78,74,43,85,30
2034-04-12,Wednesday,0,Summer,Sunny,No Occasion,0,302,6.71,81,122,59,40
2034-04-13,Thursday,0,Summer,Sunny,No Occasion,0,250,6.39,77,73,56,44
2034-04-14,Friday,0,Summer,Cloudy,No Occasion,0,336,8.22,70,107,101,58
2034-04-15,Saturday,1,Summer,Sunny,No Occasion,0,297,8.05,123,69,57,48
2034-04-16,Sunday,1,Summer,Sunny,No Occasion,0,353,10.25,87,97,91,78
2034-04-17,Monday,0,Summer,Sunny,No Occasion,0,325,6.87,107,95,55,68
2034-04-18,Tuesday,0,Summer,Sunny,No Occasion,0,263,6.55,86,111,35,31
2034-04-19,Wednesday,0,Summer,Sunny,No Occasion,0,363,9.44,110,105,91,57
2034-04-20,Thursday,0,Summer,Sunny,No Occasion,0,291,6.52,106,123,39,23
2034-04-21,Friday,0,Summer,Cloudy,No Occasion,0,284,7.72,146,96,23,19
2034-04-22,Saturday,1,Summer,Sunny,No Occasion,0,374,9.13,121,83,84,86
2034-04-23,Sunday,1,Summer,Sunny,No Occasion,0,486,12.06,112,155,146,73
2034-04-24,Monday,0,Summer,Sunny,No Occasion,0,243,6.48,78,60,68,37
2034-04-25,Tuesday,0,Summer,Sunny,No Occasion,0,287,6.23,63,98,103,23
2034-04-26,Wednesday,0,Summer,Sunny,No Occasion,0,329,7.14,98,110,76,45
2034-04-27,Thursday,0,Summer,Sunny,No Occasion,0,220,6.33,87,55,46,32
2034-04-28,Friday,0,Summer,Sunny,No Occasion,0,380,9.26,150,155,13,62
2034-04-29,Saturday,1,Summer,Sunny,No Occasion,0,426,11.92,125,149,66,86
2034-04-30,Sunday,1,Summer,Sunny,No Occasion,0,433,10.15,176,129,69,59
2034-05-01,Monday,0,Summer,Sunny,No Occasion,0,335,9.9,92,101,83,59
2034-05-02,Tuesday,0,Summer,Sunny,No Occasion,0,301,6.08,96,62,96,47
2034-05-03,Wednesday,0,Summer,Cloudy,No Occasion,0,372,9.28,144,98,16,114
2034-05-04,Thursday,0,Summer,Sunny,No Occasion,0,332,8.87,106,76,70,80
2034-05-05,Friday,0,Summer,Cloudy,No Occasion,0,125,2.81,28,43,27,27
2034-05-06,Saturday,1,Summer,Cloudy,No Occasion,1,528,13.71,227,123,67,111
2034-05-07,Sunday,1,Summer,Sunny,No Occasion,0,333,9.59,84,101,88,60
2034-05-08,Monday,0,Summer,Sunny,No Occasion,0,385,9.56,88,107,109,81
2034-05-09,Tuesday,0,Summer,Sunny,No Occasion,0,166,4.11,62,41,44,19
2034-05-10,Wednesday,0,Summer,Sunny,No Occasion,0,292,6.25,98,108,17,69
2034-05-11,Thursday,0,Summer,Cloudy,No Occasion,0,368,10.55,93,116,73,86
2034-05-12,Friday,0,Summer,Sunny,Festival,1,602,13.3,131,90,141,240
2034-05-13,Saturday,1,Summer,Sunny,No Occasion,0,448,10.34,132,168,83,65
2034-05-14,Sunday,1,Summer,Sunny,Festival,1,699,19.15,246,196,66,191
2034-05-15,Monday,0,Summer,Sunny,Local Event,0,297,8.02,66,149,46,36
2034-05-16,Tuesday,0,Summer,Sunny,No Occasion,0,266,5.86,85,109,62,10
2034-05-17,Wednesday,0,Summer,Sunny,No Occasion,0,325,9.37,95,138,66,26
2034-05-18,Thursday,0,Summer,Sunny,Festival,1,568,16.33,115,97,173,183
2034-05-19,Friday,0,Summer,Cloudy,No Occasion,0,332,9.21,102,123,66,41
2034-05-20,Saturday,1,Summer,Sunny,No Occasion,0,419,10.66,100,78,135,106
2034-05-21,Sunday,1,Summer,Cloudy,No Occasion,0,364,8.24,148,92,56,68
2034-05-22,Monday,0,Summer,Cloudy,No Occasion,0,265,7.36,101,41,67,56
2034-05-23,Tuesday,0,Summer,Sunny,No Occasion,0,264,5.92,89,100,56,19
2034-05-24,Wednesday,0,Summer,Sunny,No Occasion,0,305,6.42,70,99,64,72
2034-05-25,Thursday,0,Summer,Sunny,No Occasion,0,262,6.26,95,78,40,49
2034-05-26,Friday,0,Summer,Cloudy,No Occasion,0,309,7.3,108,110,78,13
2034-05-27,Saturday,1,Summer,Cloudy,No Occasion,0,434,9.52,133,102,104,95
2034-05-28,Sunday,1,Summer,Cloudy,No Occasion,0,489,11.49,142,196,107,44
2034-05-29,Monday,0,Summer,Sunny,No Occasion,0,273,8.02,97,107,25,44
2034-05-30,Tuesday,0,Summer,Sunny,No Occasion,0,327,9.79,111,98,83,35
2034-05-31,Wednesday,0,Summer,Cloudy,No Occasion,0,414,9.16,116,169,90,39
2034-06-01,Thursday,0,Monsoon,Cloudy,No Occasion,0,271,7.47,78,68,54,71
2034-06-02,Friday,0,Monsoon,Rainy,No Occasion,0,161,3.36,71,41,31,18
2034-06-03,Saturday,1,Monsoon,Sunny,No Occasion,0,395,9.56,119,86,120,70
2034-06-04,Sunday,1,Monsoon,Cloudy,Festival,1,600,14.61,102,139,141,218
2034-06-05,Monday,0,Monsoon,Sunny,No Occasion,0,309,9.11,124,85,90,10
2034-06-06,Tuesday,0,Monsoon,Rainy,No Occasion,1,287,7.51,97,101,35,54
2034-06-07,Wednesday,0,Monsoon,Heavy Rain,No Occasion,1,194,5.09,62,48,60,24
2034-06-08,Thursday,0,Monsoon,Cloudy,No Occasion,0,350,8.94,105,89,119,37
2034-06-09,Friday,0,Monsoon,Rainy,No Occasion,0,282,7.24,70,102,68,42
2034-06-10,Saturday,1,Monsoon,Heavy Rain,No Occasion,0,262,6.16,81,98,65,18
2034-06-11,Sunday,1,Monsoon,Cloudy,No Occasion,0,389,9.68,161,95,107,26
2034-06-12,Monday,0,Monsoon,Rainy,No Occasion,0,284,8.08,43,116,116,9
2034-06-13,Tuesday,0,Monsoon,Rainy,Festival,1,376,10.03,85,126,63,102
2034-06-14,Wednesday,0,Monsoon,Heavy Rain,No Occasion,0,217,5.5,77,78,55,7
2034-06-15,Thursday,0,Monsoon,Cloudy,Local Event,0,393,11.36,180,111,34,68
2034-06-16,Friday,0,Monsoon,Cloudy,No Occasion,0,276,7.9,132,70,64,10
2034-06-17,Saturday,1,Monsoon,Heavy Rain,No Occasion,0,315,8.38,113,94,64,44
2034-06-18,Sunday,1,Monsoon,Heavy Rain,No Occasion,0,273,6.91,75,68,75,55
2034-06-19,Monday,0,Monsoon,Sunny,No Occasion,0,337,10.06,107,104,63,63
2034-06-20,Tuesday,0,Monsoon,Heavy Rain,No Occasion,1,299,7.45,82,111,66,40
2034-06-21,Wednesday,0,Monsoon,Cloudy,No Occasion,0,367,8.96,94,103,70,100
2034-06-22,Thursday,0,Monsoon,Rainy,Festival,1,385,9.35,80,98,78,129
2034-06-23,Friday,0,Monsoon,Rainy,No Occasion,0,220,5.62,33,93,89,5
2034-06-24,Saturday,1,Monsoon,Cloudy,Local Event,0,403,8.83,133,95,89,86
2034-06-25,Sunday,1,Monsoon,Rainy,No Occasion,0,428,11.54,119,171,82,56
2034-06-26,Monday,0,Monsoon,Sunny,Festival,1,517,11.45,128,141,95,153
2034-06-27,Tuesday,0,Monsoon,Cloudy,Festival,1,569,12.49,119,120,132,198
2034-06-28,Wednesday,0,Monsoon,Sunny,Festival,1,651,14.59,159,93,131,268
2034-06-29,Thursday,0,Monsoon,Rainy,No Occasion,0,244,6.38,84,78,43,39
2034-06-30,Friday,0,Monsoon,Heavy Rain,No Occasion,0,104,3.02,53,41,9,1
2034-07-01,Saturday,1,Monsoon,Sunny,Festival,1,581,16.54,188,83,146,164
2034-07-02,Sunday,1,Monsoon,Rainy,No Occasion,0,384,8.19,88,108,152,36
2034-07-03,Monday,0,Monsoon,Rainy,No Occasion,0,321,9.52,87,106,61,67
2034-07-04,Tuesday,0,Monsoon,Heavy Rain,No Occasion,1,202,5.63,42,70,44,46
2034-07-05,Wednesday,0,Monsoon,Rainy,No Occasion,0,220,4.91,67,55,62,36
2034-07-06,Thursday,0,Monsoon,Rainy,No Occasion,0,206,5.25,66,90,44,6
2034-07-07,Friday,0,Monsoon,Cloudy,No Occasion,0,296,7.38,68,85,92,51
2034-07-08,Saturday,1,Monsoon,Cloudy,No Occasion,0,421,9.81,141,87,125,68
2034-07-09,Sunday,1,Monsoon,Rainy,No Occasion,0,293,8.16,92,94,72,35
2034-07-10,Monday,0,Monsoon,Rainy,No Occasion,0,213,6.34,85,84,41,3
2034-07-11,Tuesday,0,Monsoon,Rainy,No Occasion,0,192,3.88,38,70,52,32
2034-07-12,Wednesday,0,Monsoon,Rainy,No Occasion,0,259,5.65,45,151,39,24
2034-07-13,Thursday,0,Monsoon,Sunny,No Occasion,0,272,5.48,125,67,53,27
2034-07-14,Friday,0,Monsoon,Cloudy,No Occasion,0,193,4.57,67,57,32,37
2034-07-15,Saturday,1,Monsoon,Cloudy,Local Event,0,321,7.86,104,66,108,43
2034-07-16,Sunday,1,Monsoon,Rainy,No Occasion,0,418,9.41,152,112,105,49
2034-07-17,Monday,0,Monsoon,Cloudy,Local Event,0,376,9.12,141,99,98,38
2034-07-18,Tuesday,0,Monsoon,Heavy Rain,No Occasion,1,220,4.45,82,77,38,23
2034-07-19,Wednesday,0,Monsoon,Heavy Rain,No Occasion,0,123,2.71,44,42,25,12
2034-07-20,Thursday,0,Monsoon,Rainy,Festival,0,398,8.47,64,137,111,86
2034-07-21,Friday,0,Monsoon,Heavy Rain,No Occasion,0,170,4.65,67,59,40,4
2034-07-22,Saturday,1,Monsoon,Rainy,Festival,1,482,9.84,145,116,119,102
2034-07-23,Sunday,1,Monsoon,Sunny,No Occasion,0,300,7.03,75,83,70,72
2034-07-24,Monday,0,Monsoon,Rainy,No Occasion,0,239,6.41,120,86,18,15
2034-07-25,Tuesday,0,Monsoon,Heavy Rain,No Occasion,0,80,2.39,30,13,20,17
2034-07-26,Wednesday,0,Monsoon,Heavy Rain,No Occasion,0,217,4.84,54,92,40,31
2034-07-27,Thursday,0,Monsoon,Heavy Rain,No Occasion,0,111,2.45,37,45,15,14
2034-07-28,Friday,0,Monsoon,Heavy Rain,No Occasion,1,200,5.8,54,64,41,41
2034-07-29,Saturday,1,Monsoon,Cloudy,Festival,1,314,9.31,73,39,87,115
2034-07-30,Sunday,1,Monsoon,Rainy,Festival,1,464,10.28,166,104,89,105
2034-07-31,Monday,0,Monsoon,Sunny,No Occasion,0,224,4.85,117,65,28,14
2034-08-01,Tuesday,0,Monsoon,Rainy,No Occasion,0,228,4.57,69,78,48,33
2034-08-02,Wednesday,0,Monsoon,Heavy Rain,No Occasion,0,199,4.98,51,66,68,14
2034-08-03,Thursday,0,Monsoon,Sunny,Local Event,1,501,13.03,187,95,74,145
2034-08-04,Friday,0,Monsoon,Rainy,No Occasion,1,265,5.7,82,65,59,59
2034-08-05,Saturday,1,Monsoon,Sunny,No Occasion,0,430,10.77,128,112,120,70
2034-08-06,Sunday,1,Monsoon,Cloudy,Local Event,0,374,9.05,167,121,63,23
2034-08-07,Monday,0,Monsoon,Rainy,No Occasion,0,212,4.73,88,65,40,19
2034-08-08,Tuesday,0,Monsoon,Rainy,No Occasion,0,279,5.71,110,77,52,40
2034-08-09,Wednesday,0,Monsoon,Heavy Rain,No Occasion,1,101,2.7,30,55,8,8
2034-08-10,Thursday,0,Monsoon,Rainy,No Occasion,0,298,7.5,21,147,112,18
2034-08-11,Friday,0,Monsoon,Cloudy,Festival,1,504,10.34,106,86,129,183
2034-08-12,Saturday,1,Monsoon,Cloudy,No Occasion,0,371,8.33,100,118,93,60
2034-08-13,Sunday,1,Monsoon,Sunny,No Occasion,0,442,13.18,190,97,96,59
2034-08-14,Monday,0,Monsoon,Heavy Rain,No Occasion,0,163,4.7,43,69,29,22
2034-08-15,Tuesday,0,Monsoon,Sunny,No Occasion,0,357,8.3,114,137,33,73
2034-08-16,Wednesday,0,Monsoon,Rainy,No Occasion,0,294,6.71,58,104,112,20
2034-08-17,Thursday,0,Monsoon,Cloudy,No Occasion,0,337,7.68,87,112,39,99
2034-08-18,Friday,0,Monsoon,Rainy,No Occasion,0,192,5.32,66,76,33,17
2034-08-19,Saturday,1,Monsoon,Rainy,No Occasion,0,418,9.89,111,142,126,39
2034-08-20,Sunday,1,Monsoon,Rainy,Festival,0,427,10.97,118,121,107,81
2034-08-21,Monday,0,Monsoon,Rainy,No Occasion,0,258,6.19,105,91,36,26
2034-08-22,Tuesday,0,Monsoon,Heavy Rain,No Occasion,0,149,4.25,61,61,23,4
2034-08-23,Wednesday,0,Monsoon,Sunny,No Occasion,0,354,9.15,152,91,66,45
2034-08-24,Thursday,0,Monsoon,Sunny,No Occasion,0,343,7.63,147,77,50,69
2034-08-25,Friday,0,Monsoon,Cloudy,No Occasion,0,274,6.33,101,54,68,51
2034-08-26,Saturday,1,Monsoon,Rainy,No Occasion,0,358,8.62,129,98,78,53
2034-08-27,Sunday,1,Monsoon,Rainy,No Occasion,0,325,9.34,112,103,102,8
2034-08-28,Monday,0,Monsoon,Cloudy,No Occasion,0,254,5.17,52,58,64,80
2034-08-29,Tuesday,0,Monsoon,Rainy,No Occasion,0,143,3.32,51,57,12,23
2034-08-30,Wednesday,0,Monsoon,Heavy Rain,Local Event,1,182,4.48,78,67,23,14
2034-08-31,Thursday,0,Monsoon,Rainy,No Occasion,0,199,4.82,60,72,14,53
2034-09-01,Friday,0,Monsoon,Cloudy,No Occasion,0,333,9.67,79,127,84,43
2034-09-02,Saturday,1,Monsoon,Rainy,No Occasion,0,284,8.11,104,116,42,22
2034-09-03,Sunday,1,Monsoon,Rainy,No Occasion,0,386,10.42,128,148,66,44
2034-09-04,Monday,0,Monsoon,Rainy,Festival,1,360,10.25,85,95,67,113
2034-09-05,Tuesday,0,Monsoon,Cloudy,Festival,1,649,14.06,133,145,134,237
2034-09-06,Wednesday,0,Monsoon,Sunny,No Occasion,0,290,6.89,127,82,33,48
2034-09-07,Thursday,0,Monsoon,Rainy,No Occasion,0,232,6.71,22,138,23,49
2034-09-08,Friday,0,Monsoon,Rainy,No Occasion,0,307,8.5,87,119,55,46
2034-09-09,Saturday,1,Monsoon,Rainy,No Occasion,0,385,9.35,157,86,87,55
2034-09-10,Sunday,1,Monsoon,Cloudy,No Occasion,0,405,9.34,148,111,87,59
2034-09-11,Monday,0,Monsoon,Heavy Rain,No Occasion,1,158,3.56,54,51,24,29
2034-09-12,Tuesday,0,Monsoon,Cloudy,No Occasion,0,186,4.89,78,55,40,13
2034-09-13,Wednesday,0,Monsoon,Rainy,No Occasion,0,133,3.04,31,57,40,5
2034-09-14,Thursday,0,Monsoon,Rainy,No Occasion,0,187,4.27,55,50,54,28
2034-09-15,Friday,0,Monsoon,Rainy,Local Event,1,261,7.48,44,86,67,64
2034-09-16,Saturday,1,Monsoon,Heavy Rain,Festival,1,308,6.27,90,93,70,55
2034-09-17,Sunday,1,Monsoon,Cloudy,Local Event,0,394,8.74,123,123,93,55
2034-09-18,Monday,0,Monsoon,Cloudy,No Occasion,0,352,9.02,138,101,50,63
2034-09-19,Tuesday,0,Monsoon,Rainy,Festival,1,273,7.49,49,95,66,63
2034-09-20,Wednesday,0,Monsoon,Sunny,No Occasion,0,338,9.85,130,91,52,65
2034-09-21,Thursday,0,Monsoon,Rainy,Festival,1,387,11.38,83,125,89,90
2034-09-22,Friday,0,Monsoon,Rainy,No Occasion,0,331,7.21,118,121,80,12
2034-09-23,Saturday,1,Monsoon,Rainy,No Occasion,0,347,9.64,117,97,73,60
2034-09-24,Sunday,1,Monsoon,Heavy Rain,No Occasion,1,313,7.72,93,98,66,56
2034-09-25,Monday,0,Monsoon,Sunny,Festival,1,649,17.47,123,144,149,233
2034-09-26,Tuesday,0,Monsoon,Cloudy,No Occasion,0,247,7.01,81,96,36,34
2034-09-27,Wednesday,0,Monsoon,Rainy,Festival,1,387,10.92,85,130,60,112
2034-09-28,Thursday,0,Monsoon,Rainy,No Occasion,0,182,5.03,41,75,31,35
2034-09-29,Friday,0,Monsoon,Rainy,Festival,1,358,7.63,88,64,90,116
2034-09-30,Saturday,1,Monsoon,Rainy,No Occasion,0,274,8.16,68,114,71,21
2034-10-01,Sunday,1,Autumn,Rainy,No Occasion,0,377,11.08,146,102,50,79
2034-10-02,Monday,0,Autumn,Sunny,No Occasion,0,260,7.35,75,61,42,82
2034-10-03,Tuesday,0,Autumn,Sunny,No Occasion,0,306,8.02,118,94,59,35
2034-10-04,Wednesday,0,Autumn,Cloudy,No Occasion,0,264,6.08,113,79,7,65
2034-10-05,Thursday,0,Autumn,Cloudy,Festival,0,503,12.15,155,94,67,187
2034-10-06,Friday,0,Autumn,Sunny,No Occasion,0,346,7.17,79,103,101,63
2034-10-07,Saturday,1,Autumn,Cloudy,No Occasion,0,364,8.15,130,97,70,67
2034-10-08,Sunday,1,Autumn,Cloudy,No Occasion,0,330,7.72,157,86,67,20
2034-10-09,Monday,0,Autumn,Cloudy,Local Event,0,293,6.62,106,40,76,71
2034-10-10,Tuesday,0,Autumn,Sunny,No Occasion,0,268,5.73,92,42,101,33
2034-10-11,Wednesday,0,Autumn,Cloudy,Festival,1,529,12.74,74,139,76,240
2034-10-12,Thursday,0,Autumn,Rainy,Festival,1,427,12.52,130,140,75,82
2034-10-13,Friday,0,Autumn,Rainy,No Occasion,0,320,7.71,107,118,64,31
2034-10-14,Saturday,1,Autumn,Sunny,Festival,1,653,15.7,150,60,213,230
2034-10-15,Sunday,1,Autumn,Sunny,No Occasion,0,413,11.22,147,77,77,112
2034-10-16,Monday,0,Autumn,Sunny,No Occasion,0,330,7.79,60,82,98,90
2034-10-17,Tuesday,0,Autumn,Sunny,Local Event,1,395,8.63,121,102,119,53
2034-10-18,Wednesday,0,Autumn,Cloudy,No Occasion,0,267,7.62,76,68,62,61
2034-10-19,Thursday,0,Autumn,Cloudy,No Occasion,0,324,7.51,160,96,11,57
2034-10-20,Friday,0,Autumn,Cloudy,No Occasion,0,268,6.2,89,61,68,50
2034-10-21,Saturday,1,Autumn,Cloudy,No Occasion,1,467,12.35,159,62,95,151
2034-10-22,Sunday,1,Autumn,Sunny,No Occasion,0,460,11.0,157,158,83,62
2034-10-23,Monday,0,Autumn,Sunny,Festival,1,544,13.34,157,119,101,167
2034-10-24,Tuesday,0,Autumn,Sunny,Local Event,1,379,10.53,136,65,125,53
2034-10-25,Wednesday,0,Autumn,Sunny,No Occasion,1,384,8.99,137,91,56,100
2034-10-26,Thursday,0,Autumn,Sunny,Festival,1,637,14.96,141,137,200,159
2034-10-27,Friday,0,Autumn,Cloudy,No Occasion,0,293,7.07,79,137,37,40
2034-10-28,Saturday,1,Autumn,Cloudy,No Occasion,0,431,12.64,131,115,96,89
2034-10-29,Sunday,1,Autumn,Sunny,No Occasion,0,447,11.57,175,105,117,50
2034-10-30,Monday,0,Autumn,Sunny,Festival,1,629,13.23,146,109,157,217
2034-10-31,Tuesday,0,Autumn,Rainy,No Occasion,0,185,5.08,46,63,27,49
2034-11-01,Wednesday,0,Autumn,Rainy,No Occasion,0,284,6.89,69,111,53,51
2034-11-02,Thursday,0,Autumn,Cloudy,Festival,0,424,10.29,112,72,126,114
2034-11-03,Friday,0,Autumn,Cloudy,No Occasion,0,301,8.9,123,96,77,5
2034-11-04,Saturday,1,Autumn,Cloudy,No Occasion,0,321,9.02,135,94,24,68
2034-11-05,Sunday,1,Autumn,Sunny,Festival,1,727,18.62,206,125,131,265
2034-11-06,Monday,0,Autumn,Cloudy,No Occasion,0,341,10.13,117,71,80,73
2034-11-07,Tuesday,0,Autumn,Sunny,Festival,1,659,18.29,159,137,147,216
2034-11-08,Wednesday,0,Autumn,Cloudy,No Occasion,0,366,9.41,183,124,32,27
2034-11-09,Thursday,0,Autumn,Cloudy,No Occasion,0,294,6.88,89,113,23,69
2034-11-10,Friday,0,Autumn,Cloudy,Festival,1,676,18.61,219,139,76,242
2034-11-11,Saturday,1,Autumn,Sunny,No Occasion,0,336,10.03,87,96,110,43
2034-11-12,Sunday,1,Autumn,Sunny,No Occasion,0,405,8.92,145,140,41,79
2034-11-13,Monday,0,Autumn,Sunny,No Occasion,0,240,5.54,89,45,20,86
2034-11-14,Tuesday,0,Autumn,Sunny,No Occasion,0,340,9.33,72,72,57,139
2034-11-15,Wednesday,0,Autumn,Cloudy,No Occasion,0,311,7.39,122,46,83,60
2034-11-16,Thursday,0,Autumn,Sunny,No Occasion,0,354,8.15,89,114,59,92
2034-11-17,Friday,0,Autumn,Sunny,No Occasion,0,366,7.59,95,83,82,106
2034-11-18,Saturday,1,Autumn,Cloudy,No Occasion,0,502,14.94,175,87,123,117
2034-11-19,Sunday,1,Autumn,Sunny,No Occasion,0,421,11.21,152,118,111,40
2034-11-20,Monday,0,Autumn,Sunny,No Occasion,0,372,9.82,128,75,95,74
2034-11-21,Tuesday,0,Autumn,Sunny,No Occasion,0,271,7.34,91,91,52,37
2034-11-22,Wednesday,0,Autumn,Cloudy,No Occasion,0,326,7.68,103,86,132,5
2034-11-23,Thursday,0,Autumn,Sunny,No Occasion,0,334,9.44,155,70,63,46
2034-11-24,Friday,0,Autumn,Cloudy,No Occasion,0,240,6.78,77,69,33,61
2034-11-25,Saturday,1,Autumn,Cloudy,Local Event,0,427,9.01,156,114,95,62
2034-11-26,Sunday,1,Autumn,Cloudy,No Occasion,0,460,12.53,144,98,109,109
2034-11-27,Monday,0,Autumn,Sunny,Festival,1,678,19.69,87,86,207,298
2034-11-28,Tuesday,0,Autumn,Sunny,No Occasion,0,270,8.05,80,73,42,75
2034-11-29,Wednesday,0,Autumn,Rainy,No Occasion,0,255,7.03,77,67,82,29
2034-11-30,Thursday,0,Autumn,Sunny,No Occasion,0,279,5.74,103,88,54,34
2034-12-01,Friday,0,Winter,Cold,No Occasion,0,233,6.57,66,51,48,68
2034-12-02,Saturday,1,Winter,Cold,No Occasion,0,411,12.27,85,83,113,130
2034-12-03,Sunday,1,Winter,Cold,No Occasion,0,352,8.04,92,57,99,104
2034-12-04,Monday,0,Winter,Cold,No Occasion,0,311,8.1,82,89,69,71
2034-12-05,Tuesday,0,Winter,Rainy,No Occasion,0,268,6.86,101,54,50,63
2034-12-06,Wednesday,0,Winter,Sunny,No Occasion,0,350,9.6,114,131,24,81
2034-12-07,Thursday,0,Winter,Sunny,No Occasion,0,316,8.44,102,132,12,70
2034-12-08,Friday,0,Winter,Foggy,No Occasion,0,347,7.56,146,78,65,58
2034-12-09,Saturday,1,Winter,Foggy,No Occasion,0,276,7.22,78,31,72,95
2034-12-10,Sunday,1,Winter,Cold,Festival,1,761,17.08,172,123,178,288
2034-12-11,Monday,0,Winter,Foggy,No Occasion,0,274,7.87,94,87,20,73
2034-12-12,Tuesday,0,Winter,Cold,No Occasion,0,339,9.89,83,94,16,146
2034-12-13,Wednesday,0,Winter,Foggy,No Occasion,0,230,5.96,74,47,52,57
2034-12-14,Thursday,0,Winter,Foggy,No Occasion,0,293,6.06,96,20,85,92
2034-12-15,Friday,0,Winter,Foggy,No Occasion,0,280,6.66,102,53,68,57
2034-12-16,Saturday,1,Winter,Cold,No Occasion,0,383,10.97,97,111,99,76
2034-12-17,Sunday,1,Winter,Foggy,No Occasion,0,475,12.77,187,117,108,63
2034-12-18,Monday,0,Winter,Cold,No Occasion,0,330,9.75,73,72,93,92
2034-12-19,Tuesday,0,Winter,Foggy,No Occasion,0,312,8.9,95,71,69,77
2034-12-20,Wednesday,0,Winter,Cold,Local Event,0,368,9.25,101,82,49,136
2034-12-21,Thursday,0,Winter,Sunny,No Occasion,0,275,6.66,99,58,80,38
2034-12-22,Friday,0,Winter,Sunny,Festival,1,592,12.18,175,112,88,217
2034-12-23,Saturday,1,Winter,Cold,No Occasion,0,351,8.76,120,63,66,102
2034-12-24,Sunday,1,Winter,Foggy,No Occasion,0,296,6.2,154,61,46,35
2034-12-25,Monday,0,Winter,Rainy,No Occasion,0,260,7.74,65,111,68,16
2034-12-26,Tuesday,0,Winter,Sunny,No Occasion,0,310,6.74,121,35,70,84
2034-12-27,Wednesday,0,Winter,Foggy,Festival,1,512,10.86,119,87,116,190
2034-12-28,Thursday,0,Winter,Rainy,No Occasion,0,188,4.52,11,55,90,32
2034-12-29,Friday,0,Winter,Foggy,No Occasion,0,205,4.31,65,59,49,32
2034-12-30,Saturday,1,Winter,Cold,Festival,1,657,18.43,179,28,138,312
2034-12-31,Sunday,1,Winter,Sunny,No Occasion,0,434,9.1,180,92,89,73
2035-01-01,Monday,0,Winter,Cold,No Occasion,0,400,9.8,100,93,66,141
2035-01-02,Tuesday,0,Winter,Foggy,No Occasion,0,247,6.5,57,89,54,47
2035-01-03,Wednesday,0,Winter,Foggy,No Occasion,0,275,6.46,74,62,66,73
2035-01-04,Thursday,0,Winter,Sunny,No Occasion,0,278,6.77,84,100,64,30
2035-01-05,Friday,0,Winter,Sunny,No Occasion,0,259,7.5,65,49,47,98
2035-01-06,Saturday,1,Winter,Cold,No Occasion,0,450,12.38,116,103,112,119
2035-01-07,Sunday,1,Winter,Sunny,Local Event,1,466,9.61,186,63,105,112
2035-01-08,Monday,0,Winter,Cold,No Occasion,0,291,6.64,68,67,41,115
2035-01-09,Tuesday,0,Winter,Cold,Festival,1,584,12.32,89,129,115,251
2035-01-10,Wednesday,0,Winter,Sunny,No Occasion,0,342,7.08,64,127,88,63
2035-01-11,Thursday,0,Winter,Cold,No Occasion,0,292,8.32,85,33,70,104
2035-01-12,Friday,0,Winter,Cold,No Occasion,0,192,4.94,57,42,34,59
2035-01-13,Saturday,1,Winter,Sunny,Festival,1,737,20.49,191,93,238,215
2035-01-14,Sunday,1,Winter,Cold,No Occasion,0,428,9.94,127,99,55,147
2035-01-15,Monday,0,Winter,Foggy,No Occasion,0,174,4.03,42,29,59,44
2035-01-16,Tuesday,0,Winter,Rainy,No Occasion,0,144,3.27,33,59,19,33
2035-01-17,Wednesday,0,Winter,Cold,No Occasion,0,322,8.13,91,107,40,84
2035-01-18,Thursday,0,Winter,Sunny,No Occasion,0,300,6.97,79,88,59,74
2035-01-19,Friday,0,Winter,Sunny,No Occasion,0,356,9.39,178,41,82,55
2035-01-20,Saturday,1,Winter,Sunny,No Occasion,0,488,12.0,264,60,90,74
2035-01-21,Sunday,1,Winter,Foggy,No Occasion,0,341,8.14,160,116,36,29
2035-01-22,Monday,0,Winter,Sunny,No Occasion,0,341,7.28,107,116,41,77
2035-01-23,Tuesday,0,Winter,Cold,No Occasion,0,325,7.11,120,44,79,82
2035-01-24,Wednesday,0,Winter,Sunny,No Occasion,0,305,8.78,105,87,63,50
2035-01-25,Thursday,0,Winter,Foggy,Festival,1,524,13.79,69,108,113,234
2035-01-26,Friday,0,Winter,Foggy,No Occasion,0,303,6.11,96,71,76,60
2035-01-27,Saturday,1,Winter,Foggy,No Occasion,0,350,8.38,148,64,54,84
2035-01-28,Sunday,1,Winter,Rainy,Festival,1,471,9.67,142,84,131,114
2035-01-29,Monday,0,Winter,Cold,No Occasion,0,332,8.37,89,83,80,80
2035-01-30,Tuesday,0,Winter,Cold,No Occasion,0,360,7.51,98,54,109,99
2035-01-31,Wednesday,0,Winter,Cold,No Occasion,0,322,8.24,88,92,31,111
2035-02-01,Thursday,0,Winter,Foggy,No Occasion,0,265,6.29,92,76,48,49
2035-02-02,Friday,0,Winter,Foggy,No Occasion,1,353,8.58,85,80,55,133
2035-02-03,Saturday,1,Winter,Sunny,No Occasion,0,419,9.48,161,61,99,98
2035-02-04,Sunday,1,Winter,Cold,No Occasion,0,280,7.01,95,64,33,88
2035-02-05,Monday,0,Winter,Cold,No Occasion,0,285,8.35,68,51,53,113
2035-02-06,Tuesday,0,Winter,Foggy,Festival,1,587,13.36,125,142,51,269
2035-02-07,Wednesday,0,Winter,Cold,No Occasion,0,270,6.17,84,91,40,55
2035-02-08,Thursday,0,Winter,Foggy,Local Event,0,277,7.75,84,66,43,84
2035-02-09,Friday,0,Winter,Cold,No Occasion,0,356,7.8,102,95,50,109
2035-02-10,Saturday,1,Winter,Rainy,No Occasion,0,399,11.94,136,143,57,63
2035-02-11,Sunday,1,Winter,Sunny,No Occasion,0,433,12.22,156,152,91,34
2035-02-12,Monday,0,Winter,Foggy,No Occasion,0,302,6.93,75,78,83,66
2035-02-13,Tuesday,0,Winter,Rainy,No Occasion,0,375,8.62,113,141,62,59
2035-02-14,Wednesday,0,Winter,Sunny,No Occasion,0,280,5.91,88,80,52,60
2035-02-15,Thursday,0,Winter,Cold,No Occasion,0,383,11.04,119,90,51,123
2035-02-16,Friday,0,Winter,Sunny,No Occasion,0,348,8.89,139,90,50,69
2035-02-17,Saturday,1,Winter,Foggy,No Occasion,0,387,10.99,104,108,104,71
2035-02-18,Sunday,1,Winter,Cold,Festival,1,664,18.27,165,110,134,255
2035-02-19,Monday,0,Winter,Sunny,No Occasion,0,383,10.07,137,147,30,69
2035-02-20,Tuesday,0,Winter,Foggy,No Occasion,0,364,8.89,130,71,43,120
2035-02-21,Wednesday,0,Winter,Cold,No Occasion,0,338,9.06,89,98,54,97
2035-02-22,Thursday,0,Winter,Cold,No Occasion,0,310,8.91,88,65,51,106
2035-02-23,Friday,0,Winter,Sunny,No Occasion,0,312,8.31,91,87,59,75
2035-02-24,Saturday,1,Winter,Cold,No Occasion,1,506,13.57,159,63,107,177
2035-02-25,Sunday,1,Winter,Cold,Festival,1,694,20.59,190,94,170,240
2035-02-26,Monday,0,Winter,Foggy,Festival,1,533,13.29,90,102,95,246
2035-02-27,Tuesday,0,Winter,Sunny,Local Event,1,439,12.91,71,125,101,142
2035-02-28,Wednesday,0,Winter,Sunny,No Occasion,0,402,10.66,91,110,131,70
2035-03-01,Thursday,0,Summer,Sunny,No Occasion,0,368,10.49,137,85,63,83
2035-03-02,Friday,0,Summer,Cloudy,No Occasion,0,280,7.17,134,70,29,47
2035-03-03,Saturday,1,Summer,Cloudy,No Occasion,0,370,10.05,110,109,85,66
2035-03-04,Sunday,1,Summer,Sunny,No Occasion,0,283,5.94,111,104,40,28
2035-03-05,Monday,0,Summer,Sunny,No Occasion,0,329,8.3,63,120,81,65
2035-03-06,Tuesday,0,Summer,Cloudy,No Occasion,0,209,5.77,90,42,31,46
2035-03-07,Wednesday,0,Summer,Rainy,No Occasion,0,226,6.42,82,78,40,26
2035-03-08,Thursday,0,Summer,Rainy,No Occasion,0,220,4.97,65,104,18,33
2035-03-09,Friday,0,Summer,Sunny,No Occasion,0,229,6.14,52,41,95,41
2035-03-10,Saturday,1,Summer,Sunny,No Occasion,0,480,11.39,113,142,122,103
2035-03-11,Sunday,1,Summer,Sunny,No Occasion,0,379,10.51,128,126,75,50
2035-03-12,Monday,0,Summer,Sunny,No Occasion,0,366,9.95,127,120,72,47
2035-03-13,Tuesday,0,Summer,Sunny,No Occasion,0,346,7.05,166,107,46,27
2035-03-14,Wednesday,0,Summer,Sunny,No Occasion,0,343,9.07,104,127,55,57
2035-03-15,Thursday,0,Summer,Sunny,No Occasion,0,351,7.36,26,164,85,76
2035-03-16,Friday,0,Summer,Sunny,No Occasion,0,255,5.7,105,100,43,7
2035-03-17,Saturday,1,Summer,Sunny,Local Event,1,478,10.63,155,103,113,107
2035-03-18,Sunday,1,Summer,Sunny,No Occasion,0,278,5.83,95,98,55,30
2035-03-19,Monday,0,Summer,Sunny,No Occasion,0,256,6.39,85,54,55,62
2035-03-20,Tuesday,0,Summer,Sunny,No Occasion,0,246,6.92,121,69,18,38
2035-03-21,Wednesday,0,Summer,Sunny,Festival,1,573,13.78,132,136,128,177
2035-03-22,Thursday,0,Summer,Sunny,Festival,1,629,13.24,177,120,127,205
2035-03-23,Friday,0,Summer,Cloudy,No Occasion,0,389,9.66,144,149,35,61
2035-03-24,Saturday,1,Summer,Sunny,No Occasion,0,374,10.82,82,78,123,91
2035-03-25,Sunday,1,Summer,Cloudy,No Occasion,0,426,12.27,133,128,117,48
2035-03-26,Monday,0,Summer,Sunny,No Occasion,0,383,11.34,116,113,61,93
2035-03-27,Tuesday,0,Summer,Sunny,Festival,1,559,13.39,112,133,66,248
2035-03-28,Wednesday,0,Summer,Cloudy,No Occasion,0,300,8.62,120,89,40,51
2035-03-29,Thursday,0,Summer,Rainy,No Occasion,0,243,7.26,98,62,68,15
2035-03-30,Friday,0,Summer,Rainy,No Occasion,0,219,4.83,97,82,11,29
2035-03-31,Saturday,1,Summer,Cloudy,No Occasion,0,386,9.5,112,113,128,33
2035-04-01,Sunday,1,Summer,Sunny,Festival,1,752,19.67,113,184,201,254
2035-04-02,Monday,0,Summer,Sunny,Festival,1,601,14.35,139,191,109,162
2035-04-03,Tuesday,0,Summer,Sunny,No Occasion,0,403,11.24,68,170,88,77
2035-04-04,Wednesday,0,Summer,Sunny,No Occasion,0,262,7.83,74,66,60,62
2035-04-05,Thursday,0,Summer,Sunny,No Occasion,0,240,6.57,77,70,50,43
2035-04-06,Friday,0,Summer,Cloudy,No Occasion,0,231,4.69,63,66,28,74
2035-04-07,Saturday,1,Summer,Sunny,No Occasion,0,369,8.14,111,100,79,79
2035-04-08,Sunday,1,Summer,Cloudy,No Occasion,0,376,9.65,130,132,55,59
2035-04-09,Monday,0,Summer,Cloudy,No Occasion,0,390,11.63,106,117,60,107
2035-04-10,Tuesday,0,Summer,Rainy,No Occasion,0,226,5.31,51,88,59,28
2035-04-11,Wednesday,0,Summer,Cloudy,Festival,0,441,10.86,95,143,89,114
2035-04-12,Thursday,0,Summer,Sunny,No Occasion,0,384,9.61,130,103,102,49
2035-04-13,Friday,0,Summer,Sunny,No Occasion,0,257,6.33,78,75,37,67
2035-04-14,Saturday,1,Summer,Sunny,Local Event,0,372,10.82,130,101,72,69
2035-04-15,Sunday,1,Summer,Sunny,No Occasion,0,431,9.33,147,117,103,64
2035-04-16,Monday,0,Summer,Cloudy,No Occasion,0,249,6.11,86,64,65,34
2035-04-17,Tuesday,0,Summer,Sunny,No Occasion,1,406,9.1,129,81,56,140
2035-04-18,Wednesday,0,Summer,Sunny,No Occasion,0,359,8.92,189,70,35,65
2035-04-19,Thursday,0,Summer,Sunny,No Occasion,0,380,9.86,134,89,78,79
2035-04-20,Friday,0,Summer,Sunny,No Occasion,0,308,8.18,95,99,32,82
2035-04-21,Saturday,1,Summer,Sunny,No Occasion,0,441,9.38,144,118,124,55
2035-04-22,Sunday,1,Summer,Cloudy,No Occasion,0,374,9.34,165,95,67,47
2035-04-23,Monday,0,Summer,Cloudy,No Occasion,0,372,8.04,118,81,61,112
2035-04-24,Tuesday,0,Summer,Cloudy,No Occasion,0,234,6.35,60,87,25,62
2035-04-25,Wednesday,0,Summer,Sunny,No Occasion,0,358,10.41,160,91,98,9
2035-04-26,Thursday,0,Summer,Cloudy,Festival,1,673,18.82,123,175,150,225
2035-04-27,Friday,0,Summer,Cloudy,No Occasion,0,343,9.46,94,93,98,58
2035-04-28,Saturday,1,Summer,Rainy,No Occasion,0,361,9.78,141,135,73,12
2035-04-29,Sunday,1,Summer,Cloudy,Festival,1,733,16.74,208,133,222,170
2035-04-30,Monday,0,Summer,Sunny,No Occasion,1,445,13.27,152,142,56,95
2035-05-01,Tuesday,0,Summer,Sunny,No Occasion,0,214,6.38,78,59,31,46
2035-05-02,Wednesday,0,Summer,Sunny,No Occasion,0,323,8.82,82,90,114,37
2035-05-03,Thursday,0,Summer,Sunny,No Occasion,0,323,6.8,97,114,51,61
2035-05-04,Friday,0,Summer,Sunny,No Occasion,0,355,10.12,81,133,51,90
2035-05-05,Saturday,1,Summer,Sunny,No Occasion,0,423,9.02,91,164,98,70
2035-05-06,Sunday,1,Summer,Cloudy,No Occasion,0,455,11.5,167,105,117,66
2035-05-07,Monday,0,Summer,Rainy,Local Event,1,312,7.72,124,113,32,43
2035-05-08,Tuesday,0,Summer,Cloudy,No Occasion,0,232,4.78,73,76,39,44
2035-05-09,Wednesday,0,Summer,Cloudy,No Occasion,0,303,7.53,100,105,44,54
2035-05-10,Thursday,0,Summer,Sunny,No Occasion,0,218,5.74,67,90,36,25
2035-05-11,Friday,0,Summer,Sunny,No Occasion,0,312,6.29,100,73,65,74
2035-05-12,Saturday,1,Summer,Sunny,No Occasion,0,456,12.06,191,132,88,45
2035-05-13,Sunday,1,Summer,Cloudy,No Occasion,0,435,10.03,155,170,54,56
2035-05-14,Monday,0,Summer,Cloudy,No Occasion,0,294,7.37,70,101,67,56
2035-05-15,Tuesday,0,Summer,Sunny,No Occasion,0,342,8.83,132,113,38,59
2035-05-16,Wednesday,0,Summer,Sunny,Festival,1,647,17.84,129,161,126,231
2035-05-17,Thursday,0,Summer,Cloudy,Festival,1,599,15.78,99,167,106,227
2035-05-18,Friday,0,Summer,Sunny,No Occasion,1,373,9.35,89,125,66,93
2035-05-19,Saturday,1,Summer,Sunny,No Occasion,0,455,12.97,200,113,92,50
2035-05-20,Sunday,1,Summer,Cloudy,No Occasion,0,436,12.98,186,96,116,38
2035-05-21,Monday,0,Summer,Cloudy,Festival,1,592,12.2,87,148,151,206
2035-05-22,Tuesday,0,Summer,Sunny,Festival,1,596,15.14,74,133,195,194
2035-05-23,Wednesday,0,Summer,Sunny,Festival,1,599,13.23,178,139,68,214
2035-05-24,Thursday,0,Summer,Rainy,No Occasion,0,220,4.5,63,104,51,2
2035-05-25,Friday,0,Summer,Sunny,No Occasion,0,316,8.49,74,132,60,50
2035-05-26,Saturday,1,Summer,Sunny,No Occasion,0,357,9.01,97,70,96,94
2035-05-27,Sunday,1,Summer,Cloudy,No Occasion,0,491,11.92,179,153,56,103
2035-05-28,Monday,0,Summer,Cloudy,Local Event,0,320,7.09,88,65,104,63
2035-05-29,Tuesday,0,Summer,Sunny,No Occasion,0,299,7.66,77,97,71,54
2035-05-30,Wednesday,0,Summer,Sunny,No Occasion,0,395,8.58,133,154,42,66
2035-05-31,Thursday,0,Summer,Sunny,No Occasion,0,258,7.6,74,71,47,66
2035-06-01,Friday,0,Monsoon,Cloudy,No Occasion,0,296,8.78,143,71,31,51
2035-06-02,Saturday,1,Monsoon,Heavy Rain,No Occasion,0,207,5.03,45,79,44,39
2035-06-03,Sunday,1,Monsoon,Heavy Rain,No Occasion,1,306,8.92,95,88,70,53
2035-06-04,Monday,0,Monsoon,Sunny,No Occasion,0,419,11.38,94,116,95,114
2035-06-05,Tuesday,0,Monsoon,Rainy,No Occasion,0,287,8.36,107,125,46,9
2035-06-06,Wednesday,0,Monsoon,Cloudy,No Occasion,0,268,6.02,80,84,68,36
2035-06-07,Thursday,0,Monsoon,Rainy,No Occasion,0,276,7.95,52,152,59,13
2035-06-08,Friday,0,Monsoon,Cloudy,No Occasion,0,189,4.69,54,50,40,45
2035-06-09,Saturday,1,Monsoon,Rainy,No Occasion,0,366,10.51,149,108,101,8
2035-06-10,Sunday,1,Monsoon,Rainy,No Occasion,0,316,7.99,127,103,58,28
2035-06-11,Monday,0,Monsoon,Cloudy,No Occasion,0,325,8.09,95,62,87,81
2035-06-12,Tuesday,0,Monsoon,Sunny,No Occasion,0,214,4.48,89,67,14,44
2035-06-13,Wednesday,0,Monsoon,Rainy,No Occasion,0,163,3.48,45,62,38,18
2035-06-14,Thursday,0,Monsoon,Sunny,No Occasion,1,403,10.46,119,83,59,142
2035-06-15,Friday,0,Monsoon,Heavy Rain,No Occasion,0,182,4.83,50,63,62,7
2035-06-16,Saturday,1,Monsoon,Sunny,No Occasion,0,462,10.67,163,144,69,86
2035-06-17,Sunday,1,Monsoon,Cloudy,No Occasion,0,297,6.19,93,57,65,82
2035-06-18,Monday,0,Monsoon,Heavy Rain,No Occasion,0,142,3.11,26,63,36,17
2035-06-19,Tuesday,0,Monsoon,Rainy,No Occasion,0,191,5.3,56,52,33,50
2035-06-20,Wednesday,0,Monsoon,Rainy,Festival,1,384,10.76,105,97,61,121
2035-06-21,Thursday,0,Monsoon,Sunny,No Occasion,0,389,9.25,80,105,84,120
2035-06-22,Friday,0,Monsoon,Heavy Rain,No Occasion,0,111,3.15,25,49,20,17
2035-06-23,Saturday,1,Monsoon,Rainy,No Occasion,0,332,7.46,108,95,61,68
2035-06-24,Sunday,1,Monsoon,Cloudy,No Occasion,0,456,12.79,180,138,43,95
2035-06-25,Monday,0,Monsoon,Cloudy,No Occasion,0,300,7.27,109,89,56,46
2035-06-26,Tuesday,0,Monsoon,Cloudy,No Occasion,0,380,10.36,145,94,61,80
2035-06-27,Wednesday,0,Monsoon,Cloudy,Festival,1,524,13.11,77,91,121,235
2035-06-28,Thursday,0,Monsoon,Heavy Rain,Local Event,0,103,2.72,36,34,24,9
2035-06-29,Friday,0,Monsoon,Rainy,No Occasion,0,298,8.4,89,104,77,28
2035-06-30,Saturday,1,Monsoon,Heavy Rain,No Occasion,0,300,6.82,73,96,89,42
2035-07-01,Sunday,1,Monsoon,Cloudy,No Occasion,0,308,7.52,150,46,83,29
2035-07-02,Monday,0,Monsoon,Cloudy,Local Event,0,353,7.5,89,127,66,71
2035-07-03,Tuesday,0,Monsoon,Sunny,No Occasion,1,409,12.07,118,118,64,109
2035-07-04,Wednesday,0,Monsoon,Sunny,Local Event,0,332,8.17,75,76,120,61
2035-07-05,Thursday,0,Monsoon,Heavy Rain,Festival,1,322,8.97,86,63,102,71
2035-07-06,Friday,0,Monsoon,Cloudy,No Occasion,0,192,4.98,35,71,61,25
2035-07-07,Saturday,1,Monsoon,Rainy,No Occasion,0,352,9.6,89,140,67,56
2035-07-08,Sunday,1,Monsoon,Rainy,Festival,0,606,14.63,206,113,157,130
2035-07-09,Monday,0,Monsoon,Cloudy,No Occasion,0,264,6.79,89,52,93,30
2035-07-10,Tuesday,0,Monsoon,Rainy,No Occasion,1,298,6.38,59,95,87,57
2035-07-11,Wednesday,0,Monsoon,Heavy Rain,Festival,0,242,5.09,54,76,70,42
2035-07-12,Thursday,0,Monsoon,Rainy,No Occasion,0,229,5.48,50,61,76,42
2035-07-13,Friday,0,Monsoon,Heavy Rain,No Occasion,1,171,4.67,58,57,28,28
2035-07-14,Saturday,1,Monsoon,Heavy Rain,Festival,1,302,6.47,67,74,113,48
2035-07-15,Sunday,1,Monsoon,Heavy Rain,No Occasion,0,212,5.7,81,71,48,12
2035-07-16,Monday,0,Monsoon,Rainy,No Occasion,0,324,9.09,140,105,56,23
2035-07-17,Tuesday,0,Monsoon,Rainy,No Occasion,0,241,6.96,77,62,79,23
2035-07-18,Wednesday,0,Monsoon,Sunny,No Occasion,0,314,7.85,79,114,90,31
2035-07-19,Thursday,0,Monsoon,Heavy Rain,Festival,1,422,11.65,99,125,92,106
2035-07-20,Friday,0,Monsoon,Rainy,No Occasion,0,215,5.14,73,83,34,25
2035-07-21,Saturday,1,Monsoon,Rainy,No Occasion,1,316,6.43,86,144,53,33
2035-07-22,Sunday,1,Monsoon,Rainy,No Occasion,0,343,10.12,101,145,79,18
2035-07-23,Monday,0,Monsoon,Rainy,No Occasion,0,210,5.67,70,62,50,28
2035-07-24,Tuesday,0,Monsoon,Sunny,No Occasion,0,324,8.97,114,118,62,30
2035-07-25,Wednesday,0,Monsoon,Sunny,No Occasion,0,267,7.49,63,104,24,76
2035-07-26,Thursday,0,Monsoon,Rainy,Festival,1,455,9.55,113,137,90,115
2035-07-27,Friday,0,Monsoon,Rainy,No Occasion,0,312,7.62,105,127,52,28
2035-07-28,Saturday,1,Monsoon,Cloudy,No Occasion,0,324,6.88,108,29,115,72
2035-07-29,Sunday,1,Monsoon,Cloudy,No Occasion,0,428,11.65,162,82,116,68
2035-07-30,Monday,0,Monsoon,Rainy,No Occasion,0,232,6.38,60,111,46,15
2035-07-31,Tuesday,0,Monsoon,Cloudy,Festival,1,521,14.48,147,72,112,190
2035-08-01,Wednesday,0,Monsoon,Heavy Rain,No Occasion,0,223,4.92,73,70,38,42
2035-08-02,Thursday,0,Monsoon,Rainy,Festival,1,320,7.27,54,84,90,92
2035-08-03,Friday,0,Monsoon,Rainy,No Occasion,0,326,9.65,58,124,131,13
2035-08-04,Saturday,1,Monsoon,Sunny,Festival,1,662,14.61,226,42,132,262
2035-08-05,Sunday,1,Monsoon,Rainy,Festival,0,519,14.82,95,182,142,100
2035-08-06,Monday,0,Monsoon,Rainy,No Occasion,0,252,5.69,87,69,49,47
2035-08-07,Tuesday,0,Monsoon,Cloudy,No Occasion,0,312,7.36,97,86,80,49
2035-08-08,Wednesday,0,Monsoon,Rainy,Festival,1,298,6.57,50,81,89,78
2035-08-09,Thursday,0,Monsoon,Cloudy,Festival,0,490,11.6,116,93,98,183
2035-08-10,Friday,0,Monsoon,Sunny,Local Event,0,223,5.7,70,52,53,48
2035-08-11,Saturday,1,Monsoon,Rainy,No Occasion,0,408,10.22,133,114,119,42
2035-08-12,Sunday,1,Monsoon,Rainy,Local Event,1,345,8.16,95,128,77,45
2035-08-13,Monday,0,Monsoon,Cloudy,No Occasion,0,323,9.06,91,118,50,64
2035-08-14,Tuesday,0,Monsoon,Rainy,Local Event,0,290,6.8,76,81,85,48
2035-08-15,Wednesday,0,Monsoon,Heavy Rain,No Occasion,0,144,3.29,27,70,37,10
2035-08-16,Thursday,0,Monsoon,Cloudy,No Occasion,0,377,8.03,71,111,84,111
2035-08-17,Friday,0,Monsoon,Rainy,No Occasion,0,275,7.36,103,88,68,16
2035-08-18,Saturday,1,Monsoon,Sunny,No Occasion,0,409,10.96,49,140,129,91
2035-08-19,Sunday,1,Monsoon,Sunny,No Occasion,0,409,9.78,150,125,77,57
2035-08-20,Monday,0,Monsoon,Cloudy,No Occasion,0,322,9.58,117,45,99,61
2035-08-21,Tuesday,0,Monsoon,Rainy,No Occasion,0,247,5.6,98,31,88,30
2035-08-22,Wednesday,0,Monsoon,Rainy,No Occasion,0,253,5.65,68,108,63,14
2035-08-23,Thursday,0,Monsoon,Cloudy,Local Event,0,311,6.47,118,88,35,70
2035-08-24,Friday,0,Monsoon,Rainy,No Occasion,0,223,5.83,78,91,35,19
2035-08-25,Saturday,1,Monsoon,Rainy,No Occasion,0,396,7.98,115,131,106,44
2035-08-26,Sunday,1,Monsoon,Cloudy,Festival,1,692,17.43,123,137,200,232
2035-08-27,Monday,0,Monsoon,Cloudy,No Occasion,0,339,9.52,94,118,89,38
2035-08-28,Tuesday,0,Monsoon,Heavy Rain,No Occasion,0,80,2.25,41,20,13,6
2035-08-29,Wednesday,0,Monsoon,Heavy Rain,No Occasion,1,160,3.63,49,48,35,28
2035-08-30,Thursday,0,Monsoon,Cloudy,Festival,0,496,12.74,110,84,156,146
2035-08-31,Friday,0,Monsoon,Heavy Rain,Festival,1,270,6.11,76,69,57,68
2035-09-01,Saturday,1,Monsoon,Heavy Rain,No Occasion,0,296,8.0,81,79,110,26
2035-09-02,Sunday,1,Monsoon,Heavy Rain,No Occasion,1,296,8.0,70,85,66,75
2035-09-03,Monday,0,Monsoon,Heavy Rain,Local Event,1,243,6.01,74,74,61,34
2035-09-04,Tuesday,0,Monsoon,Heavy Rain,No Occasion,1,177,3.98,76,44,31,26
2035-09-05,Wednesday,0,Monsoon,Heavy Rain,No Occasion,1,209,5.67,66,52,49,42
2035-09-06,Thursday,0,Monsoon,Rainy,No Occasion,0,214,6.13,63,75,44,32
2035-09-07,Friday,0,Monsoon,Rainy,No Occasion,0,311,6.99,78,155,61,17
2035-09-08,Saturday,1,Monsoon,Sunny,No Occasion,0,359,9.03,129,68,76,86
2035-09-09,Sunday,1,Monsoon,Cloudy,Festival,1,610,16.9,158,125,174,153
2035-09-10,Monday,0,Monsoon,Heavy Rain,No Occasion,0,233,5.6,72,60,56,45
2035-09-11,Tuesday,0,Monsoon,Heavy Rain,No Occasion,0,130,3.44,48,28,50,4
2035-09-12,Wednesday,0,Monsoon,Rainy,No Occasion,0,250,6.6,76,89,53,32
2035-09-13,Thursday,0,Monsoon,Rainy,No Occasion,0,344,7.73,112,162,54,16
2035-09-14,Friday,0,Monsoon,Rainy,No Occasion,0,224,6.52,102,54,48,20
2035-09-15,Saturday,1,Monsoon,Rainy,Festival,0,471,9.59,129,120,123,99
2035-09-16,Sunday,1,Monsoon,Sunny,No Occasion,1,482,12.91,235,104,36,107
2035-09-17,Monday,0,Monsoon,Rainy,No Occasion,0,251,5.43,93,99,45,14
2035-09-18,Tuesday,0,Monsoon,Heavy Rain,Local Event,0,126,2.92,36,42,47,1
2035-09-19,Wednesday,0,Monsoon,Cloudy,Festival,1,575,15.69,169,102,119,185
2035-09-20,Thursday,0,Monsoon,Rainy,No Occasion,0,249,6.5,85,91,53,20
2035-09-21,Friday,0,Monsoon,Rainy,No Occasion,1,234,6.69,59,83,31,61
2035-09-22,Saturday,1,Monsoon,Rainy,No Occasion,0,297,7.67,106,138,40,13
2035-09-23,Sunday,1,Monsoon,Rainy,No Occasion,0,324,8.74,110,106,84,24
2035-09-24,Monday,0,Monsoon,Rainy,Local Event,0,219,6.44,65,100,29,25
2035-09-25,Tuesday,0,Monsoon,Rainy,No Occasion,0,312,6.62,112,96,61,43
2035-09-26,Wednesday,0,Monsoon,Rainy,No Occasion,0,244,6.16,92,101,30,21
2035-09-27,Thursday,0,Monsoon,Rainy,No Occasion,0,176,4.43,68,59,38,11
2035-09-28,Friday,0,Monsoon,Rainy,No Occasion,0,161,4.18,67,59,27,8
2035-09-29,Saturday,1,Monsoon,Rainy,No Occasion,0,470,11.85,153,153,124,40
2035-09-30,Sunday,1,Monsoon,Sunny,No Occasion,0,443,11.45,133,182,98,30
2035-10-01,Monday,0,Autumn,Sunny,No Occasion,0,366,9.96,132,101,87,46
2035-10-02,Tuesday,0,Autumn,Cloudy,No Occasion,0,257,7.44,98,44,49,66
2035-10-03,Wednesday,0,Autumn,Cloudy,No Occasion,0,328,8.15,104,134,62,28
2035-10-04,Thursday,0,Autumn,Sunny,No Occasion,0,236,4.93,89,79,26,42
2035-10-05,Friday,0,Autumn,Rainy,No Occasion,0,201,4.99,94,47,53,7
2035-10-06,Saturday,1,Autumn,Sunny,No Occasion,1,525,11.07,164,137,134,90
2035-10-07,Sunday,1,Autumn,Sunny,No Occasion,0,462,11.76,142,80,113,127
2035-10-08,Monday,0,Autumn,Cloudy,Festival,0,406,8.96,131,29,118,128
2035-10-09,Tuesday,0,Autumn,Sunny,Festival,1,507,12.39,110,70,93,234
2035-10-10,Wednesday,0,Autumn,Sunny,No Occasion,0,382,8.89,79,58,118,127
2035-10-11,Thursday,0,Autumn,Sunny,No Occasion,0,353,8.03,137,86,79,51
2035-10-12,Friday,0,Autumn,Rainy,No Occasion,0,232,6.12,55,97,71,9
2035-10-13,Saturday,1,Autumn,Sunny,Festival,1,736,18.01,169,105,197,265
2035-10-14,Sunday,1,Autumn,Cloudy,No Occasion,0,323,8.35,112,65,90,56
2035-10-15,Monday,0,Autumn,Cloudy,No Occasion,0,253,5.38,95,88,33,37
2035-10-16,Tuesday,0,Autumn,Sunny,No Occasion,0,327,7.44,170,95,14,48
2035-10-17,Wednesday,0,Autumn,Sunny,No Occasion,0,367,7.74,128,76,70,93
2035-10-18,Thursday,0,Autumn,Sunny,No Occasion,0,346,7.8,113,92,70,71
2035-10-19,Friday,0,Autumn,Cloudy,No Occasion,0,308,8.09,81,108,65,54
2035-10-20,Saturday,1,Autumn,Sunny,Local Event,0,304,8.49,152,70,66,16
2035-10-21,Sunday,1,Autumn,Sunny,No Occasion,0,429,10.66,157,75,161,36
2035-10-22,Monday,0,Autumn,Sunny,No Occasion,0,345,9.13,140,97,34,74
2035-10-23,Tuesday,0,Autumn,Sunny,No Occasion,0,372,9.2,130,76,94,72
2035-10-24,Wednesday,0,Autumn,Sunny,No Occasion,0,264,7.29,101,52,35,76
2035-10-25,Thursday,0,Autumn,Cloudy,Festival,1,567,13.52,130,126,128,183
2035-10-26,Friday,0,Autumn,Cloudy,No Occasion,0,367,9.42,144,126,73,24
2035-10-27,Saturday,1,Autumn,Cloudy,No Occasion,0,294,8.72,111,66,91,26
2035-10-28,Sunday,1,Autumn,Cloudy,No Occasion,0,314,7.04,126,60,101,27
2035-10-29,Monday,0,Autumn,Sunny,Local Event,1,493,14.16,83,112,111,187
2035-10-30,Tuesday,0,Autumn,Sunny,No Occasion,0,267,6.7,92,78,68,29
2035-10-31,Wednesday,0,Autumn,Sunny,No Occasion,0,375,8.19,125,126,68,56
2035-11-01,Thursday,0,Autumn,Rainy,No Occasion,0,299,6.76,80,111,70,38
2035-11-02,Friday,0,Autumn,Cloudy,Festival,1,613,16.21,164,157,131,161
2035-11-03,Saturday,1,Autumn,Sunny,No Occasion,0,476,14.18,176,211,77,12
2035-11-04,Sunday,1,Autumn,Sunny,No Occasion,0,428,12.49,155,98,87,88
2035-11-05,Monday,0,Autumn,Sunny,No Occasion,0,276,8.12,124,78,33,41
2035-11-06,Tuesday,0,Autumn,Sunny,No Occasion,0,282,8.3,94,118,66,4
2035-11-07,Wednesday,0,Autumn,Sunny,Festival,1,693,14.09,154,152,169,218
2035-11-08,Thursday,0,Autumn,Cloudy,No Occasion,0,354,9.91,154,76,64,60
2035-11-09,Friday,0,Autumn,Sunny,No Occasion,0,300,7.3,59,109,53,79
2035-11-10,Saturday,1,Autumn,Cloudy,Local Event,0,416,9.32,151,91,73,101
2035-11-11,Sunday,1,Autumn,Cloudy,No Occasion,0,379,10.21,142,111,89,37
2035-11-12,Monday,0,Autumn,Sunny,No Occasion,0,308,7.88,112,43,62,91
2035-11-13,Tuesday,0,Autumn,Sunny,Festival,1,650,15.42,151,95,184,220
2035-11-14,Wednesday,0,Autumn,Cloudy,No Occasion,0,348,9.16,121,78,49,100
2035-11-15,Thursday,0,Autumn,Cloudy,No Occasion,0,290,8.4,110,79,57,44
2035-11-16,Friday,0,Autumn,Cloudy,No Occasion,0,213,5.13,76,57,49,31
2035-11-17,Saturday,1,Autumn,Cloudy,No Occasion,0,379,9.36,124,114,74,67
2035-11-18,Sunday,1,Autumn,Rainy,No Occasion,0,295,6.26,108,115,69,3
2035-11-19,Monday,0,Autumn,Sunny,No Occasion,0,314,8.92,102,105,50,57
2035-11-20,Tuesday,0,Autumn,Rainy,No Occasion,0,210,4.98,101,58,29,22
2035-11-21,Wednesday,0,Autumn,Sunny,No Occasion,0,391,9.12,179,103,84,25
2035-11-22,Thursday,0,Autumn,Cloudy,Festival,1,588,13.2,164,171,85,168
2035-11-23,Friday,0,Autumn,Rainy,No Occasion,0,231,6.84,82,72,70,7
2035-11-24,Saturday,1,Autumn,Cloudy,Festival,1,718,15.46,202,92,193,231
2035-11-25,Sunday,1,Autumn,Rainy,No Occasion,0,269,6.54,131,77,56,5
2035-11-26,Monday,0,Autumn,Sunny,No Occasion,0,342,7.33,105,101,62,74
2035-11-27,Tuesday,0,Autumn,Sunny,No Occasion,0,270,6.48,71,87,49,63
2035-11-28,Wednesday,0,Autumn,Sunny,No Occasion,0,204,5.79,66,63,24,51
2035-11-29,Thursday,0,Autumn,Cloudy,No Occasion,0,327,8.17,91,95,52,89
2035-11-30,Friday,0,Autumn,Sunny,No Occasion,0,273,6.04,106,48,59,60
2035-12-01,Saturday,1,Winter,Rainy,No Occasion,0,322,8.63,132,92,49,49
2035-12-02,Sunday,1,Winter,Cold,No Occasion,1,548,14.54,127,59,129,233
2035-12-03,Monday,0,Winter,Sunny,No Occasion,0,276,5.76,77,53,48,98
2035-12-04,Tuesday,0,Winter,Cold,No Occasion,0,259,6.16,84,36,60,79
2035-12-05,Wednesday,0,Winter,Cold,No Occasion,0,332,9.49,117,90,17,108
2035-12-06,Thursday,0,Winter,Cold,No Occasion,0,337,7.06,101,76,89,71
2035-12-07,Friday,0,Winter,Foggy,No Occasion,0,323,7.43,101,70,61,91
2035-12-08,Saturday,1,Winter,Foggy,Festival,1,620,16.45,167,132,105,216
2035-12-09,Sunday,1,Winter,Sunny,Festival,0,601,16.25,105,129,152,215
2035-12-10,Monday,0,Winter,Cold,No Occasion,0,317,8.68,86,70,38,123
2035-12-11,Tuesday,0,Winter,Cold,No Occasion,0,398,11.52,179,72,66,81
2035-12-12,Wednesday,0,Winter,Cold,No Occasion,0,357,9.6,111,108,48,90
2035-12-13,Thursday,0,Winter,Foggy,Festival,1,668,17.5,99,133,140,296
2035-12-14,Friday,0,Winter,Cold,Local Event,1,437,9.35,117,86,50,184
2035-12-15,Saturday,1,Winter,Cold,No Occasion,0,435,11.81,130,85,82,138
2035-12-16,Sunday,1,Winter,Foggy,No Occasion,0,412,10.5,128,132,54,98
2035-12-17,Monday,0,Winter,Sunny,Festival,0,498,14.43,118,129,149,102
2035-12-18,Tuesday,0,Winter,Sunny,No Occasion,0,219,5.38,119,61,14,25
2035-12-19,Wednesday,0,Winter,Cold,Festival,1,568,17.03,109,123,115,221
2035-12-20,Thursday,0,Winter,Sunny,No Occasion,0,237,6.7,103,76,36,22
2035-12-21,Friday,0,Winter,Cold,Festival,1,528,12.17,104,80,96,248
2035-12-22,Saturday,1,Winter,Rainy,Festival,1,431,12.0,129,84,114,104
2035-12-23,Sunday,1,Winter,Sunny,No Occasion,0,447,9.08,122,119,114,92
2035-12-24,Monday,0,Winter,Foggy,No Occasion,0,297,8.6,92,132,40,33
2035-12-25,Tuesday,0,Winter,Foggy,No Occasion,0,326,7.83,110,76,80,60
2035-12-26,Wednesday,0,Winter,Sunny,No Occasion,0,395,11.69,117,176,25,77
2035-12-27,Thursday,0,Winter,Cold,No Occasion,0,346,9.17,131,120,39,56
2035-12-28,Friday,0,Winter,Sunny,No Occasion,0,364,9.75,233,97,21,13
2035-12-29,Saturday,1,Winter,Cold,No Occasion,0,420,10.2,97,108,92,123
2035-12-30,Sunday,1,Winter,Sunny,No Occasion,0,333,7.87,90,49,89,105
2035-12-31,Monday,0,Winter,Sunny,No Occasion,0,376,7.89,70,133,49,124
2036-01-01,Tuesday,0,Winter,Rainy,Local Event,1,257,7.08,79,93,11,74
2036-01-02,Wednesday,0,Winter,Sunny,No Occasion,1,318,7.37,55,57,55,151
2036-01-03,Thursday,0,Winter,Sunny,No Occasion,0,393,9.17,188,63,100,42
2036-01-04,Friday,0,Winter,Cold,Festival,0,422,11.77,89,79,68,186
2036-01-05,Saturday,1,Winter,Foggy,No Occasion,0,277,5.74,94,66,40,77
2036-01-06,Sunday,1,Winter,Sunny,No Occasion,0,402,10.78,131,116,91,64
2036-01-07,Monday,0,Winter,Cold,No Occasion,0,272,5.71,87,36,69,80
2036-01-08,Tuesday,0,Winter,Sunny,No Occasion,1,364,8.61,100,111,78,75
2036-01-09,Wednesday,0,Winter,Sunny,No Occasion,0,340,8.14,72,82,77,109
2036-01-10,Thursday,0,Winter,Rainy,No Occasion,0,302,8.24,53,146,62,41
2036-01-11,Friday,0,Winter,Cold,Festival,1,640,15.93,119,140,99,282
2036-01-12,Saturday,1,Winter,Cold,No Occasion,0,458,11.06,149,86,64,159
2036-01-13,Sunday,1,Winter,Foggy,No Occasion,0,407,11.11,130,96,116,65
2036-01-14,Monday,0,Winter,Cold,Local Event,1,440,10.62,108,79,106,147
2036-01-15,Tuesday,0,Winter,Rainy,No Occasion,0,239,6.92,68,82,77,12
2036-01-16,Wednesday,0,Winter,Sunny,Festival,1,581,16.56,108,30,141,302
2036-01-17,Thursday,0,Winter,Cold,No Occasion,0,271,7.75,83,47,41,100
2036-01-18,Friday,0,Winter,Rainy,No Occasion,0,299,7.42,99,100,75,25
2036-01-19,Saturday,1,Winter,Cold,Festival,1,570,11.54,89,77,146,258
2036-01-20,Sunday,1,Winter,Foggy,Local Event,1,417,11.97,137,66,87,127
2036-01-21,Monday,0,Winter,Cold,No Occasion,0,287,7.65,64,65,72,86
2036-01-22,Tuesday,0,Winter,Cold,No Occasion,0,185,4.49,50,30,17,88
2036-01-23,Wednesday,0,Winter,Cold,No Occasion,0,320,9.56,128,57,46,89
2036-01-24,Thursday,0,Winter,Cold,No Occasion,0,355,7.79,171,82,6,96
2036-01-25,Friday,0,Winter,Foggy,No Occasion,0,318,7.92,102,58,77,81
2036-01-26,Saturday,1,Winter,Sunny,Festival,1,699,17.63,181,94,195,229
2036-01-27,Sunday,1,Winter,Cold,No Occasion,0,390,9.15,133,103,49,105
2036-01-28,Monday,0,Winter,Foggy,Local Event,0,307,7.04,128,71,66,42
2036-01-29,Tuesday,0,Winter,Cold,No Occasion,0,305,6.47,75,95,35,100
2036-01-30,Wednesday,0,Winter,Sunny,No Occasion,0,269,6.34,64,56,73,76
2036-01-31,Thursday,0,Winter,Foggy,No Occasion,1,366,8.89,98,94,61,113
2036-02-01,Friday,0,Winter,Cold,No Occasion,0,378,9.0,124,73,68,113
2036-02-02,Saturday,1,Winter,Sunny,No Occasion,0,392,9.32,114,38,135,105
2036-02-03,Sunday,1,Winter,Foggy,No Occasion,0,398,8.38,121,73,103,101
2036-02-04,Monday,0,Winter,Sunny,No Occasion,0,365,10.81,151,94,52,68
2036-02-05,Tuesday,0,Winter,Cold,No Occasion,0,306,6.75,73,82,66,85
2036-02-06,Wednesday,0,Winter,Cold,No Occasion,0,341,9.04,75,74,40,152
2036-02-07,Thursday,0,Winter,Sunny,No Occasion,0,178,4.96,66,45,22,45
2036-02-08,Friday,0,Winter,Rainy,No Occasion,0,317,8.26,117,105,39,56
2036-02-09,Saturday,1,Winter,Cold,Festival,1,748,19.55,213,18,167,350
2036-02-10,Sunday,1,Winter,Cold,No Occasion,0,416,10.02,137,43,102,134
2036-02-11,Monday,0,Winter,Cold,No Occasion,1,483,12.17,134,125,41,183
2036-02-12,Tuesday,0,Winter,Foggy,No Occasion,0,227,5.19,67,46,67,47
2036-02-13,Wednesday,0,Winter,Rainy,No Occasion,0,220,4.42,75,96,18,31
2036-02-14,Thursday,0,Winter,Foggy,No Occasion,0,276,6.26,142,37,29,68
2036-02-15,Friday,0,Winter,Cold,Festival,0,465,10.41,135,43,123,164
2036-02-16,Saturday,1,Winter,Sunny,No Occasion,0,425,9.9,115,125,74,111
2036-02-17,Sunday,1,Winter,Cold,No Occasion,0,401,8.65,130,101,91,79
2036-02-18,Monday,0,Winter,Cold,No Occasion,0,344,9.7,36,54,152,102
2036-02-19,Tuesday,0,Winter,Foggy,No Occasion,0,231,6.58,53,92,25,61
2036-02-20,Wednesday,0,Winter,Rainy,Festival,1,373,9.92,46,82,88,157
2036-02-21,Thursday,0,Winter,Foggy,No Occasion,0,298,6.04,86,103,33,76
2036-02-22,Friday,0,Winter,Cold,No Occasion,0,283,7.68,57,46,52,128
2036-02-23,Saturday,1,Winter,Cold,No Occasion,0,381,9.3,153,34,108,86
2036-02-24,Sunday,1,Winter,Cold,No Occasion,0,340,7.56,79,101,82,78
2036-02-25,Monday,0,Winter,Rainy,Festival,1,280,6.21,66,45,76,93
2036-02-26,Tuesday,0,Winter,Cold,No Occasion,0,289,6.72,71,98,29,91
2036-02-27,Wednesday,0,Winter,Cold,No Occasion,0,255,7.02,94,56,43,62
2036-02-28,Thursday,0,Winter,Cold,Festival,1,605,16.35,118,143,94,250
2036-02-29,Friday,0,Winter,Foggy,Local Event,0,320,6.8,107,52,94,67
2036-03-01,Saturday,1,Summer,Sunny,No Occasion,0,460,11.57,154,157,105,44
2036-03-02,Sunday,1,Summer,Sunny,No Occasion,0,407,10.51,124,141,51,91
2036-03-03,Monday,0,Summer,Sunny,Local Event,1,379,7.64,98,106,95,80
2036-03-04,Tuesday,0,Summer,Sunny,No Occasion,0,256,6.97,66,105,58,27
2036-03-05,Wednesday,0,Summer,Sunny,No Occasion,0,269,5.81,52,90,59,68
2036-03-06,Thursday,0,Summer,Cloudy,Festival,1,638,18.39,195,149,131,163
2036-03-07,Friday,0,Summer,Sunny,No Occasion,0,282,7.71,85,119,35,43
2036-03-08,Saturday,1,Summer,Cloudy,No Occasion,0,415,8.49,167,73,113,62
2036-03-09,Sunday,1,Summer,Cloudy,No Occasion,0,433,8.84,108,103,141,81
2036-03-10,Monday,0,Summer,Sunny,No Occasion,0,357,8.49,90,143,55,69
2036-03-11,Tuesday,0,Summer,Rainy,No Occasion,0,239,5.16,64,127,38,10
2036-03-12,Wednesday,0,Summer,Rainy,No Occasion,0,297,6.27,105,120,50,22
2036-03-13,Thursday,0,Summer,Cloudy,No Occasion,0,325,7.51,105,110,67,43
2036-03-14,Friday,0,Summer,Sunny,No Occasion,0,335,8.25,97,99,102,37
2036-03-15,Saturday,1,Summer,Rainy,No Occasion,0,309,8.81,101,108,52,48
2036-03-16,Sunday,1,Summer,Cloudy,No Occasion,0,400,8.53,145,106,65,84
2036-03-17,Monday,0,Summer,Cloudy,No Occasion,0,259,7.72,63,116,62,18
2036-03-18,Tuesday,0,Summer,Sunny,No Occasion,0,312,6.76,119,107,40,46
2036-03-19,Wednesday,0,Summer,Sunny,No Occasion,0,364,9.23,126,104,56,78
2036-03-20,Thursday,0,Summer,Sunny,No Occasion,0,350,7.99,109,100,111,30
2036-03-21,Friday,0,Summer,Cloudy,Festival,1,640,14.52,123,145,125,247
2036-03-22,Saturday,1,Summer,Rainy,No Occasion,0,399,8.46,178,110,75,36
2036-03-23,Sunday,1,Summer,Cloudy,Local Event,1,535,10.93,192,103,160,80
2036-03-24,Monday,0,Summer,Rainy,No Occasion,0,286,6.97,81,120,43,42
2036-03-25,Tuesday,0,Summer,Sunny,No Occasion,0,328,8.94,84,104,75,65
2036-03-26,Wednesday,0,Summer,Sunny,No Occasion,0,302,6.12,72,90,77,63
2036-03-27,Thursday,0,Summer,Sunny,No Occasion,0,231,5.31,94,20,84,33
2036-03-28,Friday,0,Summer,Cloudy,Festival,1,471,9.72,95,142,56,178
2036-03-29,Saturday,1,Summer,Cloudy,No Occasion,0,427,12.62,216,85,87,39
2036-03-30,Sunday,1,Summer,Sunny,No Occasion,0,444,10.6,182,108,33,121
2036-03-31,Monday,0,Summer,Sunny,Local Event,1,426,12.49,109,112,83,122
2036-04-01,Tuesday,0,Summer,Sunny,No Occasion,0,276,7.27,58,110,77,31
2036-04-02,Wednesday,0,Summer,Sunny,No Occasion,0,290,7.45,71,94,117,8
2036-04-03,Thursday,0,Summer,Sunny,No Occasion,0,342,6.88,88,157,89,8
2036-04-04,Friday,0,Summer,Rainy,No Occasion,0,285,8.18,74,102,59,50
2036-04-05,Saturday,1,Summer,Sunny,Local Event,0,350,8.08,164,96,43,47
2036-04-06,Sunday,1,Summer,Sunny,No Occasion,0,354,9.64,159,98,35,62
2036-04-07,Monday,0,Summer,Sunny,No Occasion,0,351,7.47,111,147,81,12
2036-04-08,Tuesday,0,Summer,Rainy,No Occasion,0,147,3.57,36,66,14,31
2036-04-09,Wednesday,0,Summer,Sunny,No Occasion,0,334,8.57,114,111,79,30
2036-04-10,Thursday,0,Summer,Sunny,No Occasion,0,285,6.36,66,104,74,41
2036-04-11,Friday,0,Summer,Cloudy,No Occasion,0,335,7.28,70,103,107,55
2036-04-12,Saturday,1,Summer,Sunny,No Occasion,0,387,8.18,163,119,53,52
2036-04-13,Sunday,1,Summer,Cloudy,No Occasion,0,457,9.89,150,168,117,22
2036-04-14,Monday,0,Summer,Sunny,No Occasion,0,378,10.14,101,131,94,52
2036-04-15,Tuesday,0,Summer,Sunny,Festival,1,658,15.71,193,174,123,168
2036-04-16,Wednesday,0,Summer,Cloudy,No Occasion,0,338,9.09,113,105,70,50
2036-04-17,Thursday,0,Summer,Sunny,No Occasion,0,307,8.53,70,119,97,21
2036-04-18,Friday,0,Summer,Sunny,No Occasion,0,248,5.06,72,82,37,57
2036-04-19,Saturday,1,Summer,Cloudy,No Occasion,0,414,10.0,98,110,88,118
2036-04-20,Sunday,1,Summer,Sunny,No Occasion,0,497,12.55,139,106,148,104
2036-04-21,Monday,0,Summer,Cloudy,No Occasion,0,295,8.64,96,81,60,58
2036-04-22,Tuesday,0,Summer,Sunny,No Occasion,0,378,9.86,119,164,32,63
2036-04-23,Wednesday,0,Summer,Sunny,Festival,1,594,14.45,222,127,102,143
2036-04-24,Thursday,0,Summer,Sunny,No Occasion,0,337,8.52,87,103,66,81
2036-04-25,Friday,0,Summer,Sunny,Local Event,0,357,10.39,37,168,97,55
2036-04-26,Saturday,1,Summer,Cloudy,No Occasion,0,405,8.37,159,103,82,61
2036-04-27,Sunday,1,Summer,Sunny,Festival,0,476,12.92,140,115,102,119
2036-04-28,Monday,0,Summer,Sunny,No Occasion,0,381,9.39,76,100,131,74
2036-04-29,Tuesday,0,Summer,Sunny,No Occasion,0,424,11.29,128,100,106,90
2036-04-30,Wednesday,0,Summer,Sunny,Festival,1,522,14.35,109,93,114,206
2036-05-01,Thursday,0,Summer,Sunny,No Occasion,0,317,6.7,107,101,65,44
2036-05-02,Friday,0,Summer,Cloudy,Festival,1,582,13.26,137,138,117,190
2036-05-03,Saturday,1,Summer,Sunny,No Occasion,0,433,10.81,139,122,103,69
2036-05-04,Sunday,1,Summer,Sunny,No Occasion,0,460,11.74,146,128,149,37
2036-05-05,Monday,0,Summer,Sunny,Local Event,0,312,7.8,87,93,33,99
2036-05-06,Tuesday,0,Summer,Cloudy,No Occasion,0,393,11.4,131,101,100,61
2036-05-07,Wednesday,0,Summer,Sunny,No Occasion,0,243,5.77,38,90,68,47
2036-05-08,Thursday,0,Summer,Sunny,No Occasion,0,292,8.09,98,96,44,54
2036-05-09,Friday,0,Summer,Rainy,No Occasion,0,151,4.24,55,44,23,29
2036-05-10,Saturday,1,Summer,Sunny,No Occasion,0,425,11.47,119,180,82,44
2036-05-11,Sunday,1,Summer,Sunny,No Occasion,0,398,8.26,169,100,86,43
2036-05-12,Monday,0,Summer,Sunny,Local Event,0,333,8.61,89,112,81,51
2036-05-13,Tuesday,0,Summer,Sunny,No Occasion,0,225,4.71,100,72,8,45
2036-05-14,Wednesday,0,Summer,Sunny,No Occasion,0,281,7.43,64,90,54,73
2036-05-15,Thursday,0,Summer,Rainy,No Occasion,0,285,6.94,105,101,71,8
2036-05-16,Friday,0,Summer,Rainy,No Occasion,0,257,6.11,61,98,59,39
2036-05-17,Saturday,1,Summer,Cloudy,No Occasion,0,502,13.11,174,117,132,79
2036-05-18,Sunday,1,Summer,Sunny,No Occasion,0,456,10.86,116,142,133,65
2036-05-19,Monday,0,Summer,Sunny,No Occasion,0,323,6.93,141,69,62,51
2036-05-20,Tuesday,0,Summer,Sunny,No Occasion,0,308,6.72,118,94,65,31
2036-05-21,Wednesday,0,Summer,Sunny,No Occasion,0,254,7.53,62,78,71,43
2036-05-22,Thursday,0,Summer,Sunny,No Occasion,0,369,9.4,96,157,45,71
2036-05-23,Friday,0,Summer,Sunny,No Occasion,0,299,8.48,130,83,62,24
2036-05-24,Saturday,1,Summer,Sunny,No Occasion,0,340,7.46,98,106,82,54
2036-05-25,Sunday,1,Summer,Sunny,No Occasion,0,464,11.19,183,106,76,99
2036-05-26,Monday,0,Summer,Sunny,No Occasion,0,297,6.07,117,95,60,25
2036-05-27,Tuesday,0,Summer,Sunny,No Occasion,0,303,6.32,76,100,55,72
2036-05-28,Wednesday,0,Summer,Sunny,No Occasion,0,231,6.05,81,69,38,43
2036-05-29,Thursday,0,Summer,Sunny,Festival,1,583,12.56,179,87,141,176
2036-05-30,Friday,0,Summer,Sunny,Festival,1,533,13.0,151,158,74,150
2036-05-31,Saturday,1,Summer,Rainy,No Occasion,0,266,6.26,91,71,78,26
2036-06-01,Sunday,1,Monsoon,Rainy,No Occasion,0,431,12.51,189,146,56,40
2036-06-02,Monday,0,Monsoon,Rainy,No Occasion,0,274,7.57,100,101,30,43
2036-06-03,Tuesday,0,Monsoon,Cloudy,Festival,1,553,14.44,120,85,152,196
2036-06-04,Wednesday,0,Monsoon,Rainy,Local Event,1,255,5.51,79,75,51,50
